"Status";"Gas Day Start (status at 6AM  CEST)";"Gas Day End";"Gas in storage (TWh)";"Full (%)";"Trend (%)";"Injection (GWh/d)";"Withdrawal (GWh/d)";"Technical Capacity (TWh)";"Injection capacity (GWh/d)";"Withdrawal capacity (GWh/d)";"Contracted Capacity (TWh)";"Available Capacity (TWh)"
"E";"2026-10-05";"2026-10-06";"824.7478";"72.83";"0.16";"2298.47";"471.1";"1132.3922";"11767.86";"19601.25";"1034.9073";"91.8885"
"E";"2026-10-04";"2026-10-05";"822.9218";"72.67";"0.27";"3297.17";"270.9";"1132.3922";"11767.02";"19600.15";"1046.749";"91.8973"
"E";"2026-10-03";"2026-10-04";"819.9053";"72.4";"0.25";"3249.13";"375.4";"1132.3922";"11788.11";"19618.03";"1046.6494";"91.997"
"E";"2026-10-02";"2026-10-03";"817.035";"72.15";"0.17";"2374.5";"484.8";"1132.3922";"12254.01";"20003.71";"1046.8614";"91.785"
"E";"2026-10-01";"2026-10-02";"815.1328";"71.98";"0.39";"3103.24";"320.7";"1132.5122";"12253.6";"20004.38";"1046.9896";"91.7767"
"E";"2026-09-30";"2026-10-01";"810.7036";"71.64";"0.09";"2738.92";"1251.5";"1131.5982";"12256.42";"20003.88";"1143.6308";"-6.0228"
"C";"2026-09-29";"2026-09-30";"809.6374";"71.55";"0.22";"2455.45";"120.3";"1131.5982";"12257.07";"20002.73";"1038.5031";"99.105"
"E";"2026-09-28";"2026-09-29";"807.1554";"71.33";"0.17";"2270.44";"385.5";"1131.5982";"12256.15";"20004.33";"1038.2249";"98.8385"
"E";"2026-09-27";"2026-09-28";"805.2803";"71.17";"0.29";"3329.66";"81.6";"1131.5658";"12255.89";"20004.83";"1037.5614";"100.0465"
"E";"2026-09-26";"2026-09-27";"802.0347";"70.88";"0.26";"3074.54";"219.9";"1131.5658";"12255.5";"20005.51";"1037.9388";"99.6692"
"E";"2026-09-25";"2026-09-26";"799.1359";"70.62";"0.17";"2186.45";"248";"1131.5658";"12254.74";"20006.76";"1037.415";"100.193"
"E";"2026-09-24";"2026-09-25";"797.1929";"70.45";"0.1";"1573.32";"483.9";"1131.5658";"12254.68";"20006.84";"1036.7605";"100.8474"
"C";"2026-09-23";"2026-09-24";"796.1038";"70.35";"0.11";"1877.89";"639.5";"1131.5658";"12240.97";"19961.57";"1036.6142";"100.8555"
"E";"2026-09-22";"2026-09-23";"794.8724";"70.25";"0.1";"1753.35";"609.7";"1131.5658";"12229.03";"19923.9";"1036.6255";"100.8441"
"C";"2026-09-21";"2026-09-22";"793.7315";"70.14";"0.2";"2437.94";"209.8";"1131.5658";"12228.71";"19924.41";"1036.6159";"100.8537"
"E";"2026-09-20";"2026-09-21";"791.4605";"69.94";"0.32";"3744.68";"106.3";"1131.5658";"12252.96";"20009.63";"1036.5032";"100.9434"
"E";"2026-09-19";"2026-09-20";"787.8306";"69.62";"0.32";"3661.54";"74.9";"1131.5658";"12253.34";"20008.97";"1036.5034";"100.9433"
"E";"2026-09-18";"2026-09-19";"784.2535";"69.31";"0.24";"2836.27";"99.8";"1131.5658";"12253.36";"20008.91";"1036.3934";"101.0533"
"C";"2026-09-17";"2026-09-18";"781.5095";"69.06";"0.22";"2557";"161.6";"1131.5658";"12253.17";"20009.24";"1036.3908";"101.0559"
"E";"2026-09-16";"2026-09-17";"778.9889";"68.84";"0.18";"2405.43";"325";"1131.5658";"12228.6";"19924.49";"1036.3113";"101.1354"
"E";"2026-09-15";"2026-09-16";"776.9136";"68.66";"0.17";"2318.06";"408.8";"1131.5658";"12227.33";"19926.66";"1035.9716";"101.4519"
"E";"2026-09-14";"2026-09-15";"775.0012";"68.49";"0.19";"2382.36";"268";"1131.5658";"12250.03";"20014.56";"1035.554";"101.8004"
"E";"2026-09-13";"2026-09-14";"772.8979";"68.3";"0.27";"3231.51";"212.3";"1131.5658";"12249.46";"20015.5";"1035.5406";"101.8138"
"E";"2026-09-12";"2026-09-13";"769.8755";"68.04";"0.26";"3119.93";"197.8";"1131.5658";"12248.72";"20016.74";"1035.5364";"101.818"
"E";"2026-09-11";"2026-09-12";"766.9521";"67.78";"0.12";"2020.24";"652.3";"1131.5658";"12247.02";"20019.67";"1035.6057";"101.7487"
"E";"2026-09-10";"2026-09-11";"765.5801";"67.66";"0.13";"2036.83";"522.5";"1131.5658";"12245.51";"20022.27";"1035.2579";"101.9812"
"E";"2026-09-09";"2026-09-10";"764.0719";"67.52";"0.18";"2460.78";"343.1";"1131.5658";"12235.06";"19987.5";"1035.2596";"101.9795"
"E";"2026-09-08";"2026-09-09";"762.0756";"67.35";"0.21";"2595.08";"225.9";"1131.5658";"12243.95";"20025.16";"1035.258";"101.9811"
"E";"2026-09-07";"2026-09-08";"759.7211";"67.14";"0.23";"2729.85";"167.8";"1131.5658";"12243.29";"20026.12";"1035.468";"101.7711"
"C";"2026-09-06";"2026-09-07";"757.1633";"66.91";"0.32";"3779.3";"118.2";"1131.5658";"12242.82";"20027.01";"1039.2541";"97.985"
"C";"2026-09-05";"2026-09-06";"753.5135";"66.59";"0.3";"3588.57";"207.2";"1131.5658";"12246.41";"20029.18";"1035.2431";"101.996"
"C";"2026-09-04";"2026-09-05";"750.137";"66.35";"0.28";"3269.69";"105.4";"1130.6108";"12241.93";"19943.04";"1034.7218";"101.493"
"C";"2026-09-03";"2026-09-04";"746.9768";"66.07";"0.24";"2800.59";"134.6";"1130.6108";"12242";"19942.99";"1034.6612";"101.5536"
"C";"2026-09-02";"2026-09-03";"744.3152";"65.83";"0.21";"2636.89";"251.6";"1130.6108";"12218.15";"19942.85";"1034.6626";"101.5522"
"C";"2026-09-01";"2026-09-02";"741.9174";"65.62";"0.24";"2702.34";"143.3";"1130.6108";"12218.54";"20027.89";"1034.6658";"101.5491"
"C";"2026-08-31";"2026-09-01";"739.1551";"65.4";"0.3";"3419.32";"99.4";"1130.2594";"12219.09";"20026.87";"1136.331";"0.4096"
"C";"2026-08-30";"2026-08-31";"735.8079";"65.1";"0.36";"4164.95";"121.8";"1130.2594";"12243.85";"20025.57";"1135.7483";"0.9922"
"C";"2026-08-29";"2026-08-30";"731.6939";"64.74";"0.36";"4036.19";"88.5";"1130.2684";"12244.86";"20023.85";"1135.7564";"0.9931"
"C";"2026-08-28";"2026-08-29";"727.622";"64.38";"0.29";"3322.43";"118.1";"1130.2594";"12244.86";"20023.98";"1027.4615";"109.279"
"C";"2026-08-27";"2026-08-28";"724.3344";"64.09";"0.28";"3187.53";"122.8";"1130.2594";"12244.62";"20024.39";"1027.1581";"109.5125"
"C";"2026-08-26";"2026-08-27";"721.206";"63.81";"0.26";"3076.99";"150.6";"1130.2594";"12234.62";"19988.68";"1027.1335";"109.5371"
"C";"2026-08-25";"2026-08-26";"718.2531";"63.55";"0.27";"3149.6";"203.7";"1130.2594";"12243.58";"20023.19";"1134.1065";"2.5641"
"C";"2026-08-24";"2026-08-25";"715.2219";"63.28";"0.29";"3439.33";"167.4";"1130.2594";"12243.53";"20023.36";"1134.0815";"2.5891"
"C";"2026-08-23";"2026-08-24";"711.9179";"62.99";"0.34";"3915.29";"127.4";"1130.2594";"12243.66";"20023.17";"1134.0817";"2.5889"
"C";"2026-08-22";"2026-08-23";"708.0252";"62.64";"0.33";"3713.45";"99.1";"1130.2594";"12243.52";"20023.44";"1134.079";"2.5917"
"C";"2026-08-21";"2026-08-22";"704.3223";"62.32";"0.28";"3296.34";"204.7";"1130.2094";"12243.56";"20023.4";"1133.0571";"2.5953"
"C";"2026-08-20";"2026-08-21";"701.1761";"62.04";"0.23";"3040.94";"502.3";"1130.2094";"12243.28";"20023.84";"1133.0261";"2.6263"
"C";"2026-08-19";"2026-08-20";"698.629";"61.81";"0.21";"3053.99";"704.6";"1130.2094";"12232.78";"19988.98";"1132.9106";"2.7418"
"C";"2026-08-18";"2026-08-19";"696.2603";"61.6";"0.23";"3013.79";"460.1";"1130.2094";"12242.27";"20025.52";"1132.9072";"2.7453"
"C";"2026-08-17";"2026-08-18";"693.6261";"61.37";"0.24";"3178.08";"426.3";"1130.2094";"12242.11";"20025.74";"1132.9163";"2.7362"
"C";"2026-08-16";"2026-08-17";"690.8792";"61.13";"0.33";"3902.62";"188.9";"1130.2094";"12242";"20025.93";"1132.9068";"2.7456"
"C";"2026-08-15";"2026-08-16";"687.1025";"60.79";"0.35";"3771.88";"227.3";"1130.2094";"12242.42";"20025";"1132.9048";"2.7477"
"C";"2026-08-14";"2026-08-15";"683.1046";"60.44";"0.28";"3330.44";"289.6";"1130.2094";"12243.03";"19955.88";"1130.4901";"5.1624"
"E";"2026-08-13";"2026-08-14";"679.9658";"60.16";"0.26";"3189.55";"253.5";"1130.2074";"12242.58";"19938.77";"1024.0581";"111.5923"
"C";"2026-08-12";"2026-08-13";"676.9808";"59.9";"0.26";"3222.77";"248.2";"1130.2074";"12232.88";"19938.26";"1024.0597";"111.5907"
"C";"2026-08-11";"2026-08-12";"673.9982";"59.63";"0.26";"3202.84";"251";"1130.2074";"12243.02";"19938.02";"1024.0597";"111.5907"
"C";"2026-08-10";"2026-08-11";"671.0601";"59.37";"0.27";"3281.4";"188.1";"1130.2074";"12243.4";"19937.35";"1024.0473";"111.6031"
"C";"2026-08-09";"2026-08-10";"667.9826";"59.1";"0.29";"3427.62";"168.3";"1130.2074";"12244.13";"20021.77";"1024.056";"111.5944"
"C";"2026-08-08";"2026-08-09";"664.7377";"58.82";"0.29";"3442.09";"191.3";"1130.2074";"12244.78";"20020.63";"1024.0531";"111.5974"
"E";"2026-08-07";"2026-08-08";"661.503";"58.53";"0.23";"2978.58";"359.6";"1130.2074";"12244.93";"20020.39";"1024.2516";"111.3989"
"C";"2026-08-06";"2026-08-07";"658.9013";"58.3";"0.22";"2944.76";"391.1";"1130.2074";"12244.87";"20020.48";"1024.253";"111.3974"
"C";"2026-08-05";"2026-08-06";"656.3631";"58.07";"0.23";"2894.7";"320.9";"1130.2074";"12235.48";"19983.67";"1023.4484";"111.3949"
"C";"2026-08-04";"2026-08-05";"653.7884";"57.85";"0.21";"2677.25";"340.8";"1130.2074";"12246.14";"20018.25";"1022.7076";"112.1358"
"C";"2026-08-03";"2026-08-04";"651.4472";"57.64";"0.23";"2879.22";"293.2";"1130.2074";"12251.83";"20017.34";"1022.6999";"112.1434"
"C";"2026-08-02";"2026-08-03";"648.846";"57.41";"0.32";"3791.1";"141.2";"1130.2074";"12251.92";"20017.21";"1022.6104";"112.2329"
"C";"2026-08-01";"2026-08-02";"645.1963";"57.09";"0.23";"3582.72";"527.1";"1130.2074";"12251.87";"20017.25";"1022.6021";"112.2413"
"C";"2026-07-31";"2026-08-01";"642.5951";"56.86";"0.22";"3126.32";"394.7";"1130.2074";"12251.46";"20017.94";"1024.6439";"110.1994"
"C";"2026-07-30";"2026-07-31";"640.0586";"56.63";"0.24";"2908.68";"219.9";"1130.2074";"12251.27";"20018.27";"1024.6446";"110.1986"
"C";"2026-07-29";"2026-07-30";"637.3745";"56.39";"0.24";"3013.07";"256.3";"1130.2074";"12241.49";"19982.19";"1024.6446";"110.1986"
"C";"2026-07-28";"2026-07-29";"634.6094";"56.15";"0.24";"2930.2";"255";"1130.2074";"12251.35";"20018.09";"1024.4877";"110.2286"
"C";"2026-07-27";"2026-07-28";"631.9298";"55.91";"0.25";"3073.63";"283.8";"1130.2074";"12251.38";"20018.06";"1024.4882";"110.2281"
"C";"2026-07-26";"2026-07-27";"629.1458";"55.67";"0.32";"3732.26";"191.4";"1130.2074";"12251.55";"20017.72";"1024.4694";"110.247"
"E";"2026-07-25";"2026-07-26";"625.552";"55.35";"0.28";"3588.17";"366.5";"1130.2074";"12251.92";"20017.01";"1024.466";"110.2504"
"C";"2026-07-24";"2026-07-25";"622.3395";"55.06";"0.24";"3091.56";"320.9";"1130.2074";"12251.82";"20017.17";"1024.466";"110.2504"
"E";"2026-07-23";"2026-07-24";"619.5878";"54.82";"0.21";"2814.6";"369.1";"1130.2074";"12251.55";"20017.63";"1024.4662";"110.2501"
"C";"2026-07-22";"2026-07-23";"617.1709";"54.61";"0.23";"2862.77";"305.1";"1130.2074";"12241.67";"19981.7";"1024.1753";"110.541"
"C";"2026-07-21";"2026-07-22";"614.62";"54.38";"0.18";"2718.46";"714.3";"1130.2074";"12251.18";"20018.28";"1024.1753";"110.541"
"C";"2026-07-20";"2026-07-21";"612.6144";"54.2";"0.21";"2786.83";"455.4";"1130.2074";"12251.08";"20018.49";"1024.1758";"110.5405"
"C";"2026-07-19";"2026-07-20";"610.2775";"54";"0.32";"3781.35";"138.1";"1130.2074";"12251.36";"20018.03";"1024.1758";"110.5405"
"C";"2026-07-18";"2026-07-19";"606.6425";"53.68";"0.31";"3699.77";"158.7";"1130.2074";"12251.53";"20017.76";"1024.1761";"110.5403"
"C";"2026-07-17";"2026-07-18";"603.1366";"53.37";"0.21";"2856.63";"463.3";"1130.2074";"12251.15";"20018.43";"1024.1761";"110.5403"
"C";"2026-07-16";"2026-07-17";"600.7477";"53.15";"0.16";"2460.24";"709";"1130.2074";"12250.47";"20019.62";"1024.2044";"110.5119"
"C";"2026-07-15";"2026-07-16";"598.991";"53";"0.21";"2752.82";"364.7";"1130.2074";"12240.6";"19983.7";"1023.7261";"110.4139"
"C";"2026-07-14";"2026-07-15";"596.6045";"52.77";"0.25";"3179.9";"334.9";"1130.511";"12245.03";"20031.95";"1022.3466";"112.097"
"C";"2026-07-13";"2026-07-14";"593.7819";"52.52";"0.29";"3516.84";"292.4";"1130.511";"12245.76";"20030.64";"1022.3434";"112.1002"
"C";"2026-07-12";"2026-07-13";"590.547";"52.24";"0.37";"4335.33";"206.6";"1130.511";"12247.64";"20027.28";"1022.3199";"112.1237"
"C";"2026-07-11";"2026-07-12";"586.4139";"51.87";"0.34";"4054.67";"207.9";"1130.511";"12248.93";"20025.06";"1022.3207";"112.123"
"C";"2026-07-10";"2026-07-11";"582.5699";"51.53";"0.21";"2880.07";"434.6";"1130.511";"12248.87";"20025.15";"1022.1058";"112.3379"
"E";"2026-07-09";"2026-07-10";"580.1715";"51.32";"0.21";"2932.97";"577.5";"1130.511";"12248.52";"20025.79";"1022.1084";"112.3352"
"C";"2026-07-08";"2026-07-09";"577.8095";"51.11";"0.22";"2985.63";"499.2";"1130.511";"12238.48";"19990.16";"1022.1183";"112.3254"
"C";"2026-07-07";"2026-07-08";"575.3388";"50.89";"0.25";"3192.79";"328.6";"1130.511";"12248.71";"20025.46";"1022.0965";"112.3472"
"C";"2026-07-06";"2026-07-07";"572.4729";"50.64";"0.27";"3358.95";"299.8";"1130.511";"12249.01";"20024.96";"1022.0004";"112.4432"
"E";"2026-07-05";"2026-07-06";"569.42";"50.37";"0.32";"3877.57";"220.5";"1130.511";"12249.68";"20023.83";"1021.9919";"112.4517"
"C";"2026-07-04";"2026-07-05";"565.7759";"50.05";"0.32";"3881.77";"192.5";"1130.511";"12250.38";"20022.62";"1021.9939";"112.4498"
"E";"2026-07-03";"2026-07-04";"562.1145";"49.72";"0.25";"3226.81";"383.4";"1130.511";"12244.91";"20014.37";"1021.7632";"112.6805"
"E";"2026-07-02";"2026-07-03";"559.2822";"49.47";"0.23";"3014.31";"390.5";"1130.511";"12249.89";"20023.56";"1021.647";"108.3677"
"C";"2026-07-01";"2026-07-02";"556.6692";"49.24";"0.15";"3008.39";"525.8";"1130.511";"12239.92";"19987.81";"1021.2931";"108.1347"
"C";"2026-06-30";"2026-07-01";"554.9405";"49.09";"0.22";"2781.59";"276.9";"1130.511";"12232.37";"20102.47";"1020.7985";"109.1578"
"C";"2026-06-29";"2026-06-30";"552.4998";"48.87";"0.24";"3112.67";"391.8";"1130.511";"12232.78";"20101.8";"1020.7849";"109.1714"
"E";"2026-06-28";"2026-06-29";"549.7848";"48.63";"0.32";"3864.84";"191.3";"1130.511";"12233.77";"20100.12";"1126.6653";"7.7201"
"C";"2026-06-27";"2026-06-28";"546.1231";"48.31";"0.33";"3916.41";"181.6";"1130.511";"12235.45";"20097.23";"1020.7661";"113.6194"
"C";"2026-06-26";"2026-06-27";"542.3953";"47.98";"0.28";"3468.71";"280.4";"1130.511";"12237.33";"20093.99";"1021.5778";"112.8077"
"C";"2026-06-25";"2026-06-26";"539.2202";"47.7";"0.26";"3288.48";"330.4";"1130.511";"12238.75";"20091.58";"1019.654";"114.7314"
"C";"2026-06-24";"2026-06-25";"536.2713";"47.44";"0.23";"2880.56";"288.3";"1130.511";"12229.48";"20054.63";"1018.3821";"115.9041"
"C";"2026-06-23";"2026-06-24";"533.6936";"47.21";"0.23";"2885.72";"349.4";"1130.511";"12233.38";"20080.58";"1018.4005";"111.4565"
"E";"2026-06-22";"2026-06-23";"531.0824";"46.98";"0.25";"3167.71";"329.6";"1130.511";"12234.12";"20079.29";"1018.3866";"111.4704"
"E";"2026-06-21";"2026-06-22";"528.2328";"46.73";"0.32";"3792.8";"205.1";"1130.511";"12235.03";"20077.72";"1017.3516";"112.5054"
"E";"2026-06-20";"2026-06-21";"524.6598";"46.41";"0.31";"3712.61";"206.1";"1130.511";"12235.79";"20076.39";"1017.3482";"116.938"
"E";"2026-06-19";"2026-06-20";"521.1504";"46.1";"0.28";"3339.93";"154.7";"1130.511";"12236.92";"20074.48";"1017.1324";"117.1537"
"E";"2026-06-18";"2026-06-19";"517.9723";"45.82";"0.26";"3081.86";"187.5";"1130.511";"12237.28";"20073.87";"1017.1052";"112.7518"
"C";"2026-06-17";"2026-06-18";"515.0691";"45.56";"0.27";"3239.38";"190.4";"1130.511";"12227.67";"20037.54";"1017.1208";"112.7362"
"C";"2026-06-16";"2026-06-17";"512.0382";"45.29";"0.27";"3256.99";"245.8";"1130.511";"12237.35";"20073.83";"1016.8788";"112.9782"
"C";"2026-06-15";"2026-06-16";"509.032";"45.03";"0.31";"3716.51";"195.8";"1130.511";"12232.62";"20073.18";"1016.7553";"117.4316"
"C";"2026-06-14";"2026-06-15";"505.5306";"44.72";"0.38";"4432.88";"133.5";"1130.511";"12233.76";"20071.22";"1016.6793";"117.5076"
"C";"2026-06-13";"2026-06-14";"501.2415";"44.34";"0.39";"4560.11";"88.8";"1130.511";"12235.17";"20068.8";"1016.6773";"117.5096"
"C";"2026-06-12";"2026-06-13";"496.7855";"43.91";"0.31";"3760.24";"91.4";"1131.466";"12241.38";"20066.95";"1017.5418";"117.6001"
"E";"2026-06-11";"2026-06-12";"493.2227";"43.59";"0.23";"3047.99";"384";"1131.466";"12241.88";"20066";"1017.2982";"117.6038"
"E";"2026-06-10";"2026-06-11";"490.5758";"43.36";"0.26";"3251.59";"286.4";"1131.466";"12242.47";"20064.76";"1017.2817";"117.6204"
"C";"2026-06-09";"2026-06-10";"487.5966";"43.09";"0.3";"3600.16";"190.8";"1131.466";"12243.6";"20062.56";"1017.2793";"117.6228"
"E";"2026-06-08";"2026-06-09";"484.1785";"42.79";"0.31";"3643.99";"119.2";"1131.466";"12244.61";"20060.64";"1017.3669";"117.535"
"C";"2026-06-07";"2026-06-08";"480.6597";"42.48";"0.36";"4108.31";"83";"1131.466";"12246.35";"20057.47";"1017.085";"117.8169"
"C";"2026-06-06";"2026-06-07";"476.638";"42.13";"0.34";"4004.49";"119.6";"1131.466";"12248.07";"20054.31";"1017.0819";"113.1393"
"E";"2026-06-05";"2026-06-06";"472.7917";"41.79";"0.26";"3207.29";"287";"1131.466";"12249.3";"20052.07";"1017.052";"113.1692"
"E";"2026-06-04";"2026-06-05";"469.8594";"41.53";"0.28";"3481.02";"356.1";"1131.466";"12245.97";"20049.01";"1017.0483";"113.1729"
"C";"2026-06-03";"2026-06-04";"466.7315";"41.25";"0.22";"3039.53";"492.1";"1131.466";"12236.89";"20011.71";"1017.0836";"113.1376"
"C";"2026-06-02";"2026-06-03";"464.1877";"41.03";"0.27";"3316.22";"311.9";"1131.466";"12248.4";"20044.75";"1017.0838";"113.1374"
"C";"2026-06-01";"2026-06-02";"461.182";"40.76";"0.29";"3473.92";"299.9";"1131.466";"12248.95";"20043.79";"1017.1365";"113.0846"
"E";"2026-05-31";"2026-06-01";"457.9534";"40.47";"0.39";"4322.1";"66.3";"1131.4655";"12249.4";"20043";"1020.1292";"115.9053"
"C";"2026-05-30";"2026-05-31";"453.5937";"40.09";"0.35";"4115.12";"95.7";"1131.4655";"12249.66";"20042.55";"1020.1263";"115.9082"
"C";"2026-05-29";"2026-05-30";"449.5794";"39.73";"0.32";"3690.1";"104.2";"1131.4655";"12250.94";"20040.29";"1021.1161";"114.9185"
"C";"2026-05-28";"2026-05-29";"445.9829";"39.42";"0.28";"3394.48";"187.9";"1131.4655";"12251.08";"20040.05";"1021.1258";"110.2279"
"C";"2026-05-27";"2026-05-28";"442.7626";"39.13";"0.31";"3669.21";"218.3";"1131.4655";"12241.68";"20003.3";"1021.1255";"110.2283"
"E";"2026-05-26";"2026-05-27";"439.2978";"38.83";"0.3";"3657.31";"228.8";"1131.4655";"12252.96";"20036.75";"1021.2435";"110.1103"
"C";"2026-05-25";"2026-05-26";"435.8617";"38.52";"0.29";"3943.8";"207.8";"1131.4655";"12253.26";"20036.23";"1021.8839";"114.7908"
"C";"2026-05-24";"2026-05-25";"432.5348";"38.21";"0.39";"4473.73";"103.5";"1131.8845";"12253.44";"20035.92";"1021.3054";"111.1075"
"C";"2026-05-23";"2026-05-24";"428.1555";"37.83";"0.38";"4355.59";"80.5";"1131.8845";"12253.96";"20035.01";"1021.3054";"115.7883"
"C";"2026-05-22";"2026-05-23";"423.8875";"37.45";"0.27";"3247.85";"147";"1131.8845";"12254.73";"20033.65";"1021.194";"115.8998"
"C";"2026-05-21";"2026-05-22";"420.8071";"37.18";"0.19";"2610.62";"424.8";"1131.8845";"12254.69";"20033.72";"1020.7313";"116.3624"
"E";"2026-05-20";"2026-05-21";"418.6346";"36.99";"0.11";"1923.92";"690.8";"1131.8845";"12241.16";"19988.24";"1018.5496";"116.3617"
"C";"2026-05-19";"2026-05-20";"417.3713";"36.87";"0.15";"2278.07";"474.7";"1131.8845";"12232.81";"19960.29";"1018.5545";"116.3568"
"E";"2026-05-18";"2026-05-19";"415.6689";"36.72";"0.17";"2112.98";"421";"1131.8845";"12253.3";"20036.15";"1015.5668";"119.3445"
"E";"2026-05-17";"2026-05-18";"413.7895";"36.56";"0.22";"2716.95";"246.2";"1131.8845";"12253.76";"20035.35";"1015.5691";"119.3422"
"E";"2026-05-16";"2026-05-17";"411.3285";"36.34";"0.2";"2583.41";"280.7";"1131.8845";"12253.97";"20034.99";"1015.5699";"119.3413"
"E";"2026-05-15";"2026-05-16";"409.0593";"36.14";"0.16";"2227.11";"465.8";"1131.8845";"12254.28";"20034.43";"1015.5738";"119.3375"
"E";"2026-05-14";"2026-05-15";"407.3007";"35.98";"0.15";"2149.3";"435.4";"1131.8845";"12253.91";"20035.09";"1004.9082";"130.003"
"C";"2026-05-13";"2026-05-14";"405.5868";"35.83";"0.12";"2167.97";"781.9";"1131.8845";"12242.63";"20001.63";"1004.9394";"129.9718"
"C";"2026-05-12";"2026-05-13";"404.1957";"35.71";"0.15";"2176.96";"531";"1131.8845";"12252.16";"20038.16";"1004.9395";"129.9717"
"C";"2026-05-11";"2026-05-12";"402.5463";"35.56";"0.22";"2673.26";"239";"1131.8845";"12252.3";"20037.91";"1004.7064";"130.2049"
"C";"2026-05-10";"2026-05-11";"400.0892";"35.35";"0.31";"3665.59";"135.9";"1131.8845";"12252.54";"20037.49";"1004.704";"130.2073"
"C";"2026-05-09";"2026-05-10";"396.5856";"35.04";"0.3";"3556.07";"107.5";"1131.8689";"12250.78";"20036.7";"1005.365";"129.5862"
"C";"2026-05-08";"2026-05-09";"393.1524";"34.73";"0.23";"2716.31";"134.4";"1132.1539";"12251";"20036.32";"1005.5187";"129.411"
"C";"2026-05-07";"2026-05-08";"390.5793";"34.5";"0.12";"1993.71";"658.5";"1132.1539";"12226.34";"19951.81";"1005.521";"129.8693"
"C";"2026-05-06";"2026-05-07";"389.2507";"34.38";"0.14";"2087.6";"494.1";"1132.1539";"12225.73";"19952.88";"1005.0407";"130.0605"
"C";"2026-05-05";"2026-05-06";"387.6695";"34.24";"0.19";"2965.23";"595.6";"1132.1539";"12224.94";"19954.26";"978.2596";"125.6723"
"C";"2026-05-04";"2026-05-05";"385.5517";"34.05";"0.28";"3238.84";"138.7";"1132.1539";"12249.16";"20039.54";"978.5168";"125.4149"
"E";"2026-05-03";"2026-05-04";"382.4172";"33.78";"0.35";"4092.37";"78.5";"1132.1209";"12249.86";"20038.32";"978.2877";"125.6111"
"E";"2026-05-02";"2026-05-03";"378.4168";"33.43";"0.36";"4187.18";"63.9";"1132.1209";"12250.94";"20036.43";"978.3211";"125.5777"
"E";"2026-05-01";"2026-05-02";"374.3047";"33.06";"0.32";"3927.06";"85.2";"1132.1209";"12258.14";"20044.26";"978.2029";"125.6958"
"E";"2026-04-30";"2026-05-01";"370.7137";"32.73";"0.25";"3016.15";"259";"1132.5809";"12228.4";"20084.8";"975.5172";"128.4101"
"E";"2026-04-29";"2026-04-30";"367.9275";"32.49";"0.25";"3071.51";"191";"1132.5795";"12240.89";"20026.54";"975.5401";"128.3857"
"E";"2026-04-28";"2026-04-29";"365.0716";"32.23";"0.26";"3131.32";"201.3";"1132.5795";"12251.88";"20060.5";"1081.5918";"22.7947"
"E";"2026-04-27";"2026-04-28";"362.1243";"31.97";"0.22";"2805.16";"295.2";"1132.5795";"12252.24";"20059.86";"975.5595";"128.827"
"E";"2026-04-26";"2026-04-27";"359.6138";"31.75";"0.28";"3358.52";"193.8";"1132.5795";"12252.73";"20059.01";"973.1481";"131.2383"
"E";"2026-04-25";"2026-04-26";"356.4516";"31.47";"0.29";"3458.47";"201.7";"1132.5795";"12252.87";"20058.75";"972.6358";"131.7504"
"E";"2026-04-24";"2026-04-25";"353.2082";"31.19";"0.23";"2841.7";"241.6";"1132.5795";"12253.15";"20058.27";"972.2254";"132.1609"
"E";"2026-04-23";"2026-04-24";"350.6005";"30.95";"0.13";"1933.06";"460.1";"1132.7695";"12252.95";"20058.63";"1080.4009";"24.1256"
"E";"2026-04-22";"2026-04-23";"349.1441";"30.82";"0.12";"1817.35";"500.9";"1132.7695";"12242.86";"20023.07";"971.8877";"132.639"
"E";"2026-04-21";"2026-04-22";"347.8268";"30.71";"0.09";"1778.3";"672.5";"1132.7695";"12247.45";"20052.08";"971.8788";"132.6479"
"E";"2026-04-20";"2026-04-21";"346.7528";"30.61";"0.15";"2075.52";"409.6";"1132.7695";"12252.51";"20059.4";"1084.3717";"21.1913"
"E";"2026-04-19";"2026-04-20";"345.0441";"30.46";"0.26";"3154.66";"216.5";"1132.7695";"12252.14";"20060.04";"974.4008";"131.1624"
"E";"2026-04-18";"2026-04-19";"342.0918";"30.2";"0.28";"3424.54";"195.8";"1132.7695";"12252.2";"20059.94";"1082.9104";"22.6526"
"E";"2026-04-17";"2026-04-18";"338.9122";"29.92";"0.22";"2801.56";"304.8";"1132.7695";"12252.43";"20059.53";"1083.3797";"22.1833"
"E";"2026-04-16";"2026-04-17";"336.4578";"29.7";"0.15";"2074.52";"492.9";"1132.7695";"12252.45";"20059.5";"974.7743";"130.7889"
"E";"2026-04-15";"2026-04-16";"334.7714";"29.55";"0.06";"1573.24";"917.8";"1132.7695";"12242.02";"20039.56";"974.775";"130.7882"
"E";"2026-04-14";"2026-04-15";"334.1328";"29.51";"-0.01";"1229.74";"1302.4";"1132.2303";"12251.85";"20075.54";"1082.7351";"22.2887"
"E";"2026-04-13";"2026-04-14";"334.2243";"29.52";"0.02";"1668.95";"1398.7";"1132.2303";"12249.77";"20079.19";"1082.8073";"22.2165"
"E";"2026-04-12";"2026-04-13";"333.9792";"29.5";"0.14";"2376.85";"380.6";"1132.2303";"12249.54";"20079.61";"1082.2199";"22.8039"
"E";"2026-04-11";"2026-04-12";"332.4353";"29.36";"0.22";"2447.48";"342";"1132.2303";"12249.16";"20080.26";"1068.4712";"36.5526"
"E";"2026-04-10";"2026-04-11";"329.9205";"29.14";"0.12";"1999.48";"617.5";"1132.2303";"12248.59";"20081.26";"1081.0169";"24.0069"
"E";"2026-04-09";"2026-04-10";"328.539";"29.01";"0.13";"2133.04";"543.4";"1132.6532";"12248.01";"20082.28";"1080.4028";"25.0439"
"E";"2026-04-08";"2026-04-09";"327.014";"28.89";"0.15";"2129.42";"406.1";"1131.9859";"12237.75";"20047.03";"1080.4059";"24.3735"
"E";"2026-04-07";"2026-04-08";"325.3243";"28.74";"0.16";"2186.04";"404.9";"1131.9859";"12246.86";"20084.29";"1069.8076";"34.9719"
"E";"2026-04-06";"2026-04-07";"323.5249";"28.58";"0.2";"2559.92";"350.7";"1131.9995";"12246.29";"20085.3";"1068.9109";"34.9808"
"E";"2026-04-05";"2026-04-06";"321.3078";"28.38";"0.24";"2897.68";"280";"1131.9995";"12246.49";"20084.95";"1068.9287";"34.963"
"E";"2026-04-04";"2026-04-05";"318.6326";"28.15";"0.21";"2762.3";"302.5";"1131.9995";"12246.48";"20084.96";"1068.5807";"35.311"
"E";"2026-04-03";"2026-04-04";"316.2059";"27.93";"0.05";"1531.04";"928.2";"1131.9995";"12245.1";"20087.39";"1065.9404";"37.9512"
"E";"2026-04-02";"2026-04-03";"315.6317";"27.88";"-0.05";"866.79";"2081.1";"1131.9995";"12243.16";"20090.78";"959.8565";"144.0353"
"E";"2026-04-01";"2026-04-02";"316.1464";"27.89";"0.21";"571.52";"2207.4";"1133.7278";"12226.69";"20050.42";"937.5347";"165.77"
"E";"2026-03-31";"2026-04-01";"313.7922";"27.62";"-0.52";"481.76";"2517.8";"1136.2748";"12084.33";"20036.14";"1032.7668";"106.5196"
"C";"2026-03-30";"2026-03-31";"319.6875";"27.98";"-0.12";"675.72";"1953.7";"1142.5345";"12221.08";"20313.95";"1035.1373";"110.4087"
"E";"2026-03-29";"2026-03-30";"321.107";"28.1";"0.01";"1064.81";"1624.9";"1142.5345";"12211.14";"20300.94";"1035.1326";"110.4134"
"E";"2026-03-28";"2026-03-29";"321.0274";"28.13";"-0.05";"1062.46";"1555.7";"1141.0268";"12007.11";"19905.36";"1033.6063";"110.2729"
"C";"2026-03-27";"2026-03-28";"321.5738";"28.15";"-0.15";"688.88";"2426.9";"1142.5345";"12238.77";"20247.04";"1034.9452";"110.6008"
"C";"2026-03-26";"2026-03-27";"323.2825";"28.29";"-0.14";"648.19";"2286.1";"1142.6337";"12207.56";"20249.24";"1034.9394";"110.6066"
"C";"2026-03-25";"2026-03-26";"324.9293";"28.44";"-0.01";"1325.91";"1482.9";"1142.6337";"12197.31";"20213.9";"1034.9412";"110.6049"
"C";"2026-03-24";"2026-03-25";"325.0724";"28.45";"0.03";"1544.85";"1475.8";"1142.6337";"12207.51";"20249.19";"1034.9409";"110.6051"
"C";"2026-03-23";"2026-03-24";"324.7242";"28.42";"-0.06";"933.99";"2048.3";"1142.6337";"12207.37";"20249.39";"1034.9408";"110.6052"
"C";"2026-03-22";"2026-03-23";"325.3977";"28.48";"-0.01";"1447.6";"1514.7";"1142.6337";"12207.67";"20248.86";"1034.5408";"111.0052"
"C";"2026-03-21";"2026-03-22";"325.4803";"28.49";"-0.03";"1336.57";"1588.4";"1142.6337";"12208.03";"20248.22";"1034.5408";"111.0052"
"E";"2026-03-20";"2026-03-21";"325.7905";"28.51";"-0.07";"982.61";"1818.3";"1142.6337";"12208.19";"20247.94";"1037.518";"108.005"
"C";"2026-03-19";"2026-03-20";"326.6069";"28.58";"-0.11";"816.34";"2036.5";"1142.6337";"12208.45";"20247.5";"1037.4486";"108.0054"
"C";"2026-03-18";"2026-03-19";"327.8383";"28.69";"-0.13";"783.03";"2106.2";"1142.6337";"12198.99";"20210.85";"1037.4369";"108.0171"
"E";"2026-03-17";"2026-03-18";"329.2693";"28.82";"-0.15";"808.69";"2095.7";"1142.6337";"12255.24";"20247.51";"1037.4362";"108.0177"
"E";"2026-03-16";"2026-03-17";"330.9655";"28.97";"-0.08";"1063.89";"1930.2";"1142.6337";"12254.47";"20248.86";"1037.4376";"108.0164"
"E";"2026-03-15";"2026-03-16";"331.8297";"29.04";"-0.02";"1321.29";"1494.8";"1142.6337";"12254.1";"20249.51";"1036.9959";"108.038"
"C";"2026-03-14";"2026-03-15";"332.0709";"29.06";"-0.04";"941.32";"1838.7";"1142.6337";"12253.51";"20250.53";"1036.9966";"108.0374"
"C";"2026-03-13";"2026-03-14";"332.5552";"29.1";"-0.06";"1135";"1810.3";"1142.6337";"12229.69";"20164.55";"1033.999";"111.035"
"E";"2026-03-12";"2026-03-13";"333.2505";"29.17";"-0.08";"972.39";"1859.8";"1142.6337";"12230.64";"20162.88";"1037.1651";"107.8688"
"C";"2026-03-11";"2026-03-12";"334.1502";"29.24";"-0.02";"1184.37";"1883.1";"1142.6337";"12231.13";"20162.02";"1037.1653";"107.8686"
"C";"2026-03-10";"2026-03-11";"334.4125";"29.27";"-0.03";"1126.56";"2184.8";"1142.6337";"12231.02";"20162.2";"1037.1631";"107.8708"
"C";"2026-03-09";"2026-03-10";"334.7405";"29.3";"-0.1";"1106.58";"2270.7";"1142.6337";"12231.4";"20161.54";"1037.1381";"107.8953"
"C";"2026-03-08";"2026-03-09";"335.9106";"29.4";"0";"1717.76";"1616.6";"1142.6337";"12231.95";"20246.26";"1037.1395";"107.894"
"C";"2026-03-07";"2026-03-08";"335.9394";"29.4";"-0.02";"1523.27";"1694.9";"1142.6337";"12232.31";"20245.63";"1037.1395";"107.894"
"E";"2026-03-06";"2026-03-07";"336.1935";"29.42";"-0.1";"1199.28";"2324.4";"1142.6337";"12232.83";"20244.72";"1042.1169";"102.9166"
"E";"2026-03-05";"2026-03-06";"337.3323";"29.52";"-0.07";"1324.89";"2581.6";"1142.6337";"12208.26";"20243.96";"1042.0436";"102.9151"
"E";"2026-03-04";"2026-03-05";"338.1372";"29.59";"-0.16";"909.89";"2680.4";"1142.6337";"12214.04";"20208.65";"1041.9685";"102.9156"
"E";"2026-03-03";"2026-03-04";"339.9485";"29.75";"-0.14";"988.07";"2449.2";"1142.6337";"12184.03";"20244.37";"1041.9693";"102.9148"
"E";"2026-03-02";"2026-03-03";"341.494";"29.89";"-0.09";"1095.5";"2073.4";"1142.6337";"12183.3";"20245.64";"1038.8011";"106.083"
"E";"2026-03-01";"2026-03-02";"342.4953";"29.97";"0";"1344.21";"1361.6";"1142.6337";"12182.39";"20247.24";"1033.4265";"111.0726"
"E";"2026-02-28";"2026-03-01";"342.5502";"29.98";"-0.07";"1780.41";"1863";"1142.6337";"12183.95";"20244.5";"1035.5764";"108.8981"
"E";"2026-02-27";"2026-02-28";"343.3812";"30.05";"-0.04";"1452.77";"1970.7";"1142.6337";"12183.73";"20244.89";"1035.5004";"108.9081"
"E";"2026-02-26";"2026-02-27";"343.8723";"30.09";"-0.1";"1075.66";"2226.4";"1142.6337";"12183.48";"20245.31";"1035.5004";"108.9081"
"C";"2026-02-25";"2026-02-26";"344.9971";"30.19";"-0.15";"848.6";"2628.2";"1142.6337";"12183.89";"20209.34";"1034.9459";"108.9081"
"C";"2026-02-24";"2026-02-25";"346.7547";"30.35";"-0.25";"464.59";"3392.4";"1142.6337";"12182.92";"20246.53";"1034.9459";"108.9081"
"C";"2026-02-23";"2026-02-24";"349.6367";"30.6";"-0.19";"712.71";"2896.8";"1142.6337";"12183.08";"20246.03";"1034.9469";"108.9071"
"C";"2026-02-22";"2026-02-23";"351.772";"30.79";"-0.07";"1739.59";"2543.6";"1142.6332";"12183.93";"20244.44";"1034.9459";"108.9081"
"C";"2026-02-21";"2026-02-22";"352.5875";"30.86";"-0.21";"776.55";"3188.7";"1142.6332";"12184.59";"20243.28";"1034.9451";"108.9089"
"C";"2026-02-20";"2026-02-21";"355.0132";"31.07";"-0.39";"208.34";"5105.3";"1142.6332";"12184.17";"20244.02";"1034.8949";"108.8931"
"C";"2026-02-19";"2026-02-20";"359.5198";"31.46";"-0.5";"130.4";"5867.5";"1142.6332";"12182.63";"20246.7";"1034.6199";"108.8931"
"E";"2026-02-18";"2026-02-19";"365.2517";"31.97";"-0.53";"136.47";"6231.5";"1142.6332";"12181.18";"20213.52";"1031.377";"112.136"
"C";"2026-02-17";"2026-02-18";"371.3612";"32.5";"-0.52";"134.04";"6033.4";"1142.6332";"12180.23";"20250.87";"1031.377";"112.136"
"E";"2026-02-16";"2026-02-17";"377.2896";"33.02";"-0.52";"175.79";"5986.7";"1142.6332";"12178.69";"20253.57";"1031.377";"112.136"
"C";"2026-02-15";"2026-02-16";"383.1784";"33.53";"-0.41";"259.27";"4907.3";"1142.6332";"12177.35";"20255.91";"1031.3789";"112.1341"
"E";"2026-02-14";"2026-02-15";"387.8839";"33.95";"-0.43";"232.11";"5132";"1142.6332";"12175.8";"20269.63";"1031.3789";"112.1341"
"C";"2026-02-13";"2026-02-14";"392.7498";"34.37";"-0.43";"348.01";"5241.1";"1142.6332";"12174.05";"20272.7";"1031.2979";"112.1491"
"E";"2026-02-12";"2026-02-13";"397.6345";"34.8";"-0.4";"420.51";"4933";"1142.6332";"12173.24";"20274.12";"1031.296";"112.151"
"E";"2026-02-11";"2026-02-12";"402.1776";"35.2";"-0.42";"415.05";"5134.2";"1142.6332";"12172.98";"20238.87";"1031.2274";"112.151"
"E";"2026-02-10";"2026-02-11";"406.9948";"35.62";"-0.5";"272.85";"6023.4";"1142.6332";"12171.6";"20276.99";"1031.2274";"112.151"
"C";"2026-02-09";"2026-02-10";"412.7173";"36.12";"-0.55";"221.72";"6441.2";"1142.6332";"12169.93";"20279.92";"1031.2174";"112.161"
"C";"2026-02-08";"2026-02-09";"419.0197";"36.67";"-0.37";"483.8";"4677.1";"1142.6332";"12168.88";"20281.74";"1031.2274";"112.151"
"C";"2026-02-07";"2026-02-08";"423.2156";"37.04";"-0.33";"725.87";"4483.4";"1142.6332";"12168.15";"20294.03";"1031.2274";"112.151"
"C";"2026-02-06";"2026-02-07";"426.9671";"37.37";"-0.52";"406.98";"6366.1";"1142.6332";"12167.61";"20296.72";"1031.2274";"112.151"
"E";"2026-02-05";"2026-02-06";"432.9572";"37.89";"-0.61";"360.34";"7335.4";"1142.6332";"12165.84";"20308.02";"1031.2274";"112.151"
"E";"2026-02-04";"2026-02-05";"439.9291";"38.5";"-0.68";"337.24";"7964.1";"1142.6332";"12164.1";"20275.58";"1031.2274";"112.151"
"C";"2026-02-03";"2026-02-04";"447.6683";"39.18";"-0.69";"175.16";"8452";"1142.6332";"12162.01";"20322.23";"1031.2273";"112.1511"
"C";"2026-02-02";"2026-02-03";"455.5248";"39.87";"-0.66";"109.47";"7785.4";"1142.6332";"12183.84";"20324.4";"1072.7067";"70.6717"
"E";"2026-02-01";"2026-02-02";"463.0615";"40.53";"-0.49";"344.49";"5791.1";"1142.6332";"12182.82";"20326.43";"1072.4572";"71.5042"
"C";"2026-01-31";"2026-02-01";"468.7076";"41.02";"-0.52";"231.93";"6452.2";"1142.6332";"12181.61";"20328.74";"1072.7296";"71.2319"
"C";"2026-01-30";"2026-01-31";"474.6302";"41.54";"-0.62";"265.93";"7322.7";"1142.6332";"12179.97";"20331.47";"1072.7296";"71.2319"
"E";"2026-01-29";"2026-01-30";"481.6663";"42.15";"-0.69";"175.3";"8118.6";"1142.6332";"12177.58";"20335.5";"1072.7091";"71.2524"
"E";"2026-01-28";"2026-01-29";"489.5725";"42.85";"-0.68";"152.48";"7931.1";"1142.6332";"12165.24";"20303.79";"1072.7091";"71.2524"
"E";"2026-01-27";"2026-01-28";"497.3464";"43.53";"-0.67";"225.52";"8164.4";"1142.6332";"12171.72";"20342.15";"1072.6341";"71.3274"
"C";"2026-01-26";"2026-01-27";"504.9772";"44.19";"-0.72";"456.32";"8621.4";"1142.6332";"12170.19";"20348.02";"1068.3638";"75.4057"
"C";"2026-01-25";"2026-01-26";"513.1807";"44.91";"-0.6";"487.52";"7174.4";"1142.6332";"12168.04";"20352.09";"1068.1142";"75.6553"
"C";"2026-01-24";"2026-01-25";"519.9876";"45.51";"-0.59";"389.22";"7052.6";"1142.6332";"12166.36";"20355.62";"1068.1147";"75.6548"
"C";"2026-01-23";"2026-01-24";"526.7837";"46.1";"-0.71";"224.82";"8347.5";"1142.6332";"12164.68";"20358.19";"1068.0554";"75.7142"
"C";"2026-01-22";"2026-01-23";"534.9317";"46.82";"-0.76";"186.64";"8796";"1142.6332";"12163.09";"20360.66";"1067.736";"75.7336"
"C";"2026-01-21";"2026-01-22";"543.5855";"47.57";"-0.73";"243.44";"8572.6";"1142.6332";"12152.08";"20327.06";"1067.5377";"75.7319"
"C";"2026-01-20";"2026-01-21";"551.883";"48.3";"-0.79";"84.07";"9081.8";"1142.6332";"12160.58";"20383.66";"1067.5391";"75.7305"
"C";"2026-01-19";"2026-01-20";"560.8588";"49.08";"-0.73";"64.27";"8387.7";"1142.6332";"12159.04";"20386.14";"1067.5214";"75.7481"
"C";"2026-01-18";"2026-01-19";"569.1522";"49.81";"-0.51";"439.04";"6270.4";"1142.6332";"12157.76";"20387.82";"1067.522";"75.7475"
"C";"2026-01-17";"2026-01-18";"574.9999";"50.32";"-0.5";"398.34";"6050.8";"1142.6332";"12156.67";"20389.53";"1067.5153";"75.7542"
"C";"2026-01-16";"2026-01-17";"580.6842";"50.82";"-0.5";"481.55";"6427.8";"1142.6332";"12155.58";"20391.19";"1067.5247";"75.7448"
"C";"2026-01-15";"2026-01-16";"586.4279";"51.32";"-0.54";"297.42";"6584.6";"1142.6332";"12154.61";"20446.85";"1067.3531";"75.9164"
"E";"2026-01-14";"2026-01-15";"592.6439";"51.87";"-0.62";"338.98";"7355.5";"1142.6332";"12143.63";"20412.66";"1067.3537";"75.9157"
"E";"2026-01-13";"2026-01-14";"599.6731";"52.48";"-0.69";"129.41";"8015.7";"1142.6332";"12152.38";"20450.43";"1067.3556";"75.9138"
"E";"2026-01-12";"2026-01-13";"607.6028";"53.18";"-0.79";"192.35";"9198.6";"1142.6332";"12151.26";"20452.52";"1067.3556";"75.9138"
"E";"2026-01-11";"2026-01-12";"616.6043";"53.96";"-0.76";"169.53";"8818.2";"1142.6377";"12150.12";"20454.41";"1067.3638";"75.9143"
"C";"2026-01-10";"2026-01-11";"625.2855";"54.72";"-0.76";"140.28";"8799.6";"1142.6377";"12102.04";"20471.23";"1219.9082";"-76.6301"
"C";"2026-01-09";"2026-01-10";"633.9911";"55.48";"-0.75";"124.16";"8662.5";"1142.6377";"12100.81";"20472.71";"1219.9102";"-76.6321"
"E";"2026-01-08";"2026-01-09";"642.5818";"56.24";"-0.9";"94.97";"10361.7";"1142.6377";"12099.48";"20474.3";"1067.3672";"75.9109"
"C";"2026-01-07";"2026-01-08";"652.8195";"57.13";"-0.9";"68.95";"10450.5";"1142.6377";"12088.44";"20440.3";"1067.3677";"75.9104"
"C";"2026-01-06";"2026-01-07";"663.0624";"58.03";"-0.85";"57.85";"9964.8";"1142.6223";"12098.4";"20475.69";"1067.3543";"75.9084"
"C";"2026-01-05";"2026-01-06";"672.7386";"58.88";"-0.86";"67.46";"9909.9";"1142.6223";"12101.11";"20470.57";"1067.3253";"75.9374"
"C";"2026-01-04";"2026-01-05";"682.5092";"59.73";"-0.66";"151.36";"7717.4";"1142.6223";"12099.96";"20472.12";"1219.8691";"-76.6064"
"C";"2026-01-03";"2026-01-04";"690.0975";"60.4";"-0.56";"243.71";"6669.6";"1142.6223";"12098.89";"20473.33";"1219.9032";"-76.6405"
"C";"2026-01-02";"2026-01-03";"696.5524";"60.96";"-0.54";"278.39";"6433.9";"1142.6223";"12097.82";"20474.53";"1219.9029";"-76.6402"
"C";"2026-01-01";"2026-01-02";"702.7194";"61.5";"0";"311.6";"5538.9";"1142.6223";"12097.16";"20475.32";"1219.8955";"-76.6328"
"C";"2025-12-31";"2026-01-01";"707.9809";"61.96";"-0.57";"151.92";"6656.7";"1142.6223";"12086.21";"20451.63";"1036.945";"71.071"
"C";"2025-12-30";"2025-12-31";"714.5191";"62.53";"-0.58";"121.86";"6781.9";"1142.6223";"12095.2";"20488.52";"1036.944";"71.072"
"E";"2025-12-29";"2025-12-30";"721.1907";"63.12";"-0.58";"119.34";"6734.2";"1142.6223";"12094.15";"20489.64";"1036.9373";"71.0788"
"E";"2025-12-28";"2025-12-29";"727.8156";"63.7";"-0.46";"236.71";"5423.8";"1142.6223";"12093.31";"20490.5";"1036.9391";"71.077"
"C";"2025-12-27";"2025-12-28";"733.0463";"64.15";"-0.45";"287.55";"5384.7";"1142.6223";"12092.38";"20491.66";"1036.9391";"71.077"
"C";"2025-12-26";"2025-12-27";"738.1811";"64.6";"-0.54";"190.63";"6383";"1142.6223";"12091.51";"20492.35";"1036.9391";"71.077"
"C";"2025-12-25";"2025-12-26";"744.4001";"65.15";"-0.52";"158.58";"6096.8";"1142.6223";"12090.63";"20492.85";"1036.9391";"71.077"
"C";"2025-12-24";"2025-12-25";"750.3407";"65.67";"-0.42";"243.39";"4967.3";"1142.6223";"12080.2";"20457.56";"1036.9391";"71.077"
"C";"2025-12-23";"2025-12-24";"755.0847";"66.08";"-0.4";"195.61";"4768.4";"1142.6223";"12089.95";"20493.35";"1036.9391";"71.077"
"C";"2025-12-22";"2025-12-23";"759.6671";"66.48";"-0.4";"264";"4839.5";"1142.6223";"12089.59";"20493.35";"1036.9391";"71.077"
"C";"2025-12-21";"2025-12-22";"764.2556";"66.89";"-0.28";"466.8";"3581.5";"1142.6223";"12089.36";"20493.36";"1036.9391";"71.077"
"C";"2025-12-20";"2025-12-21";"767.4224";"67.16";"-0.35";"336.3";"4277.9";"1142.6223";"12088.88";"20499.36";"1036.9391";"71.077"
"C";"2025-12-19";"2025-12-20";"771.4063";"67.51";"-0.34";"342.83";"4269.2";"1142.6223";"12088.55";"20499.37";"1036.7456";"71.077"
"C";"2025-12-18";"2025-12-19";"775.3372";"67.86";"-0.3";"1031.06";"4415";"1142.6223";"12091.56";"20493.38";"1036.7456";"71.077"
"E";"2025-12-17";"2025-12-18";"778.7355";"68.15";"-0.48";"224.89";"5747.2";"1142.6223";"12081.31";"20457.8";"1036.7471";"71.0755"
"C";"2025-12-16";"2025-12-17";"784.2598";"68.64";"-0.61";"211.08";"6322.1";"1142.6223";"12090.89";"20493.5";"1036.7496";"71.073"
"C";"2025-12-15";"2025-12-16";"791.2735";"69.25";"-0.47";"261.52";"5544.2";"1142.6223";"12090.47";"20493.6";"1036.7515";"71.0711"
"C";"2025-12-14";"2025-12-15";"796.7007";"69.73";"-0.31";"434.24";"4130.1";"1142.6223";"12090.04";"20493.6";"1036.7534";"71.0692"
"C";"2025-12-13";"2025-12-14";"800.2998";"70.04";"-0.35";"420.22";"4304.6";"1142.6223";"12089.58";"20493.6";"1036.7534";"71.0692"
"E";"2025-12-12";"2025-12-13";"804.3106";"70.39";"-0.45";"306.87";"5472.6";"1142.6223";"12088.68";"20494.31";"1036.7534";"71.0692"
"C";"2025-12-11";"2025-12-12";"809.4842";"70.84";"-0.39";"299.14";"4768.7";"1142.6223";"12087.84";"20495.02";"1019.1255";"88.6971"
"C";"2025-12-10";"2025-12-11";"813.9344";"71.23";"-0.29";"451.92";"3768.3";"1142.6223";"12060.79";"20410.59";"1019.1275";"88.6951"
"C";"2025-12-09";"2025-12-10";"817.2467";"71.52";"-0.27";"366.65";"3402.2";"1142.6223";"12062.61";"20414.58";"1036.7566";"71.066"
"C";"2025-12-08";"2025-12-09";"820.2888";"71.79";"-0.25";"679.87";"3442";"1142.6223";"12086.46";"20414.58";"1036.7566";"71.066"
"C";"2025-12-07";"2025-12-08";"823.0926";"72.04";"-0.23";"645.71";"3200.8";"1142.6223";"12086.27";"20500.26";"1036.7566";"71.066"
"C";"2025-12-06";"2025-12-07";"825.7073";"72.26";"-0.3";"389.14";"3801.6";"1142.6223";"12086.07";"20500.26";"1036.7496";"71.073"
"C";"2025-12-05";"2025-12-06";"829.1842";"72.57";"-0.51";"236.16";"5901.1";"1142.6223";"12061.17";"20415.29";"1036.7496";"71.073"
"E";"2025-12-04";"2025-12-05";"834.9909";"73.12";"-0.54";"158.45";"6557.8";"1141.9695";"11932.39";"20221.54";"1036.7576";"70.4122"
"E";"2025-12-03";"2025-12-04";"841.2033";"73.66";"-0.6";"151.74";"6994.9";"1141.9695";"11931.44";"20222.52";"1036.7576";"70.4122"
"C";"2025-12-02";"2025-12-03";"848.0658";"74.26";"-0.53";"161.07";"6205.5";"1141.9695";"11930.45";"20223.42";"1036.7576";"70.4122"
"E";"2025-12-01";"2025-12-02";"854.0887";"74.79";"-0.42";"175.39";"6004.6";"1141.9695";"11930.05";"20223.42";"1036.7576";"70.4122"
"C";"2025-11-30";"2025-12-01";"858.8652";"75.21";"-0.41";"326.57";"3926.1";"1141.9695";"11953.82";"20235.6";"1036.6787";"70.191"
"C";"2025-11-29";"2025-11-30";"863.5209";"75.62";"-0.32";"367.74";"4012.6";"1141.9695";"11953.61";"20235.6";"1036.6783";"70.1914"
"C";"2025-11-28";"2025-11-29";"867.2126";"75.94";"-0.46";"233.11";"5446.4";"1141.9695";"11953.07";"20236.13";"1036.6793";"70.1904"
"C";"2025-11-27";"2025-11-28";"872.4564";"76.4";"-0.53";"236.09";"6288.1";"1141.9695";"11952.21";"20236.99";"1036.6793";"70.1904"
"C";"2025-11-26";"2025-11-27";"878.5321";"76.93";"-0.59";"134.54";"6828.8";"1141.9695";"11927.21";"20152.3";"1036.6793";"70.1904"
"C";"2025-11-25";"2025-11-26";"885.2277";"77.52";"-0.56";"133.53";"6582.9";"1141.9695";"11926.2";"20153.23";"1036.6793";"70.1904"
"C";"2025-11-24";"2025-11-25";"891.6433";"78.08";"-0.55";"172.67";"6439.5";"1141.9695";"11925.25";"20154.16";"1036.6801";"70.1896"
"C";"2025-11-23";"2025-11-24";"897.9167";"78.63";"-0.44";"342.89";"5299.3";"1141.9695";"11948.53";"20240.77";"1036.6801";"70.1896"
"C";"2025-11-22";"2025-11-23";"902.917";"79.07";"-0.47";"233.77";"5584.9";"1141.9695";"11948.08";"20240.91";"1036.681";"70.1887"
"C";"2025-11-21";"2025-11-22";"908.2727";"79.54";"-0.6";"146.31";"7037.8";"1141.9695";"11947.48";"20240.91";"1036.6803";"70.1894"
"C";"2025-11-20";"2025-11-21";"915.1674";"80.14";"-0.56";"143.62";"6500.1";"1141.9695";"11946.96";"20187.41";"1036.6818";"70.1879"
"C";"2025-11-19";"2025-11-20";"921.5243";"80.7";"-0.47";"185.87";"5658.3";"1141.9695";"11946.51";"20151.71";"1036.6826";"70.1871"
"C";"2025-11-18";"2025-11-19";"926.8668";"81.16";"-0.46";"234.59";"4992.2";"1141.9695";"11970.01";"20187.6";"1036.5829";"70.2868"
"C";"2025-11-17";"2025-11-18";"932.1093";"81.62";"-0.27";"300.7";"3352.8";"1141.9695";"11969.83";"20187.6";"1039.827";"67.0427"
"C";"2025-11-16";"2025-11-17";"935.1818";"81.89";"-0.09";"631.66";"1601.3";"1141.9695";"11969.85";"20187.58";"1036.3925";"70.4772"
"C";"2025-11-15";"2025-11-16";"936.1688";"81.98";"-0.06";"825.07";"1449.1";"1141.9695";"11969.9";"20188.56";"1036.3925";"70.4772"
"C";"2025-11-14";"2025-11-15";"936.8021";"82.03";"-0.08";"739.24";"1993.1";"1141.9695";"11970.14";"20188.41";"1036.3924";"70.4773"
"C";"2025-11-13";"2025-11-14";"937.6918";"82.11";"-0.11";"682.14";"1896.8";"1141.9695";"11970.34";"20188.25";"1036.2936";"70.5761"
"C";"2025-11-12";"2025-11-13";"938.9399";"82.22";"-0.08";"822.38";"1713.5";"1141.9695";"11960.63";"20188.08";"1036.2939";"70.5758"
"C";"2025-11-11";"2025-11-12";"939.863";"82.3";"-0.08";"896.38";"1825.4";"1141.9695";"11970.98";"20187.32";"1036.2936";"70.5761"
"C";"2025-11-10";"2025-11-11";"940.8306";"82.39";"-0.16";"564.24";"2390.1";"1141.9695";"11971.17";"20187";"1036.3019";"70.5678"
"C";"2025-11-09";"2025-11-10";"942.7029";"82.55";"-0.06";"629.29";"1345.5";"1141.9695";"11971.11";"20187.01";"1036.3025";"70.5672"
"C";"2025-11-08";"2025-11-09";"943.4301";"82.61";"-0.07";"613.25";"1687";"1141.9695";"11971";"20187.01";"1036.2987";"70.571"
"C";"2025-11-07";"2025-11-08";"944.2237";"82.68";"-0.15";"470.15";"2186";"1141.9695";"11970.86";"20187.02";"1036.2698";"70.5766"
"C";"2025-11-06";"2025-11-07";"945.9339";"82.83";"-0.13";"568.9";"2090";"1141.9695";"11972.36";"20184.32";"1036.2402";"70.6062"
"C";"2025-11-05";"2025-11-06";"947.4576";"82.97";"-0.06";"702.94";"1328";"1141.9695";"11962.83";"20147.81";"1036.2168";"70.6296"
"C";"2025-11-04";"2025-11-05";"948.0877";"83.02";"0";"1037.46";"1001.2";"1141.9695";"11973.31";"20182.7";"1036.2165";"70.6299"
"C";"2025-11-03";"2025-11-04";"948.0577";"83.02";"0.12";"911.08";"1141.1";"1141.9695";"11949.63";"20182.22";"1036.216";"70.6304"
"C";"2025-11-02";"2025-11-03";"946.7112";"82.9";"0.09";"1575.96";"583";"1141.9695";"11949.8";"20182.04";"1036.1444";"70.702"
"C";"2025-11-01";"2025-11-02";"945.6996";"82.81";"-0.01";"1883.31";"457.5";"1141.9695";"11949.96";"20181.85";"1036.1718";"70.6979"
"C";"2025-10-31";"2025-11-01";"945.82";"82.82";"0.02";"1077.15";"801.2";"1141.9858";"11949.97";"20184.01";"1037.036";"69.8501"
"C";"2025-10-30";"2025-10-31";"945.5364";"82.8";"0.03";"922.01";"632.7";"1141.9858";"11949.9";"20184.01";"1037.037";"69.8491"
"E";"2025-10-29";"2025-10-30";"945.2471";"82.79";"-0.04";"770.78";"1207.6";"1141.7058";"11939.05";"20149.28";"1037.0389";"69.5672"
"C";"2025-10-28";"2025-10-29";"945.6908";"82.83";"0";"854.88";"836";"1141.7058";"11948.85";"20185.04";"1037.0189";"69.5672"
"C";"2025-10-27";"2025-10-28";"945.6729";"82.86";"-0.05";"868.28";"1482.2";"1141.3208";"11947.99";"20186.04";"1037.9075";"68.6785"
"E";"2025-10-26";"2025-10-27";"946.2501";"82.91";"0.01";"984.79";"762.5";"1141.3208";"11947.61";"20186.04";"1037.9075";"68.6785"
"E";"2025-10-25";"2025-10-26";"946.1085";"82.79";"0.03";"1105.99";"737.7";"1142.8285";"12171.58";"20496.48";"1039.4358";"68.8287"
"C";"2025-10-24";"2025-10-25";"945.7411";"82.86";"0.01";"948.25";"839.1";"1141.3208";"11923.11";"20074.36";"1037.7976";"68.7885"
"C";"2025-10-23";"2025-10-24";"945.644";"82.86";"0.04";"1131.81";"711.9";"1141.3208";"11923.16";"20074.14";"1037.7976";"68.7885"
"C";"2025-10-22";"2025-10-23";"945.2323";"82.82";"0";"877.08";"845.6";"1141.3208";"11922.98";"20074.14";"1037.7976";"68.7885"
"C";"2025-10-21";"2025-10-22";"945.19";"82.82";"-0.01";"934.59";"1061";"1141.3208";"11946.93";"20159.82";"1037.7982";"68.7091"
"C";"2025-10-20";"2025-10-21";"945.3056";"82.82";"-0.01";"781.4";"888.4";"1141.3367";"11946.72";"20159.98";"1038.6956";"67.9064"
"C";"2025-10-19";"2025-10-20";"945.4364";"82.84";"0.05";"1186.12";"568.5";"1141.3367";"11946.51";"20160.17";"1038.6962";"67.9058"
"C";"2025-10-18";"2025-10-19";"944.8355";"82.78";"0.04";"1060.31";"644.7";"1141.3367";"11946.25";"20160.47";"1038.6928";"67.9092"
"C";"2025-10-17";"2025-10-18";"944.4181";"82.75";"-0.05";"784.87";"1343.8";"1141.3367";"11945.86";"20160.77";"1038.6935";"67.9085"
"C";"2025-10-16";"2025-10-17";"944.9809";"82.81";"-0.12";"603.26";"1974.3";"1141.1617";"11889.92";"19962.96";"1038.1338";"67.9081"
"C";"2025-10-15";"2025-10-16";"946.3455";"82.93";"-0.11";"535.08";"1762.6";"1141.1617";"11899.35";"19852.54";"1038.0274";"68.0145"
"C";"2025-10-14";"2025-10-15";"947.5837";"83.04";"-0.06";"638.99";"1325.1";"1141.1617";"11987.33";"19730.52";"1038.0272";"68.0147"
"C";"2025-10-13";"2025-10-14";"948.2454";"83.09";"-0.05";"804.23";"1436.2";"1141.1617";"11903.86";"19805.25";"1038.0272";"66.8647"
"C";"2025-10-12";"2025-10-13";"948.8615";"83.15";"0.12";"1823.44";"470.7";"1141.1617";"11820.4";"19730.52";"1038.0272";"66.8647"
"C";"2025-10-11";"2025-10-12";"947.5078";"83.03";"0.15";"2015.37";"279.9";"1141.1617";"11619.1";"19587.63";"1038.0242";"66.8677"
"C";"2025-10-10";"2025-10-11";"945.7986";"82.88";"0.06";"1258.18";"563";"1141.1617";"11619.1";"19587.63";"1038.0249";"66.867"
"E";"2025-10-09";"2025-10-10";"945.1389";"82.82";"-0.01";"836.42";"900.9";"1141.1617";"11619.1";"19587.63";"1038.0195";"66.8666"
"E";"2025-10-08";"2025-10-09";"945.2087";"82.83";"-0.03";"849.27";"1263.9";"1141.1617";"11609.1";"19551.94";"1038.1419";"66.9683"
"E";"2025-10-07";"2025-10-08";"945.6054";"82.86";"-0.02";"870.19";"1124.7";"1141.1618";"11619.1";"19587.64";"1037.4457";"67.5061"
"E";"2025-10-06";"2025-10-07";"945.8675";"82.89";"0.01";"1395.81";"1278.3";"1141.1618";"11619.1";"19587.64";"1037.366";"67.5858"
"C";"2025-10-05";"2025-10-06";"945.7642";"82.88";"0.12";"1971.86";"557.5";"1141.1118";"11619.1";"19587.64";"1037.316";"67.5858"
"C";"2025-10-04";"2025-10-05";"944.3444";"82.75";"0.14";"1887.28";"354";"1141.2271";"11619.1";"19587.64";"1037.3591";"67.658"
"C";"2025-10-03";"2025-10-04";"942.7987";"82.61";"0.07";"1345.43";"573.1";"1141.2271";"12043.33";"20078.02";"1037.3591";"67.658"
"C";"2025-10-02";"2025-10-03";"942.028";"82.55";"-0.04";"761.86";"1272.6";"1141.2271";"12033.79";"20073.79";"1036.7295";"68.2876"
"C";"2025-10-01";"2025-10-02";"942.5355";"82.59";"0.22";"2051.59";"1181.2";"1141.2271";"12024.43";"20038.09";"1036.7304";"68.2866"
"C";"2025-09-30";"2025-10-01";"940.0239";"82.5";"-0.09";"1444.09";"1915.3";"1139.469";"12013.4";"20108.74";"1035.8635";"70.0346"
"E";"2025-09-29";"2025-09-30";"941.0451";"82.59";"0.09";"1489.73";"476";"1139.469";"12013.43";"20108.74";"1035.7343";"70.1638"
"C";"2025-09-28";"2025-09-29";"940.0407";"82.5";"0.16";"2105.93";"270.3";"1139.469";"12013.44";"20108.74";"1035.5503";"70.3478"
"C";"2025-09-27";"2025-09-28";"938.2152";"82.34";"0.17";"2130.89";"225.5";"1139.469";"12013.54";"20108.74";"1035.5482";"70.3498"
"C";"2025-09-26";"2025-09-27";"936.3198";"82.17";"0.09";"1460.24";"467.6";"1139.469";"12013.66";"20108.74";"1035.4996";"70.3985"
"C";"2025-09-25";"2025-09-26";"935.336";"82.09";"0.06";"1321.68";"575";"1139.469";"12013.86";"20108.74";"1035.4093";"70.489"
"C";"2025-09-24";"2025-09-25";"934.6222";"82.03";"0.06";"1313.95";"566.6";"1139.43";"12003.67";"20075.99";"1035.1534";"70.7058"
"E";"2025-09-23";"2025-09-24";"933.8856";"82";"0.07";"1384.49";"541.3";"1138.95";"11999.65";"20061.71";"1034.4589";"70.59"
"C";"2025-09-22";"2025-09-23";"933.0575";"81.96";"0.11";"1629.49";"358.3";"1138.39";"11991.65";"20033.15";"1032.4397";"72.6091"
"E";"2025-09-21";"2025-09-22";"931.8047";"81.85";"0.24";"2892.88";"167.7";"1138.39";"12012.79";"20108.13";"1032.8429";"72.6083"
"C";"2025-09-20";"2025-09-21";"929.0938";"81.61";"0.24";"2863.23";"145.6";"1138.39";"12012.92";"20108.13";"1032.8396";"72.6116"
"C";"2025-09-19";"2025-09-20";"926.3952";"81.38";"0.15";"2061.85";"369.1";"1138.39";"12012.94";"20108.13";"1032.8046";"72.6466"
"C";"2025-09-18";"2025-09-19";"924.7272";"81.23";"0.14";"1944.72";"305";"1138.39";"12012.98";"20108.13";"1032.6098";"72.8414"
"C";"2025-09-17";"2025-09-18";"923.119";"81.09";"0.12";"1871.83";"509.7";"1138.39";"11999.98";"20061.72";"1032.4144";"73.0368"
"E";"2025-09-16";"2025-09-17";"921.7775";"80.97";"0.15";"2154.15";"381.1";"1138.39";"11992.01";"20033.15";"1032.0308";"73.4204"
"C";"2025-09-15";"2025-09-16";"920.1172";"80.83";"0.23";"2771.35";"154.8";"1138.39";"12013.22";"20108.12";"1031.4528";"73.4384"
"C";"2025-09-14";"2025-09-15";"917.5251";"80.6";"0.25";"3155.62";"334.8";"1138.39";"12013.3";"20108.12";"1031.4528";"73.4384"
"E";"2025-09-13";"2025-09-14";"914.7343";"80.35";"0.24";"3070.4";"342.1";"1138.39";"12013.36";"20108.12";"1031.4498";"73.4414"
"C";"2025-09-12";"2025-09-13";"912.0313";"80.12";"0.17";"2307.07";"317.7";"1138.39";"12013.43";"20108.12";"1030.8286";"74.0627"
"C";"2025-09-11";"2025-09-12";"910.0601";"79.98";"0.12";"1943.11";"527.2";"1137.878";"12013.37";"20108.12";"1030.813";"73.8586"
"C";"2025-09-10";"2025-09-11";"908.6674";"79.86";"0.12";"1898.64";"451.3";"1137.878";"12004.35";"20075.99";"1030.8015";"73.8701"
"C";"2025-09-09";"2025-09-10";"907.2578";"79.73";"0.12";"1726.94";"359.2";"1137.878";"12013.21";"20108.12";"1029.9769";"74.4023"
"E";"2025-09-08";"2025-09-09";"905.8998";"79.63";"0.16";"2181.46";"412.7";"1137.594";"12013.14";"20108.12";"1029.9774";"74.1178"
"C";"2025-09-07";"2025-09-08";"904.1357";"79.48";"0.28";"3313.62";"129.8";"1137.594";"12013.21";"20108.12";"1029.4379";"74.6573"
"C";"2025-09-06";"2025-09-07";"900.9769";"79.2";"0.27";"3220.03";"158.6";"1137.594";"12013.22";"20108.12";"1029.4339";"74.6614"
"E";"2025-09-05";"2025-09-06";"897.9175";"78.95";"0.21";"2604.85";"225.1";"1137.344";"12013.28";"20061.71";"1028.8943";"74.951"
"E";"2025-09-04";"2025-09-05";"895.5008";"78.74";"0.23";"2724.41";"234.9";"1137.344";"12013.37";"20022.44";"1028.8831";"74.9622"
"E";"2025-09-03";"2025-09-04";"892.8834";"78.51";"0.23";"2833.14";"167.7";"1137.289";"11998.45";"20032.26";"1028.8118";"74.9786"
"E";"2025-09-02";"2025-09-03";"890.2405";"78.29";"0.21";"2365.04";"356.9";"1137.114";"11987.5";"20107.23";"1029.4255";"74.9939"
"E";"2025-09-01";"2025-09-02";"887.907";"78.1";"0.48";"5788.59";"273.1";"1136.814";"11990.67";"20107.23";"1028.8173";"75.3021"
"C";"2025-08-31";"2025-09-01";"882.4131";"77.65";"0.27";"3672.8";"227.7";"1136.3907";"12011.73";"20107.23";"1025.5748";"78.2753"
"E";"2025-08-30";"2025-08-31";"879.3787";"77.38";"0.3";"3665.56";"260.5";"1136.3907";"12011.81";"20107.23";"1025.0948";"78.7553"
"C";"2025-08-29";"2025-08-30";"876.0092";"77.09";"0.23";"2963.04";"302.3";"1136.3907";"12011.85";"20107.23";"1025.0951";"78.755"
"E";"2025-08-28";"2025-08-29";"873.3465";"76.85";"0.2";"2543.53";"267";"1136.3907";"12011.91";"20107.23";"1024.453";"79.3971"
"C";"2025-08-27";"2025-08-28";"871.0767";"76.64";"0.19";"2375.55";"216.4";"1136.513";"12002.93";"20075.1";"1023.9062";"80.0663"
"C";"2025-08-26";"2025-08-27";"868.9304";"76.46";"0.22";"2773.09";"280.4";"1136.513";"12011.95";"20107.23";"1023.9062";"80.0663"
"C";"2025-08-25";"2025-08-26";"866.4489";"76.24";"0.25";"3051.46";"225.3";"1136.513";"12012.03";"20107.23";"1023.7262";"80.2463"
"C";"2025-08-24";"2025-08-25";"863.6361";"75.99";"0.32";"3869.09";"180.8";"1136.513";"12012.13";"20107.23";"1023.7099";"80.2626"
"C";"2025-08-23";"2025-08-24";"859.9587";"75.67";"0.32";"3805.77";"143";"1136.513";"12012.24";"20107.23";"1023.7374";"80.2351"
"C";"2025-08-22";"2025-08-23";"856.3328";"75.35";"0.27";"3291.46";"249.2";"1136.513";"12012.32";"20107.23";"1023.7676";"80.2049"
"C";"2025-08-21";"2025-08-22";"853.2998";"75.08";"0.28";"3481.3";"271.2";"1136.513";"12012.41";"20107.23";"1023.7677";"80.2048"
"C";"2025-08-20";"2025-08-21";"850.11";"74.8";"0.27";"3369.31";"203.7";"1136.513";"12003.52";"20075.1";"1023.7668";"80.2057"
"C";"2025-08-19";"2025-08-20";"847.0535";"74.53";"0.29";"3479.71";"191.2";"1136.513";"12012.6";"20107.23";"1021.6058";"82.3667"
"C";"2025-08-18";"2025-08-19";"843.7771";"74.24";"0.29";"3510.36";"197.2";"1136.513";"12012.63";"20107.23";"1021.6058";"82.3667"
"C";"2025-08-17";"2025-08-18";"840.4749";"73.95";"0.32";"3940.07";"236.6";"1136.513";"12012.86";"20107.23";"980.8756";"123.0969"
"E";"2025-08-16";"2025-08-17";"836.7871";"73.63";"0.33";"3925.89";"227.2";"1136.513";"12013.15";"20107.23";"1021.5758";"82.3967"
"E";"2025-08-15";"2025-08-16";"833.0921";"73.31";"0.31";"3782.66";"240.1";"1136.4733";"12013.41";"20107.23";"1021.5978";"82.335"
"C";"2025-08-14";"2025-08-15";"829.5619";"72.99";"0.25";"3288.48";"383.9";"1136.4733";"12013.23";"20107.23";"1020.0966";"83.8362"
"C";"2025-08-13";"2025-08-14";"826.6932";"72.74";"0.24";"3162.86";"396.3";"1136.4733";"12004.37";"20075.1";"1017.7135";"86.2193"
"E";"2025-08-12";"2025-08-13";"823.9587";"72.54";"0.26";"3363.72";"368";"1135.9033";"12013.55";"20107.23";"1015.1422";"88.2206"
"C";"2025-08-11";"2025-08-12";"820.9914";"72.31";"0.3";"3778.54";"313.5";"1135.3745";"12013.78";"20107.23";"1013.2268";"89.6072"
"C";"2025-08-10";"2025-08-11";"817.5365";"72.01";"0.43";"4582.61";"178.8";"1135.3745";"12014.04";"20107.23";"1013.217";"89.617"
"C";"2025-08-09";"2025-08-10";"812.6139";"71.57";"0.36";"4302.76";"182.1";"1135.3745";"12014.32";"20107.23";"1013.2041";"89.63"
"C";"2025-08-08";"2025-08-09";"808.5427";"71.25";"0.31";"3783.18";"230.6";"1134.8745";"12008.58";"20101.23";"1010.2018";"92.1322"
"E";"2025-08-07";"2025-08-08";"804.99";"70.93";"0.31";"3817.39";"261";"1134.8745";"12008.83";"20101.23";"1009.2012";"93.1328"
"C";"2025-08-06";"2025-08-07";"801.4235";"70.62";"0.32";"3954.27";"242.1";"1134.8745";"12000.12";"20069.1";"1006.1626";"96.1714"
"C";"2025-08-05";"2025-08-06";"797.7614";"70.3";"0.33";"4034.7";"203.3";"1134.8745";"12009.41";"20101.23";"1005.8493";"96.4848"
"C";"2025-08-04";"2025-08-05";"793.9788";"69.96";"0.34";"3930.19";"143.9";"1134.8745";"12005.78";"20101.23";"1005.8491";"96.485"
"C";"2025-08-03";"2025-08-04";"790.1456";"69.62";"0.39";"4499.8";"91.6";"1134.8745";"12006.18";"20101.23";"1005.8491";"96.485"
"C";"2025-08-02";"2025-08-03";"785.7627";"69.24";"0.39";"4350.37";"98.4";"1134.8745";"12006.55";"20101.23";"1005.8471";"96.487"
"C";"2025-08-01";"2025-08-02";"781.3814";"68.85";"0.33";"3836.49";"144.1";"1134.8745";"12006.98";"20101.23";"1005.8823";"96.4518"
"E";"2025-07-31";"2025-08-01";"777.6828";"68.58";"0.3";"3556.43";"208.9";"1134.0588";"11976.47";"20093.41";"1003.6235";"98.2355"
"E";"2025-07-30";"2025-07-31";"774.3315";"68.28";"0.34";"4087.24";"182.8";"1133.9778";"11967.44";"20061.28";"1003.5425";"98.2355"
"C";"2025-07-29";"2025-07-30";"770.4294";"67.94";"0.35";"4211.19";"205.3";"1133.9778";"11976.82";"20093.41";"1155.8048";"-54.4268"
"C";"2025-07-28";"2025-07-29";"766.4301";"67.59";"0.3";"4227.22";"144.3";"1133.9778";"11977.19";"20093.41";"1155.7698";"-53.9918"
"C";"2025-07-27";"2025-07-28";"762.9945";"67.28";"0.45";"4574.04";"112";"1133.9778";"11977.53";"20093.41";"1155.7698";"-53.9918"
"C";"2025-07-26";"2025-07-27";"757.8855";"66.83";"0.37";"4246.76";"111.9";"1133.9778";"11977.86";"20093.4";"1155.7666";"-53.9886"
"E";"2025-07-25";"2025-07-26";"753.7458";"66.47";"0.28";"3409.29";"192.2";"1133.9778";"11978.13";"20093.4";"1155.8635";"-54.0855"
"C";"2025-07-24";"2025-07-25";"750.5542";"66.19";"0.25";"3266.96";"432.3";"1133.9778";"11978.42";"20093.4";"1155.7648";"-53.9868"
"C";"2025-07-23";"2025-07-24";"747.7495";"65.94";"0.29";"3550.2";"292.5";"1133.9778";"11969.73";"20061.27";"1155.7288";"-53.9508"
"C";"2025-07-22";"2025-07-23";"744.4957";"65.65";"0.3";"3595.82";"222.1";"1133.9778";"11978.93";"20093.39";"1155.6928";"-53.9148"
"C";"2025-07-21";"2025-07-22";"741.1396";"65.36";"0.28";"3417.74";"193.6";"1133.9381";"11979.25";"20093.38";"1155.6554";"-53.9171"
"C";"2025-07-20";"2025-07-21";"737.9326";"65.08";"0.37";"4362.72";"132.4";"1133.9381";"11979.58";"20093.38";"1155.4299";"-53.6916"
"E";"2025-07-19";"2025-07-20";"733.6984";"64.7";"0.36";"4272.34";"153.4";"1133.9381";"11979.91";"20093.06";"1155.4261";"-53.6878"
"C";"2025-07-18";"2025-07-19";"729.5904";"64.34";"0.29";"3479.08";"207";"1133.9381";"11980.41";"20092.58";"1156.2537";"-53.847"
"E";"2025-07-17";"2025-07-18";"726.3195";"64.05";"0.24";"3179.66";"393.5";"1133.9381";"11980.12";"20093.37";"1153.5666";"-51.1598"
"C";"2025-07-16";"2025-07-17";"723.6439";"63.82";"0.21";"3495.28";"338";"1133.9381";"11971.56";"20061.11";"1153.5666";"-51.1598"
"E";"2025-07-15";"2025-07-16";"721.2713";"63.61";"0.28";"3440.75";"215.2";"1133.9381";"11980.9";"20093.23";"1153.5666";"-51.1598"
"C";"2025-07-14";"2025-07-15";"718.0468";"63.32";"0.3";"3692.27";"254";"1133.9381";"11981.26";"20093.23";"1153.0676";"-50.6608"
"E";"2025-07-13";"2025-07-14";"714.6148";"63.02";"0.39";"4543.4";"170.2";"1133.9381";"11981.56";"20120.09";"1152.5956";"-50.6568"
"C";"2025-07-12";"2025-07-13";"710.2419";"62.63";"0.4";"4495.36";"212.2";"1133.9381";"11981.84";"20120.02";"1152.5963";"-50.6575"
"E";"2025-07-11";"2025-07-12";"705.7032";"62.23";"0.32";"3944.53";"227.9";"1133.9381";"11982.24";"20119.63";"1152.6964";"-50.7576"
"E";"2025-07-10";"2025-07-11";"702.056";"61.92";"0.35";"4071.92";"212.7";"1133.8586";"11982.72";"20119.11";"1152.6179";"-50.7585"
"C";"2025-07-09";"2025-07-10";"698.1407";"61.56";"-0.03";"4095.75";"211.2";"1134.0454";"11974.18";"20086.66";"1151.4241";"-49.378"
"C";"2025-07-08";"2025-07-09";"698.4266";"61.59";"0.65";"3737.55";"165.8";"1134.0455";"11983.8";"20118.05";"992.6127";"109.191"
"C";"2025-07-07";"2025-07-08";"691.1066";"60.94";"0.29";"3590.19";"216.4";"1134.0456";"11984.4";"20117.4";"992.4008";"109.1901"
"C";"2025-07-06";"2025-07-07";"687.8204";"60.65";"0.35";"4134.33";"187.5";"1134.0456";"11985.04";"20116.73";"992.3804";"109.2105"
"E";"2025-07-05";"2025-07-06";"683.8555";"60.3";"0.33";"4262";"148.9";"1134.0457";"11985.71";"20116.01";"992.3532";"109.2378"
"E";"2025-07-04";"2025-07-05";"680.1492";"59.98";"0.28";"3532.29";"326.2";"1134.046";"11986.34";"20115.32";"995.7865";"105.8047"
"E";"2025-07-03";"2025-07-04";"676.9345";"59.69";"0.25";"3276.18";"409.7";"1134.0463";"11984.47";"20119.38";"995.6525";"105.9391"
"E";"2025-07-02";"2025-07-03";"674.0766";"59.44";"0.29";"3561.13";"186";"1134.0429";"11975.94";"20087.01";"994.1042";"107.4839"
"E";"2025-07-01";"2025-07-02";"670.7453";"59.15";"0.25";"3133.9";"329.9";"1134.0429";"11985.4";"20118.64";"993.8649";"107.7232"
"E";"2025-06-30";"2025-07-01";"667.9449";"58.9";"0.31";"3820.73";"328.2";"1134.0429";"11960.15";"20118.03";"994.34";"108.9203"
"E";"2025-06-29";"2025-06-30";"664.4431";"58.59";"0.41";"4987.9";"327.8";"1134.0429";"11960.72";"20117.44";"995.9496";"109.4203"
"E";"2025-06-28";"2025-06-29";"659.7692";"58.18";"0.4";"4838.68";"250.4";"1134.0429";"11961.32";"20116.84";"995.9466";"109.4233"
"E";"2025-06-27";"2025-06-28";"655.1932";"57.77";"0.35";"4155.61";"438";"1134.0429";"11961.96";"20116.22";"995.8736";"109.4963"
"E";"2025-06-26";"2025-06-27";"651.2044";"57.42";"0.25";"3801.85";"548.4";"1134.0429";"11962.52";"20115.59";"996.0767";"109.523"
"E";"2025-06-25";"2025-06-26";"648.3348";"57.17";"0.26";"3448.79";"515.5";"1134.0429";"11954.02";"20083.03";"995.9038";"109.6959"
"E";"2025-06-24";"2025-06-25";"645.3566";"56.91";"0.32";"3919.19";"340.8";"1134.0429";"11961.61";"20118.02";"995.3155";"110.2843"
"E";"2025-06-23";"2025-06-24";"641.762";"56.59";"0.36";"4419.11";"337.8";"1134.0429";"11962.1";"20117.7";"995.814";"109.7858"
"E";"2025-06-22";"2025-06-23";"637.7261";"56.23";"0.42";"5020.2";"207.5";"1134.0429";"11962.63";"20117.39";"949.0304";"109.7857"
"E";"2025-06-21";"2025-06-22";"632.9427";"55.81";"0.42";"4956.09";"218.7";"1134.0429";"11963.17";"20117.07";"995.814";"109.7858"
"E";"2025-06-20";"2025-06-21";"628.224";"55.4";"0.34";"4234.92";"277.3";"1134.0428";"11963.59";"20116.76";"995.3151";"110.2847"
"E";"2025-06-19";"2025-06-20";"624.356";"55.06";"0.34";"4221.91";"285.8";"1134.0428";"11962.81";"20118.63";"995.1622";"110.4376"
"E";"2025-06-18";"2025-06-19";"620.5082";"54.72";"0.33";"4030.44";"260.1";"1134.0428";"11950.26";"20086.22";"995.14";"110.4023"
"E";"2025-06-17";"2025-06-18";"616.7316";"54.38";"0.31";"3828.35";"274.9";"1134.0428";"11943.71";"20118.04";"995.14";"110.4023"
"E";"2025-06-16";"2025-06-17";"613.1742";"54.07";"0.29";"3676.32";"383.9";"1134.0428";"11964.13";"20117.59";"995.2112";"110.3311"
"E";"2025-06-15";"2025-06-16";"609.875";"53.78";"0.38";"4567.68";"256.4";"1134.0428";"11964.62";"20117.15";"995.2115";"110.3308"
"E";"2025-06-14";"2025-06-15";"605.5624";"53.4";"0.38";"4550.53";"229.5";"1134.0428";"11965.18";"20116.7";"994.5335";"111.0088"
"E";"2025-06-13";"2025-06-14";"601.2336";"53.02";"0.27";"3766.54";"736.9";"1134.0428";"11965.74";"20116.27";"994.5881";"110.9543"
"E";"2025-06-12";"2025-06-13";"598.197";"52.75";"0.31";"3803.11";"316";"1134.0428";"11966.09";"20116.1";"994.5881";"110.9543"
"E";"2025-06-11";"2025-06-12";"594.7098";"52.44";"0.32";"3903.95";"242.2";"1134.0428";"11957.45";"20083.78";"994.5679";"110.9745"
"E";"2025-06-10";"2025-06-11";"591.0686";"52.12";"0.33";"4021.71";"262.6";"1134.0428";"11966.81";"20115.15";"993.3922";"112.1501"
"E";"2025-06-09";"2025-06-10";"587.3371";"51.79";"0.39";"4551.4";"178.9";"1134.0428";"11967.35";"20114.55";"992.5419";"113.0004"
"E";"2025-06-08";"2025-06-09";"582.9537";"51.4";"0.43";"5096.4";"170";"1134.0428";"11967.85";"20113.98";"990.3008";"113.8087"
"E";"2025-06-07";"2025-06-08";"578.0355";"50.97";"0.44";"5094.68";"107.6";"1134.0428";"11968.38";"20113.16";"990.3008";"113.8087"
"E";"2025-06-06";"2025-06-07";"573.0248";"50.53";"0.36";"4263.02";"139.3";"1134.0428";"12007.38";"20112.14";"990.3009";"113.8086"
"E";"2025-06-05";"2025-06-06";"568.9069";"50.17";"0.28";"3448.84";"287.5";"1134.0428";"12006.57";"20113.46";"990.0249";"114.0846"
"E";"2025-06-04";"2025-06-05";"565.749";"49.89";"0.34";"3931.5";"208.3";"1134.0428";"11998.4";"20079.76";"989.444";"114.6656"
"E";"2025-06-03";"2025-06-04";"561.933";"49.55";"0.33";"4047";"253.7";"1134.0428";"12008.25";"20110.18";"989.4459";"114.6637"
"E";"2025-06-02";"2025-06-03";"558.1412";"49.22";"0.34";"4018.62";"218.4";"1134.0428";"12009.17";"20108.79";"988.8513";"115.2583"
"E";"2025-06-01";"2025-06-02";"554.2967";"48.88";"0.61";"6030.89";"134";"1134.0428";"12010.02";"20107.14";"985.3515";"118.758"
"E";"2025-05-31";"2025-06-01";"547.3702";"48.34";"0.45";"5207.5";"186.5";"1132.2823";"12008.25";"20082.94";"987.4039";"116.002"
"E";"2025-05-30";"2025-05-31";"542.3017";"47.89";"0.37";"4342.44";"160.1";"1132.2823";"12009.64";"20080.87";"982.755";"120.6509"
"E";"2025-05-29";"2025-05-30";"538.1239";"47.53";"0.35";"4146.18";"137.2";"1132.2823";"12010.84";"20078.82";"982.4541";"120.9518"
"E";"2025-05-28";"2025-05-29";"534.1083";"47.17";"0.29";"3425.7";"159.9";"1132.2823";"12002.69";"20045.23";"982.455";"120.9509"
"E";"2025-05-27";"2025-05-28";"530.8541";"46.88";"0.29";"3518.1";"243.6";"1132.2823";"12008.74";"20076.29";"982.3511";"121.0547"
"E";"2025-05-26";"2025-05-27";"527.6026";"46.6";"0.28";"3472.46";"253.8";"1132.2823";"12009.89";"20074.32";"982.1213";"121.0548"
"E";"2025-05-25";"2025-05-26";"524.382";"46.31";"0.36";"4173.46";"94.7";"1132.2823";"12011.19";"20072.25";"982.1144";"121.0617"
"E";"2025-05-24";"2025-05-25";"520.3227";"45.95";"0.28";"3477.99";"295.6";"1132.2823";"12012.22";"20070.61";"982.1213";"121.0548"
"E";"2025-05-23";"2025-05-24";"517.1379";"45.69";"0.22";"2861.67";"350.8";"1131.7337";"12007.07";"20058.4";"981.4657";"121.1619"
"E";"2025-05-22";"2025-05-23";"514.6294";"45.47";"0.19";"2617.01";"496.5";"1131.7337";"12008.19";"20056.53";"980.1068";"122.5208"
"E";"2025-05-21";"2025-05-22";"512.5248";"45.29";"0.13";"2267.39";"809.5";"1131.7337";"11998.97";"20024.69";"978.6817";"123.9459"
"E";"2025-05-20";"2025-05-21";"511.0729";"45.16";"0.23";"2897.08";"300";"1131.7337";"12004.89";"20054.59";"977.794";"124.8335"
"E";"2025-05-19";"2025-05-20";"508.4645";"44.93";"0.21";"2902.57";"503.4";"1131.7337";"12005.82";"20052.94";"977.6414";"124.7559"
"E";"2025-05-18";"2025-05-19";"506.054";"44.71";"0.28";"3480.32";"253.9";"1131.7337";"12006.71";"20051.44";"974.5721";"127.6712"
"E";"2025-05-17";"2025-05-18";"502.833";"44.43";"0.31";"3661.4";"208.8";"1131.7337";"12007.85";"20049.61";"974.5718";"127.6715"
"E";"2025-05-16";"2025-05-17";"499.3776";"44.13";"0.24";"3162.81";"432.7";"1131.7337";"11970.68";"20047.53";"973.2075";"129.0357"
"E";"2025-05-15";"2025-05-16";"496.6239";"43.88";"0.24";"3172.93";"411.8";"1131.7337";"11972.04";"20045.33";"972.5612";"129.9118"
"E";"2025-05-14";"2025-05-15";"493.8821";"43.64";"0.28";"3450.3";"233.4";"1131.7337";"11964.4";"20011.06";"973.6739";"128.7992"
"E";"2025-05-13";"2025-05-14";"490.6674";"43.36";"0.26";"3209.13";"252.4";"1131.7337";"11973.88";"20042.42";"973.0114";"129.4617"
"E";"2025-05-12";"2025-05-13";"487.7306";"43.1";"0.28";"3411.6";"192.7";"1131.7337";"11974.68";"20041.1";"972.8118";"129.6613"
"E";"2025-05-11";"2025-05-12";"484.5063";"42.83";"0.36";"4201.25";"136.8";"1131.3343";"11972.39";"20023.5";"972.4123";"130.0608"
"E";"2025-05-10";"2025-05-11";"480.445";"42.47";"0.34";"4047.1";"193.3";"1131.3342";"11973.49";"20021.73";"972.4133";"130.0598"
"E";"2025-05-09";"2025-05-10";"476.5988";"42.16";"0.24";"3080.71";"381";"1130.3984";"11974.16";"20020.49";"971.4775";"130.0598"
"E";"2025-05-08";"2025-05-09";"473.9098";"41.92";"0.1";"2654.91";"410";"1130.3984";"11972.96";"20022.67";"968.709";"132.8689"
"E";"2025-05-07";"2025-05-08";"472.827";"41.79";"0.2";"2731.09";"438.8";"1131.3342";"11973.39";"20021.97";"969.5105";"132.7832"
"E";"2025-05-06";"2025-05-07";"470.5283";"41.59";"0.22";"2909.17";"398.8";"1131.3342";"11973.63";"20021.59";"969.0645";"133.2292"
"E";"2025-05-05";"2025-05-06";"468.0224";"41.4";"0.26";"3322.26";"357.8";"1130.3984";"11974.02";"20020.94";"968.1982";"133.1599"
"E";"2025-05-04";"2025-05-05";"465.0759";"41.14";"0.4";"4664.26";"144.9";"1130.3984";"11974.78";"20019.79";"968.1999";"133.1582"
"E";"2025-05-03";"2025-05-04";"460.5519";"40.74";"0.44";"5112.97";"93.1";"1130.3984";"11975.55";"20018.62";"968.1952";"133.1629"
"E";"2025-05-02";"2025-05-03";"455.5432";"40.3";"0.4";"4589.68";"95.4";"1130.3984";"11976.32";"20017.34";"968.2617";"133.0963"
"E";"2025-05-01";"2025-05-02";"451.046";"39.9";"0.41";"4777.71";"168.4";"1130.3984";"11976.82";"20016.48";"968.2617";"133.0963"
"E";"2025-04-30";"2025-05-01";"446.4651";"39.53";"0.3";"3596.87";"247.5";"1129.4401";"11945.28";"20041.6";"974.1876";"127.777"
"E";"2025-04-29";"2025-04-30";"443.0395";"39.23";"0.26";"3214.34";"249.6";"1129.3285";"11949.12";"20072.32";"973.2108";"128.6421"
"E";"2025-04-28";"2025-04-29";"440.0938";"38.96";"0.27";"3195.02";"185.5";"1129.487";"11949.43";"20071.89";"971.3328";"130.6788"
"E";"2025-04-27";"2025-04-28";"437.0962";"38.7";"0.27";"3468.76";"114.9";"1129.5277";"11949.83";"20071.25";"972.7667";"129.2854"
"E";"2025-04-26";"2025-04-27";"434.0204";"38.42";"0.28";"3342.66";"164.3";"1129.5277";"11950.23";"20070.66";"972.7487";"129.3034"
"E";"2025-04-25";"2025-04-26";"430.8406";"38.14";"0.22";"2708.62";"228";"1129.5277";"11950.28";"20070.58";"972.2962";"129.7559"
"E";"2025-04-24";"2025-04-25";"428.3526";"37.92";"0.18";"2335.28";"268.5";"1129.5277";"11918.9";"20073.15";"971.8955";"130.1566"
"E";"2025-04-23";"2025-04-24";"426.2899";"37.74";"0.2";"2466.09";"240.9";"1129.5277";"11787.89";"19824.04";"972.2343";"129.2904"
"E";"2025-04-22";"2025-04-23";"424.0635";"37.54";"0.21";"2697.02";"288.3";"1129.5277";"11796.95";"19856.09";"971.8717";"129.3456"
"E";"2025-04-21";"2025-04-22";"421.6516";"37.33";"0.28";"3432.21";"222.1";"1129.5277";"11772.34";"19855.42";"971.8717";"129.3456"
"E";"2025-04-20";"2025-04-21";"418.4597";"37.05";"0.3";"3611.24";"112.8";"1129.5277";"11757.24";"19854.81";"971.8718";"129.3455"
"E";"2025-04-19";"2025-04-20";"415.069";"36.75";"0.29";"3398.41";"116.6";"1129.5277";"11757.64";"19854.22";"971.8682";"129.3492"
"E";"2025-04-18";"2025-04-19";"411.7976";"36.46";"0.2";"2579.55";"330.8";"1129.5277";"11757.79";"19853.92";"971.8647";"129.3527"
"E";"2025-04-17";"2025-04-18";"409.5489";"36.26";"0.15";"2120.13";"436.3";"1129.5277";"11757.78";"19853.96";"967.247";"133.9703"
"E";"2025-04-16";"2025-04-17";"407.8693";"36.11";"0.13";"2112.54";"616.1";"1129.5277";"11749.07";"19821.32";"966.4639";"134.7534"
"E";"2025-04-15";"2025-04-16";"406.4016";"35.98";"0.17";"2471.77";"695";"1129.5277";"11758.93";"19852.01";"964.2937";"136.9236"
"E";"2025-04-14";"2025-04-15";"404.5345";"35.81";"0.18";"2495.73";"441.9";"1129.7121";"11759.47";"19851.11";"964.5767";"136.3842"
"E";"2025-04-13";"2025-04-14";"402.479";"35.63";"0.27";"3310.49";"278.9";"1129.7121";"11760.58";"19849.27";"964.9362";"136.0246"
"E";"2025-04-12";"2025-04-13";"399.4541";"35.36";"0.24";"3090.44";"379";"1129.7121";"11761.62";"19847.5";"964.9362";"136.0246"
"E";"2025-04-11";"2025-04-12";"396.7629";"35.12";"0.1";"1913.72";"835.8";"1129.7121";"11762.45";"19846.09";"964.7612";"136.1997"
"E";"2025-04-10";"2025-04-11";"395.6829";"35.03";"0.04";"1639.55";"1219.9";"1129.7121";"11762.8";"19845.58";"963.2736";"137.6872"
"E";"2025-04-09";"2025-04-10";"395.2641";"34.99";"0.01";"1260.44";"1186.1";"1129.7121";"11763.06";"19813.04";"958.5242";"141.6324"
"E";"2025-04-08";"2025-04-09";"395.1828";"34.98";"-0.02";"1155.81";"1462.8";"1129.7121";"11763.26";"19844.86";"953.7593";"146.3353"
"E";"2025-04-07";"2025-04-08";"395.4332";"35";"-0.02";"1360.99";"1572.6";"1129.7124";"11763.39";"19844.78";"952.0215";"148.0731"
"E";"2025-04-06";"2025-04-07";"395.6378";"35.02";"0.21";"2168.9";"684.6";"1129.714";"11760.7";"19840.3";"952.8135";"147.2826"
"E";"2025-04-05";"2025-04-06";"393.2683";"34.81";"0.2";"2604.54";"349.6";"1129.714";"11747.03";"19839.7";"1105.0544";"-4.9584"
"E";"2025-04-04";"2025-04-05";"391.0148";"34.61";"0.14";"2089.65";"477.3";"1129.714";"11747.37";"19838.88";"1105.0545";"-4.9585"
"E";"2025-04-03";"2025-04-04";"389.4104";"34.47";"0.07";"1535.76";"729.5";"1129.714";"11747.58";"19838.36";"1104.4679";"-4.3719"
"E";"2025-04-02";"2025-04-03";"388.6443";"34.4";"0.09";"1637.72";"663.5";"1129.714";"11745.48";"19796.22";"951.0659";"148.1028"
"E";"2025-04-01";"2025-04-02";"387.6746";"34.3";"0.01";"2721.96";"905.3";"1130.2509";"11738.22";"19831.19";"943.2107";"158.3944"
"E";"2025-03-31";"2025-04-01";"387.5658";"33.8";"0.07";"1319.96";"1687.1";"1146.5096";"11762.69";"19590.13";"1073.4644";"75.9278"
"E";"2025-03-30";"2025-03-31";"386.7327";"33.67";"0.09";"1576.42";"705.3";"1148.5747";"11763.16";"19589.25";"1073.8279";"75.0283"
"E";"2025-03-29";"2025-03-30";"385.7546";"33.59";"0.07";"1575.03";"766.8";"1148.5747";"11554.45";"19275.99";"1072.2831";"75.526"
"E";"2025-03-28";"2025-03-29";"384.9341";"33.51";"0";"1281.36";"1125.2";"1148.5747";"11763.61";"19588.06";"1073.8252";"74.9036"
"E";"2025-03-27";"2025-03-28";"384.8768";"33.51";"-0.05";"1039.55";"1312.6";"1148.5742";"11763.59";"19588.04";"1073.8202";"74.8338"
"E";"2025-03-26";"2025-03-27";"385.4159";"33.56";"-0.1";"867.59";"1639.6";"1148.5741";"11763.48";"19558.15";"1073.8188";"74.7739"
"E";"2025-03-25";"2025-03-26";"386.5466";"33.65";"-0.11";"839.88";"1629.3";"1148.5738";"11763.47";"19590.23";"1073.8171";"74.6258"
"E";"2025-03-24";"2025-03-25";"387.7754";"33.76";"-0.11";"825.11";"1591";"1148.5735";"11762.19";"19582.11";"1073.8157";"74.465"
"E";"2025-03-23";"2025-03-24";"389.0064";"33.87";"0.03";"1466.54";"926";"1148.5734";"11762.42";"19581.43";"1067.7589";"74.3214"
"E";"2025-03-22";"2025-03-23";"388.6284";"33.84";"0.06";"1764.15";"799.4";"1148.5732";"11762.77";"19580.48";"1067.7576";"74.1234"
"E";"2025-03-21";"2025-03-22";"387.9437";"33.78";"-0.03";"1519.88";"1412.1";"1148.5731";"11764.18";"19588.18";"1067.7561";"73.9956"
"E";"2025-03-20";"2025-03-21";"388.3289";"33.81";"-0.15";"875.18";"1988.9";"1148.5729";"11763.34";"19579.89";"1067.7538";"73.8677"
"E";"2025-03-19";"2025-03-20";"390.0208";"33.96";"-0.23";"506.19";"2605.7";"1148.5727";"11755.48";"19588.29";"1067.7419";"73.6313"
"E";"2025-03-18";"2025-03-19";"392.7138";"34.19";"-0.28";"413.76";"3075.3";"1148.5727";"11740.42";"19588.43";"1065.9101";"74.3562"
"E";"2025-03-17";"2025-03-18";"395.9337";"34.47";"-0.3";"323.84";"3134.6";"1148.5726";"11740.3";"19588.72";"1066.8216";"74.0958"
"E";"2025-03-16";"2025-03-17";"399.4292";"34.78";"-0.18";"434.15";"2281.8";"1148.5726";"11740.16";"19589.09";"1066.82";"73.0118"
"E";"2025-03-15";"2025-03-16";"401.5407";"34.96";"-0.2";"411.4";"2472.1";"1148.5726";"11740.01";"19592.47";"1066.819";"72.7497"
"E";"2025-03-14";"2025-03-15";"403.8788";"35.16";"-0.31";"290.04";"3512.9";"1148.5725";"11739.56";"19593.65";"1066.8178";"72.4877"
"E";"2025-03-13";"2025-03-14";"407.4191";"35.47";"-0.36";"260.21";"3786";"1148.5724";"11739.24";"19594.47";"1066.8175";"72.2673"
"E";"2025-03-12";"2025-03-13";"411.5052";"35.83";"-0.33";"313.52";"3443.3";"1148.5723";"11738.88";"19563.26";"1063.2476";"74.181"
"E";"2025-03-11";"2025-03-12";"415.3113";"36.16";"-0.26";"331.93";"2808.9";"1148.5723";"11738.52";"19596.35";"1063.2484";"73.9207"
"E";"2025-03-10";"2025-03-11";"418.35";"36.42";"-0.18";"661.83";"2025.7";"1148.5723";"11738.33";"19598.83";"1063.249";"73.6683"
"E";"2025-03-09";"2025-03-10";"420.3974";"36.6";"-0.03";"1237.26";"1164.8";"1148.5722";"11762.39";"19598.68";"1063.2572";"73.5422"
"E";"2025-03-08";"2025-03-09";"420.7237";"36.63";"-0.03";"1312.53";"1222.8";"1148.5721";"11761.18";"19590.37";"1217.5948";"-80.9631"
"E";"2025-03-07";"2025-03-08";"421.0133";"36.66";"-0.15";"725.02";"1861.2";"1148.572";"11762.3";"19598.86";"1063.2482";"73.2206"
"E";"2025-03-06";"2025-03-07";"422.7689";"36.81";"-0.19";"719.92";"2295.4";"1148.572";"11762.29";"19598.89";"1063.2463";"73.0232"
"E";"2025-03-05";"2025-03-06";"424.9185";"37";"-0.25";"448.48";"2688";"1148.572";"11753.14";"19568.15";"1063.246";"72.8052"
"E";"2025-03-04";"2025-03-05";"427.7978";"37.25";"-0.31";"383.35";"3375.7";"1148.572";"11760.64";"19667.4";"1063.2475";"72.5854"
"E";"2025-03-03";"2025-03-04";"431.3793";"37.56";"-0.35";"271.07";"3632.9";"1148.5719";"11760.41";"19668";"1063.3544";"72.2603"
"E";"2025-03-02";"2025-03-03";"435.4441";"37.91";"-0.25";"350.57";"2969.9";"1148.5719";"11760.11";"19668.77";"1063.3557";"72.0609"
"E";"2025-03-01";"2025-03-02";"438.332";"38.16";"-0.06";"219.02";"3346.4";"1148.5719";"11759.84";"19669.49";"1062.4457";"71.8425"
"E";"2025-02-28";"2025-03-01";"438.9927";"38.18";"-0.87";"172.12";"6446.2";"1149.7577";"11757.28";"19679.37";"1069.5728";"71.6236"
"E";"2025-02-27";"2025-02-28";"449.0092";"39.05";"-0.42";"217.84";"4330.2";"1149.7577";"11756.89";"19680.37";"1069.5728";"71.5412"
"E";"2025-02-26";"2025-02-27";"453.8075";"39.47";"-0.38";"359.7";"4081";"1149.7577";"11747.76";"19648.58";"1066.4195";"71.4183"
"E";"2025-02-25";"2025-02-26";"458.2221";"39.85";"-0.37";"442.51";"3797.5";"1149.7577";"11756.46";"19681.52";"1069.5745";"71.1782"
"E";"2025-02-24";"2025-02-25";"462.4295";"40.22";"-0.29";"814.13";"3351.1";"1149.7577";"11756.59";"19681.18";"1069.5756";"71.0257"
"E";"2025-02-23";"2025-02-24";"465.8165";"40.51";"-0.19";"1073";"2774.3";"1149.7577";"11756.74";"19680.76";"1069.5756";"70.7439"
"E";"2025-02-22";"2025-02-23";"468.0365";"40.7";"-0.26";"812.2";"3096.7";"1149.9987";"11756.99";"19680.12";"1069.8166";"70.4622"
"E";"2025-02-21";"2025-02-22";"470.9774";"40.95";"-0.37";"679.04";"4180";"1149.9987";"11757.03";"19680.02";"1069.8158";"70.1812"
"E";"2025-02-20";"2025-02-21";"475.2035";"41.32";"-0.53";"437.42";"5706.1";"1149.9987";"11756.95";"19686.21";"1069.8177";"69.8977"
"E";"2025-02-19";"2025-02-20";"481.3333";"41.86";"-0.65";"269.1";"6989.3";"1149.9987";"11747.57";"19655.1";"1058.8741";"69.6107"
"E";"2025-02-18";"2025-02-19";"488.8278";"42.59";"-0.74";"167.19";"8695.3";"1147.7502";"11756.06";"19688.56";"1056.6259";"69.3664"
"E";"2025-02-17";"2025-02-18";"497.3774";"43.33";"-0.73";"112.42";"8658.6";"1147.7502";"11755.5";"19690.04";"1056.6169";"69.1111"
"E";"2025-02-16";"2025-02-17";"505.744";"44.06";"-0.55";"267.83";"6553.2";"1147.7502";"11755.07";"19691.19";"1056.6269";"68.942"
"E";"2025-02-15";"2025-02-16";"512.098";"44.62";"-0.58";"147.55";"6827.4";"1147.7502";"11754.65";"19692.29";"1056.6269";"68.783"
"E";"2025-02-14";"2025-02-15";"518.7628";"45.2";"-0.7";"165.63";"8179.2";"1147.7502";"11754.06";"19693.85";"1056.6289";"68.622"
"E";"2025-02-13";"2025-02-14";"526.7664";"45.9";"-0.68";"129.27";"8011.6";"1147.7502";"11753.46";"19695.45";"1056.5228";"68.4137"
"E";"2025-02-12";"2025-02-13";"534.5181";"46.49";"-0.66";"138.13";"6820.9";"1149.7577";"11743.87";"19664.86";"1058.5329";"68.1035"
"E";"2025-02-11";"2025-02-12";"542.1613";"47.24";"-0.64";"216.72";"7615.7";"1147.7502";"11752.3";"19698.5";"1056.5249";"67.7965"
"E";"2025-02-10";"2025-02-11";"549.5619";"47.88";"-0.59";"236.12";"6990.6";"1147.7502";"11751.9";"19701.56";"1056.5254";"67.4884"
"E";"2025-02-09";"2025-02-10";"556.2994";"48.38";"-0.45";"293.93";"4713.6";"1149.7577";"11751.71";"19702.06";"1058.5334";"67.2476"
"E";"2025-02-08";"2025-02-09";"561.4825";"48.92";"-0.49";"253.98";"5845.8";"1147.7502";"11751.52";"19702.56";"1056.5258";"66.9604"
"E";"2025-02-07";"2025-02-08";"567.0777";"49.41";"-0.56";"266.42";"6711.6";"1147.7502";"11751.25";"19703.26";"1056.5257";"66.6529"
"E";"2025-02-06";"2025-02-07";"573.5285";"49.97";"-0.65";"133.95";"7499.8";"1147.7502";"11751.2";"19703.4";"1056.5264";"66.3447"
"E";"2025-02-05";"2025-02-06";"580.9545";"50.62";"-0.68";"194.63";"7950.8";"1147.7502";"11741.59";"19804.48";"1056.5278";"66.1397"
"E";"2025-02-04";"2025-02-05";"588.7688";"51.21";"-0.67";"139.65";"6979.1";"1149.7577";"11750.04";"19838.07";"1058.5369";"65.8967"
"E";"2025-02-03";"2025-02-04";"596.465";"51.97";"-0.67";"137.97";"7870.1";"1147.7502";"11749.37";"19839.84";"1055.6192";"65.6554"
"E";"2025-02-02";"2025-02-03";"604.1699";"52.55";"-0.49";"186.65";"5231.7";"1149.7577";"11748.87";"19841.17";"1058.5381";"65.3911"
"E";"2025-02-01";"2025-02-02";"609.7506";"53.13";"-0.46";"261.21";"5620.9";"1147.7502";"11748.42";"19842.35";"1056.5318";"65.1268"
"E";"2025-01-31";"2025-02-01";"615.0046";"53.59";"-0.55";"144.27";"6467.2";"1147.6446";"11747.98";"19843.52";"1056.7541";"64.6507"
"E";"2025-01-30";"2025-01-31";"621.2938";"54.14";"-0.51";"179.37";"6056.4";"1147.6446";"11747.45";"19844.91";"1056.7551";"63.9964"
"E";"2025-01-29";"2025-01-30";"627.1568";"54.65";"-0.4";"337.71";"4805.3";"1147.6446";"11747.23";"19835.49";"1056.757";"63.4822"
"E";"2025-01-28";"2025-01-29";"631.7915";"55.05";"-0.38";"325.54";"4712.4";"1147.6446";"11746.96";"19836.21";"1056.758";"62.9527"
"E";"2025-01-27";"2025-01-28";"636.1854";"55.43";"-0.38";"458.69";"4847.7";"1147.6446";"11746.91";"19836.33";"1056.7584";"62.5361"
"E";"2025-01-26";"2025-01-27";"640.5664";"55.72";"-0.36";"367.03";"3876.2";"1149.6521";"11746.65";"19837.03";"1058.7666";"61.8235"
"E";"2025-01-25";"2025-01-26";"644.7389";"56.18";"-0.35";"521.56";"4739.4";"1147.6446";"11746.46";"19837.52";"1056.7571";"61.1225"
"E";"2025-01-24";"2025-01-25";"648.7409";"56.53";"-0.49";"334.77";"5928.1";"1147.6446";"11746.16";"19810.73";"1056.7565";"60.4156"
"E";"2025-01-23";"2025-01-24";"654.3342";"57.02";"-0.58";"234.12";"7104.7";"1147.6446";"11745.9";"19811.4";"1056.759";"59.6943"
"E";"2025-01-22";"2025-01-23";"661.0268";"57.6";"-0.8";"159.89";"9270";"1147.6446";"11745.21";"19813.23";"1056.759";"59.0492"
"E";"2025-01-21";"2025-01-22";"670.1654";"58.39";"-0.93";"99.19";"10599.8";"1147.6446";"11744.47";"19815.17";"1056.7588";"58.349"
"E";"2025-01-20";"2025-01-21";"680.858";"59.33";"-0.89";"151.96";"10301.9";"1147.6446";"11743.73";"19820.14";"1056.8177";"57.9255"
"E";"2025-01-19";"2025-01-20";"691.0199";"60.21";"-0.76";"277.62";"8809.1";"1147.6446";"11742.99";"19822.09";"1056.8197";"57.3278"
"E";"2025-01-18";"2025-01-19";"699.6927";"60.97";"-0.75";"190.04";"8823.7";"1147.6446";"11742.24";"19824.07";"1056.8174";"56.7051"
"E";"2025-01-17";"2025-01-18";"708.311";"61.72";"-0.84";"142.48";"9831";"1147.6446";"11741.51";"19826";"1056.8174";"56.0801"
"E";"2025-01-16";"2025-01-17";"717.9979";"62.56";"-0.79";"135.06";"9217.8";"1147.6446";"11740.87";"19827.69";"1056.8207";"55.5458"
"E";"2025-01-15";"2025-01-16";"727.0294";"63.35";"-0.8";"221.92";"9453.1";"1147.6446";"11740.22";"19827.63";"1056.8211";"54.9232"
"E";"2025-01-14";"2025-01-15";"736.251";"64.15";"-0.83";"78.38";"9625.8";"1147.6446";"11739.56";"19829.37";"1056.8237";"54.3295"
"E";"2025-01-13";"2025-01-14";"745.7917";"64.98";"-0.79";"74.87";"9104";"1147.6446";"11738.85";"19831.24";"1056.8245";"53.764"
"E";"2025-01-12";"2025-01-13";"754.8549";"65.77";"-0.63";"156.73";"7334.5";"1147.6446";"11738.25";"19832.85";"1056.825";"53.4113"
"E";"2025-01-11";"2025-01-12";"762.0499";"66.4";"-0.61";"146.78";"7188.7";"1147.6446";"11737.59";"19834.59";"1056.822";"53.0086"
"E";"2025-01-10";"2025-01-11";"769.1061";"66.9";"-0.62";"116.7";"6470.9";"1149.6521";"11736.95";"19843.26";"1057.919";"52.6033"
"E";"2025-01-09";"2025-01-10";"776.2382";"67.64";"-0.6";"194.47";"7135.5";"1147.6446";"11736.54";"19844.34";"1056.8225";"52.1864"
"E";"2025-01-08";"2025-01-09";"783.1635";"68.24";"-0.59";"230.7";"6835.8";"1147.6446";"11735.75";"19846.42";"1056.8226";"51.5438"
"E";"2025-01-07";"2025-01-08";"789.9718";"68.83";"-0.49";"222.33";"5809";"1147.6446";"11735.31";"19847.6";"1056.8233";"50.9006"
"E";"2025-01-06";"2025-01-07";"795.5577";"69.32";"-0.4";"400.96";"5007";"1147.6446";"11734.98";"19848.47";"1056.9302";"50.1912"
"E";"2025-01-05";"2025-01-06";"800.1648";"69.72";"-0.46";"391.02";"5833";"1147.6446";"11734.38";"19850.06";"1056.8237";"49.7276"
"E";"2025-01-04";"2025-01-05";"805.4288";"70.18";"-0.57";"216.32";"6738.2";"1147.6446";"11733.69";"19851.86";"1056.8239";"49.1469"
"E";"2025-01-03";"2025-01-04";"811.9318";"70.75";"-0.58";"172.52";"6804.2";"1147.6446";"11733.01";"19853.68";"1056.8217";"48.5686"
"E";"2025-01-02";"2025-01-03";"818.5835";"71.33";"-0.48";"176.34";"5703.8";"1147.6446";"11732.4";"19855.29";"1056.8124";"48.0728"
"E";"2025-01-01";"2025-01-02";"824.1155";"71.81";"0";"429.9";"4578.4";"1147.6446";"11732";"19856.32";"1056.8216";"47.7065"
"E";"2024-12-31";"2025-01-01";"828.2722";"72.16";"-0.33";"244.89";"5389.7";"1147.8346";"11732.74";"19862.29";"1045.8061";"94.4302"
"E";"2024-12-30";"2024-12-31";"832.0439";"72.49";"-0.61";"204.59";"5052";"1147.8346";"10130.49";"17080.86";"1093.0973";"46.4717"
"E";"2024-12-29";"2024-12-30";"838.9953";"73.09";"-0.44";"242.01";"5255.4";"1147.8346";"11731.49";"19865.59";"1045.8024";"93.2642"
"E";"2024-12-28";"2024-12-29";"844.0245";"73.53";"-0.47";"183.52";"5518.7";"1147.8346";"11730.74";"19867.56";"1045.8006";"92.7634"
"E";"2024-12-27";"2024-12-28";"849.3725";"74";"-0.46";"196.5";"5404.4";"1147.8346";"11730.2";"19868.99";"1045.8301";"92.2313"
"E";"2024-12-26";"2024-12-27";"854.6203";"74.46";"-0.31";"415.89";"3986.4";"1147.8346";"11729.89";"19869.81";"1044.8412";"92.7178"
"E";"2024-12-25";"2024-12-26";"858.1947";"74.77";"-0.23";"541.9";"3220.7";"1147.8346";"11729.78";"19870.11";"1043.5991";"92.5471"
"E";"2024-12-24";"2024-12-25";"860.7774";"74.99";"-0.31";"401.03";"3958.2";"1147.8346";"11729.38";"19871.17";"1044.5049";"92.0489"
"E";"2024-12-23";"2024-12-24";"864.3377";"75.3";"-0.34";"403.17";"4295";"1147.8346";"11728.97";"19872.24";"1044.5005";"91.5508"
"E";"2024-12-22";"2024-12-23";"868.2422";"75.64";"-0.24";"828.27";"3392.9";"1147.8346";"11728.81";"19872.67";"1044.5005";"91.0483"
"E";"2024-12-21";"2024-12-22";"870.9826";"75.88";"-0.23";"782.36";"3463.5";"1147.8346";"11728.66";"19873.05";"1043.5902";"90.5458"
"E";"2024-12-20";"2024-12-21";"873.6681";"76.11";"-0.35";"423.88";"4391";"1147.8346";"11728.18";"19874.32";"1044.4802";"90.0635"
"E";"2024-12-19";"2024-12-20";"877.6401";"76.46";"-0.27";"487.22";"3903.2";"1147.8346";"11728.57";"19873.31";"1044.4802";"89.7199"
"E";"2024-12-18";"2024-12-19";"880.7775";"76.73";"-0.36";"399.77";"4562.4";"1147.8346";"11719.24";"19842.03";"1044.4804";"89.375"
"E";"2024-12-17";"2024-12-18";"884.946";"77.1";"-0.4";"285.81";"4926.1";"1147.8346";"11727.65";"19875.72";"1044.8087";"88.7269"
"E";"2024-12-16";"2024-12-17";"889.5879";"77.5";"-0.41";"326.17";"5220";"1147.8346";"11727.31";"19876.61";"1044.8105";"88.3005"
"E";"2024-12-15";"2024-12-16";"894.3206";"77.91";"-0.36";"431.45";"4573.1";"1147.8346";"11726.92";"19877.63";"1043.8916";"87.8957"
"E";"2024-12-14";"2024-12-15";"898.4746";"78.28";"-0.49";"246.43";"5836.2";"1147.8346";"11726.36";"19879.12";"1044.8018";"87.4776"
"E";"2024-12-13";"2024-12-14";"904.0645";"78.76";"-0.68";"105.8";"8037";"1147.8346";"11725.5";"19881.39";"1044.8073";"86.9949"
"E";"2024-12-12";"2024-12-13";"911.8497";"79.44";"-0.72";"75.16";"8341.7";"1147.8346";"11724.74";"19883.4";"1044.8082";"86.4282"
"E";"2024-12-11";"2024-12-12";"920.1357";"80.16";"-0.72";"96.33";"8360.8";"1147.8346";"11710.93";"19839.12";"1044.812";"85.8146"
"E";"2024-12-10";"2024-12-11";"928.3729";"80.89";"-0.65";"92.58";"7591.9";"1147.7616";"11702.2";"19812.25";"1044.8132";"85.2034"
"E";"2024-12-09";"2024-12-10";"935.878";"81.54";"-0.5";"164.58";"5921.7";"1147.7616";"11722.47";"19889.15";"1044.813";"84.5736"
"E";"2024-12-08";"2024-12-09";"941.6223";"82.04";"-0.32";"400.67";"4035";"1147.7616";"11722.15";"19889.97";"1044.813";"84.0911"
"E";"2024-12-07";"2024-12-08";"945.277";"82.36";"-0.33";"407.28";"4227.6";"1147.7616";"11721.92";"19890.59";"1044.8132";"83.6205"
"E";"2024-12-06";"2024-12-07";"949.0952";"82.69";"-0.42";"335.12";"5125.3";"1147.7616";"11708.33";"19845.73";"1043.9482";"83.1048"
"E";"2024-12-05";"2024-12-06";"953.8865";"83.11";"-0.49";"212.31";"5804";"1147.7616";"11697.85";"19805.1";"1044.9649";"82.5274"
"E";"2024-12-04";"2024-12-05";"959.516";"83.6";"-0.56";"132.06";"6510";"1147.7616";"11697.11";"19807.06";"1044.8569";"82.0506"
"E";"2024-12-03";"2024-12-04";"965.894";"84.15";"-0.5";"215.95";"5945.2";"1147.8226";"11696.38";"19808.98";"1044.8572";"81.5337"
"E";"2024-12-02";"2024-12-03";"971.6369";"84.65";"-0.43";"243.76";"5129.8";"1147.8226";"11698.94";"19811.86";"1044.9";"81.0077"
"C";"2024-12-01";"2024-12-02";"976.5291";"85.08";"-0.33";"386.32";"4159.1";"1147.8226";"11719.62";"19887.66";"1045.3014";"80.1756"
"C";"2024-11-30";"2024-12-01";"980.3169";"85.41";"-0.33";"552.12";"4369.6";"1147.8226";"11719.12";"19887.98";"1043.4381";"81.5534"
"E";"2024-11-29";"2024-11-30";"984.1403";"85.74";"-0.47";"79.51";"5513.2";"1147.8226";"11718.17";"19890.49";"1043.418";"80.9546"
"C";"2024-11-28";"2024-11-29";"989.559";"86.21";"-0.43";"72.08";"5034.8";"1147.8226";"11717.38";"19892.58";"1043.4178";"80.5756"
"C";"2024-11-27";"2024-11-28";"994.5277";"86.64";"-0.4";"199.12";"4792.8";"1147.8226";"11717.13";"19846.84";"1043.4184";"79.9999"
"C";"2024-11-26";"2024-11-27";"999.1301";"87.05";"-0.38";"110.33";"4448.5";"1147.8226";"11716.91";"19808.15";"1043.4184";"79.3628"
"C";"2024-11-25";"2024-11-26";"1003.4706";"87.42";"-0.27";"479.9";"3591.3";"1147.8226";"11716.8";"19819.13";"1043.4184";"78.8137"
"C";"2024-11-24";"2024-11-25";"1006.5843";"87.7";"-0.2";"1001.01";"3266.8";"1147.8226";"11716.74";"19894.27";"1043.5686";"78.204"
"C";"2024-11-23";"2024-11-24";"1008.9186";"87.9";"-0.39";"369.27";"4782.6";"1147.8226";"11716.28";"19895.49";"1043.5686";"77.6442"
"C";"2024-11-22";"2024-11-23";"1013.3609";"88.29";"-0.56";"155.18";"6517";"1147.8226";"11715.42";"19897.74";"1043.4886";"77.1478"
"C";"2024-11-21";"2024-11-22";"1019.7397";"88.84";"-0.57";"95.35";"6511.8";"1147.8226";"11690.87";"19899.22";"1043.4883";"76.555"
"C";"2024-11-20";"2024-11-21";"1026.2251";"89.41";"-0.45";"144.71";"5429.9";"1147.8226";"11689.74";"19902.19";"1043.4892";"75.9775"
"E";"2024-11-19";"2024-11-20";"1031.3818";"89.86";"-0.44";"172.99";"5220.3";"1147.7026";"11689.11";"19905.85";"1043.3691";"75.3873"
"C";"2024-11-18";"2024-11-19";"1036.433";"90.31";"-0.44";"92.94";"5078.6";"1147.7026";"11688.6";"19907.2";"1043.4488";"74.6593"
"C";"2024-11-17";"2024-11-18";"1041.4584";"90.74";"-0.26";"309.92";"3330.7";"1147.7026";"11688.38";"19907.78";"1043.4493";"74.0275"
"E";"2024-11-16";"2024-11-17";"1044.4619";"91";"-0.26";"330.68";"3292.2";"1147.7026";"11688.19";"19908.27";"1043.4498";"73.3997"
"C";"2024-11-15";"2024-11-16";"1047.4951";"91.27";"-0.4";"188.17";"4768.8";"1147.7026";"11687.89";"19909.07";"1043.4039";"72.8144"
"E";"2024-11-14";"2024-11-15";"1052.0301";"91.66";"-0.44";"159.6";"5159.3";"1147.7026";"11688.81";"19906.65";"1043.4037";"72.1681"
"C";"2024-11-13";"2024-11-14";"1057.0316";"92.1";"-0.48";"114.33";"5630.3";"1147.7026";"11688.12";"19908.46";"1043.4036";"71.6059"
"C";"2024-11-12";"2024-11-13";"1062.5534";"92.58";"-0.46";"101.29";"5035.8";"1147.7026";"11687.13";"19911.07";"1043.5777";"70.7652"
"C";"2024-11-11";"2024-11-12";"1067.8764";"93.04";"-0.28";"203.93";"3604.9";"1147.7026";"11686.85";"19911.83";"1043.5777";"70.1674"
"C";"2024-11-10";"2024-11-11";"1071.1242";"93.33";"-0.21";"333.56";"2692.7";"1147.7026";"11686.29";"19913.28";"1043.5843";"69.6634"
"E";"2024-11-09";"2024-11-10";"1073.5011";"93.53";"-0.23";"315.56";"2898.2";"1147.7026";"11685.68";"19914.9";"1043.5843";"69.0876"
"C";"2024-11-08";"2024-11-09";"1076.1116";"93.76";"-0.3";"209.98";"3663.9";"1147.7026";"11684.83";"19917.15";"1043.0372";"68.1686"
"C";"2024-11-07";"2024-11-08";"1079.5825";"94.06";"-0.34";"80.78";"4162.9";"1147.7026";"11683.94";"19919.5";"1042.9949";"67.7544"
"C";"2024-11-06";"2024-11-07";"1083.5078";"94.41";"-0.33";"143.19";"3916.7";"1147.7026";"11679.81";"19915.74";"1042.9952";"67.338"
"C";"2024-11-05";"2024-11-06";"1087.2813";"94.74";"-0.27";"152.57";"3234";"1147.7026";"11682.89";"19921.55";"1042.9187";"66.788"
"C";"2024-11-04";"2024-11-05";"1090.3432";"95";"-0.2";"266.73";"2506.6";"1147.7026";"11682.35";"19922.97";"1043.0252";"66.216"
"E";"2024-11-03";"2024-11-04";"1092.5872";"95.2";"-0.03";"829.06";"1108.7";"1147.7026";"11706.64";"19922.22";"1042.8212";"66.047"
"C";"2024-11-02";"2024-11-03";"1092.8884";"95.22";"0.01";"1087.22";"932.5";"1147.7026";"11707.06";"19921.1";"1042.8169";"65.7133"
"C";"2024-11-01";"2024-11-02";"1092.7379";"95.21";"0.04";"1291.6";"920.5";"1147.7026";"11707.31";"19920.44";"1042.1602";"66.0521"
"C";"2024-10-31";"2024-11-01";"1092.2695";"95.17";"-0.04";"606.59";"953.3";"1147.7026";"11810.34";"19893.79";"1043.1509";"64.8872"
"C";"2024-10-30";"2024-10-31";"1092.7369";"95.21";"0";"537.37";"923";"1147.7026";"11810.15";"19894.3";"1043.1542";"64.549"
"C";"2024-10-29";"2024-10-30";"1092.7145";"95.21";"-0.1";"461.94";"1010.3";"1147.6726";"11810.15";"19894.29";"1044.112";"64.2951"
"C";"2024-10-28";"2024-10-29";"1093.8498";"95.31";"0.01";"937.69";"860";"1147.6726";"11810.06";"19894.52";"1044.1638";"63.9615"
"C";"2024-10-27";"2024-10-28";"1093.77";"95.31";"0.04";"1276.73";"714.9";"1147.6116";"11810.11";"19894.4";"1044.2188";"63.5707"
"E";"2024-10-26";"2024-10-27";"1093.3114";"95.27";"0.06";"1354.15";"656.3";"1147.6116";"12030.89";"20228.35";"1043.3093";"63.5114"
"C";"2024-10-25";"2024-10-26";"1092.5842";"95.21";"-0.01";"744.24";"869.2";"1147.6116";"11810";"19894.69";"1044.2518";"63.1144"
"C";"2024-10-24";"2024-10-25";"1092.6855";"95.21";"-0.04";"552.32";"941.9";"1147.6116";"11809.76";"19895.31";"1044.3302";"62.7245"
"C";"2024-10-23";"2024-10-24";"1093.1594";"95.26";"-0.06";"527.3";"1109.4";"1147.6116";"11778.62";"19889.55";"1044.282";"62.5805"
"E";"2024-10-22";"2024-10-23";"1093.8088";"95.31";"-0.01";"671.36";"814.1";"1147.6116";"11809.47";"19896.07";"1044.2823";"62.3842"
"C";"2024-10-21";"2024-10-22";"1093.9419";"95.32";"0.02";"850.49";"751.7";"1147.6116";"11809.41";"19896.23";"1044.3422";"62.1973"
"C";"2024-10-20";"2024-10-21";"1093.7417";"95.31";"0.11";"1649.49";"392.7";"1147.6116";"11809.44";"19896.16";"1044.3986";"62.0163"
"C";"2024-10-19";"2024-10-20";"1092.4893";"95.2";"0.1";"1542.46";"418.9";"1147.6116";"11809.45";"19896.14";"1044.3988";"61.9418"
"C";"2024-10-18";"2024-10-19";"1091.3743";"95.1";"0.02";"948.58";"570.8";"1147.6116";"11809.44";"19896.17";"1044.6595";"61.6068"
"C";"2024-10-17";"2024-10-18";"1091.0995";"95.08";"0.03";"1004.34";"680.3";"1147.5831";"11809.42";"19896.21";"1044.6206";"61.4925"
"C";"2024-10-16";"2024-10-17";"1090.7144";"95.04";"0.05";"1147.86";"590.7";"1147.5831";"11800.42";"19864.09";"1044.6211";"61.3756"
"C";"2024-10-15";"2024-10-16";"1090.1778";"95";"0.01";"972.88";"861.5";"1147.5331";"11809.42";"19896.22";"1044.593";"61.2341"
"E";"2024-10-14";"2024-10-15";"1090.0551";"95.01";"-0.05";"745.17";"1265";"1147.3331";"11887.14";"19820.44";"1044.5525";"60.8505"
"C";"2024-10-13";"2024-10-14";"1090.5725";"95.06";"0.09";"1547.94";"541.5";"1147.2331";"11887.29";"19820.07";"1044.4343";"60.7441"
"C";"2024-10-12";"2024-10-13";"1089.5707";"94.97";"0.09";"1632.95";"472.6";"1147.2331";"11887.43";"19819.7";"1044.4525";"60.6012"
"C";"2024-10-11";"2024-10-12";"1088.5717";"94.89";"0.05";"1129.66";"719.2";"1147.2031";"11887.41";"19819.74";"1043.681";"61.218"
"C";"2024-10-10";"2024-10-11";"1088.0113";"94.83";"0.08";"1573.48";"500.4";"1147.2931";"11886.55";"19822.01";"1043.5899";"61.2203"
"C";"2024-10-09";"2024-10-10";"1087.122";"94.76";"0.1";"1608.87";"447.6";"1147.2931";"11442.48";"19234.46";"1043.409";"61.1772"
"E";"2024-10-08";"2024-10-09";"1085.9377";"94.65";"0.09";"1331.14";"493.5";"1147.2931";"11451.48";"19266.59";"1043.3891";"61.0408"
"C";"2024-10-07";"2024-10-08";"1084.9203";"94.56";"0.04";"1156.22";"498.3";"1147.2981";"11451.48";"19266.83";"1043.3756";"60.8707"
"C";"2024-10-06";"2024-10-07";"1084.4697";"94.52";"0.11";"1688.38";"404.1";"1147.2981";"11886.56";"19624.22";"1043.3225";"60.7948"
"C";"2024-10-05";"2024-10-06";"1083.2066";"94.41";"0.1";"1418.53";"525.1";"1147.2981";"11886.57";"19624.21";"1043.3226";"60.685"
"C";"2024-10-04";"2024-10-05";"1082.1023";"94.32";"0.03";"883.5";"549.2";"1147.2981";"11886.58";"19610.45";"1043.2345";"60.6527"
"C";"2024-10-03";"2024-10-04";"1081.7742";"94.29";"0.01";"830.54";"670.2";"1147.2981";"11886.65";"19624.1";"1043.2391";"60.5778"
"C";"2024-10-02";"2024-10-03";"1081.6254";"94.28";"-0.03";"672.14";"1061.8";"1147.2981";"11876.65";"19549.92";"1043.2508";"60.4801"
"E";"2024-10-01";"2024-10-02";"1082.021";"94.31";"0.05";"692.72";"818";"1147.2981";"11886.79";"19409.72";"1043.2518";"60.3874"
"C";"2024-09-30";"2024-10-01";"1081.3933";"94.35";"0.03";"1211.08";"760.8";"1146.1425";"11894.22";"19461.48";"1042.5852";"59.9142"
"C";"2024-09-29";"2024-09-30";"1080.9931";"94.32";"0.12";"1809.98";"455.8";"1146.1425";"11855.22";"19633.09";"1042.567";"60.1209"
"C";"2024-09-28";"2024-09-29";"1079.6547";"94.2";"0.12";"1832.21";"469.7";"1146.1425";"11894.22";"19873.34";"1042.6141";"60.4011"
"C";"2024-09-27";"2024-09-28";"1078.3043";"94.08";"0.08";"1436.29";"553.5";"1146.1425";"11879.19";"19819.88";"1042.5801";"60.7623"
"C";"2024-09-26";"2024-09-27";"1077.4228";"94";"0.05";"1406.3";"516.2";"1146.1425";"11870.18";"19787.77";"1042.607";"60.9561"
"C";"2024-09-25";"2024-09-26";"1076.8471";"93.97";"0.07";"1374.38";"529.4";"1145.8929";"11864.19";"19787.79";"1042.3588";"61.1543"
"C";"2024-09-24";"2024-09-25";"1076.0205";"93.9";"0.06";"1183.33";"829.4";"1145.8929";"11864.13";"19787.96";"1042.3219";"61.3797"
"E";"2024-09-23";"2024-09-24";"1075.3317";"93.84";"0.03";"1150.31";"775.7";"1145.8929";"11867.93";"19802.74";"1042.2948";"61.5552"
"C";"2024-09-22";"2024-09-23";"1074.9676";"93.81";"0.12";"1866.38";"474.6";"1145.8929";"11887.93";"19874.17";"1042.2948";"61.6792"
"C";"2024-09-21";"2024-09-22";"1073.5915";"93.69";"0.13";"1800.94";"324.4";"1145.8929";"11887.91";"19874.21";"1042.3204";"61.842"
"C";"2024-09-20";"2024-09-21";"1072.1151";"93.56";"0.07";"1322.8";"479.2";"1145.8929";"11887.87";"19874.31";"1042.2798";"62.071"
"E";"2024-09-19";"2024-09-20";"1071.279";"93.49";"0.06";"1269.16";"596.4";"1145.8929";"11887.85";"19874.36";"1042.0795";"62.2396"
"C";"2024-09-18";"2024-09-19";"1070.6183";"93.43";"0.06";"1251.58";"649.9";"1145.8758";"11869.59";"19870.1";"1042.0382";"62.388"
"C";"2024-09-17";"2024-09-18";"1069.9616";"93.38";"0.01";"978.77";"797.2";"1145.8758";"11867.8";"19874.49";"1042.9871";"61.6238"
"C";"2024-09-16";"2024-09-17";"1069.7927";"93.38";"0.01";"1110.15";"944.3";"1145.6868";"11877.49";"19875.3";"1043.4433";"61.1671"
"C";"2024-09-15";"2024-09-16";"1069.6373";"93.36";"0.08";"1500.7";"732.9";"1145.6858";"11877.48";"19875.32";"1042.7795";"62.0183"
"C";"2024-09-14";"2024-09-15";"1068.6857";"93.28";"0.06";"1444.42";"793.2";"1145.6858";"11876.62";"19874.37";"1042.7757";"62.2272"
"C";"2024-09-13";"2024-09-14";"1068.0451";"93.22";"0.02";"1257.68";"976.2";"1145.6858";"11877.39";"19875.57";"1042.6291";"62.579"
"E";"2024-09-12";"2024-09-13";"1067.7663";"93.2";"0";"1083.69";"1059.1";"1145.6858";"11877.3";"19875.8";"1042.6252";"62.7713"
"E";"2024-09-11";"2024-09-12";"1067.7545";"93.2";"0.05";"1204.7";"489.7";"1145.6858";"11868.3";"19843.67";"1042.796";"62.7245"
"C";"2024-09-10";"2024-09-11";"1067.1731";"93.15";"0.1";"1597.53";"408.9";"1145.6858";"11877.31";"19875.8";"1042.7945";"62.8498"
"C";"2024-09-09";"2024-09-10";"1065.9971";"93.04";"0.1";"1447.53";"447.9";"1145.6858";"11877.3";"19875.82";"1042.9218";"62.911"
"C";"2024-09-08";"2024-09-09";"1064.8832";"92.95";"0.13";"1852.39";"377.7";"1145.6858";"11877.3";"19875.82";"1042.9218";"63.0994"
"E";"2024-09-07";"2024-09-08";"1063.4202";"92.82";"0.09";"1644";"564.6";"1145.6858";"11877.28";"19875.87";"1042.919";"63.2906"
"C";"2024-09-06";"2024-09-07";"1062.3533";"92.73";"0.09";"1559.57";"487.2";"1145.6858";"11877.26";"19822.36";"1044.3886";"62.0163"
"E";"2024-09-05";"2024-09-06";"1061.2942";"92.64";"0.07";"1327.03";"527.2";"1145.6208";"11877.24";"19790.29";"1044.3487";"62.1388"
"C";"2024-09-04";"2024-09-05";"1060.5024";"92.57";"0.04";"1337.63";"832.7";"1145.6208";"11869.19";"19818.97";"1044.2984";"62.3127"
"C";"2024-09-03";"2024-09-04";"1059.9998";"92.53";"0.05";"1301.14";"691.5";"1145.6208";"11853.19";"19876.1";"1044.0039";"62.8017"
"C";"2024-09-02";"2024-09-03";"1059.3972";"92.47";"0.12";"1776.89";"489.8";"1145.6208";"11857.2";"19876.08";"1044.0166";"62.9885"
"C";"2024-09-01";"2024-09-02";"1058.0498";"92.36";"0.21";"2670.08";"253.2";"1145.6208";"11859.21";"19876.05";"1043.533";"150.9114"
"C";"2024-08-31";"2024-09-01";"1055.5968";"92.39";"0.21";"2699.64";"201.3";"1142.5292";"11865.3";"19874.48";"1040.8144";"63.6071"
"C";"2024-08-30";"2024-08-31";"1053.2147";"92.18";"0.14";"1976.82";"374.3";"1142.5292";"11885.32";"19874.43";"1039.8785";"64.9049"
"C";"2024-08-29";"2024-08-30";"1051.6295";"92.04";"0.14";"1978.09";"388.1";"1142.5292";"11885.33";"19874.4";"1039.8779";"65.2466"
"C";"2024-08-28";"2024-08-29";"1050.0513";"91.92";"0.18";"2330.4";"208.5";"1142.3538";"11876.37";"19842.16";"1039.7307";"65.5211"
"C";"2024-08-27";"2024-08-28";"1047.9527";"91.96";"0.19";"2412.33";"226.3";"1139.6109";"11809.82";"19874.16";"1036.8243";"65.9497"
"C";"2024-08-26";"2024-08-27";"1045.7776";"91.77";"0.17";"2772.35";"226";"1139.6109";"11785.9";"19873.94";"1036.8243";"66.2548"
"C";"2024-08-25";"2024-08-26";"1043.8707";"91.6";"0.31";"3662.25";"72.6";"1139.6109";"11786.03";"19873.6";"1036.8243";"66.5922"
"C";"2024-08-24";"2024-08-25";"1040.3056";"91.29";"0.37";"3665.45";"102.3";"1139.6109";"11786.15";"19873.28";"1036.8244";"66.9345"
"C";"2024-08-23";"2024-08-24";"1036.1411";"90.99";"0.26";"3184.8";"158";"1138.7989";"11786.31";"19872.87";"1034.9202";"67.4584"
"C";"2024-08-22";"2024-08-23";"1033.1516";"90.72";"0.24";"2939.68";"124.9";"1138.7989";"11786.36";"19872.74";"1034.9413";"67.7749"
"C";"2024-08-21";"2024-08-22";"1030.369";"90.48";"0.26";"3069.56";"130.2";"1138.7989";"11786.44";"19840.4";"1035.8105";"68.1073"
"C";"2024-08-20";"2024-08-21";"1027.4617";"90.22";"0.26";"3105.62";"142.9";"1138.7989";"11786.59";"19872.12";"1035.8196";"68.3898"
"C";"2024-08-19";"2024-08-20";"1024.5295";"89.97";"0.26";"3172.32";"169.2";"1138.7989";"11786.67";"19871.9";"1035.8457";"68.6985"
"C";"2024-08-18";"2024-08-19";"1021.5357";"89.71";"0.35";"4136.21";"90.4";"1138.6959";"11786.79";"19871.59";"1035.7427";"69.1392"
"C";"2024-08-17";"2024-08-18";"1017.5131";"89.36";"0.34";"4009.88";"88.5";"1138.6959";"11786.95";"19871.18";"1035.7428";"69.5796"
"E";"2024-08-16";"2024-08-17";"1013.6429";"89.02";"0.3";"3602.41";"138.9";"1138.6959";"11787.01";"19871";"1035.6918";"70.0471"
"C";"2024-08-15";"2024-08-16";"1010.1989";"88.72";"0.31";"3692.02";"94.4";"1138.6959";"11787.14";"19870.67";"1035.6839";"70.4887"
"E";"2024-08-14";"2024-08-15";"1006.6193";"88.41";"0.27";"3251.05";"217.6";"1138.5747";"11787.23";"19838.31";"1035.6731";"70.8019"
"C";"2024-08-13";"2024-08-14";"1003.5796";"88.17";"0.27";"3372.26";"272.5";"1138.1964";"11787.32";"19870.18";"1035.7768";"70.7388"
"C";"2024-08-12";"2024-08-13";"1000.4787";"87.91";"0.19";"3150.3";"262.8";"1138.0965";"11787.39";"19870.01";"1035.6029";"71.1112"
"E";"2024-08-11";"2024-08-12";"998.2705";"87.71";"0.35";"3370.78";"222.1";"1138.0965";"11787.59";"19869.48";"1034.5172";"71.4806"
"E";"2024-08-10";"2024-08-11";"994.2652";"87.36";"0.27";"3293.92";"191.8";"1138.0965";"11787.79";"19868.95";"1034.5173";"71.8838"
"E";"2024-08-09";"2024-08-10";"991.1644";"87.09";"0.25";"3142.73";"303.9";"1138.0965";"11788.09";"19868.51";"1034.5646";"72.238"
"E";"2024-08-08";"2024-08-09";"988.324";"86.84";"0.21";"2770.69";"368.4";"1138.0965";"11811.93";"19868.57";"1034.5642";"72.6373"
"E";"2024-08-07";"2024-08-08";"985.9234";"86.63";"0.22";"2773.16";"295.6";"1138.0965";"11803.08";"19836.05";"1034.6583";"72.9634"
"E";"2024-08-06";"2024-08-07";"983.4548";"86.41";"0.2";"2675.04";"294.1";"1138.0965";"11812.15";"19868";"1034.6588";"73.3831"
"E";"2024-08-05";"2024-08-06";"981.1433";"86.24";"0.23";"2936.58";"332";"1137.7465";"11812.3";"19867.61";"1034.321";"73.7257"
"E";"2024-08-04";"2024-08-05";"978.54";"86.01";"0.3";"3562.48";"194.6";"1137.7465";"11812.45";"19867.21";"1034.3205";"74.1121"
"E";"2024-08-03";"2024-08-04";"975.1823";"85.71";"0.29";"3473.54";"191.7";"1137.7465";"11812.6";"19866.81";"1034.3206";"74.9212"
"C";"2024-08-02";"2024-08-03";"971.9194";"85.42";"0.23";"2848.51";"238.5";"1137.7465";"11812.75";"19866.42";"1034.3015";"74.9403"
"E";"2024-08-01";"2024-08-02";"969.3184";"85.2";"0.13";"2562.47";"279.1";"1137.7465";"11812.9";"19866.02";"1034.3006";"75.3476"
"E";"2024-07-31";"2024-08-01";"967.8472";"85.11";"0.21";"2617.25";"289.9";"1137.2211";"11791.47";"19821.41";"1186.2626";"-76.6526"
"C";"2024-07-30";"2024-07-31";"965.5134";"84.9";"0.21";"2642.05";"249.5";"1137.2211";"11800.55";"19853.34";"1186.3905";"-76.343"
"C";"2024-07-29";"2024-07-30";"963.1391";"84.69";"0.22";"2780.91";"238.9";"1137.2211";"11800.77";"19852.74";"1186.3339";"-75.9207"
"C";"2024-07-28";"2024-07-29";"960.6125";"84.47";"0.3";"3573.29";"155.1";"1137.2211";"11801.03";"19852.06";"1032.0635";"78.7723"
"C";"2024-07-27";"2024-07-28";"957.2097";"84.17";"0.28";"3385.72";"181.9";"1137.2211";"11801.43";"19851.01";"1032.071";"79.1873"
"C";"2024-07-26";"2024-07-27";"954.0147";"83.89";"0.23";"2872.89";"286.6";"1137.2211";"11801.79";"19850.06";"1032.0588";"79.6223"
"C";"2024-07-25";"2024-07-26";"951.4531";"83.66";"0.21";"2793";"377.7";"1137.2211";"11801.89";"19849.8";"1032.0594";"80.0647"
"C";"2024-07-24";"2024-07-25";"949.0506";"83.49";"0.22";"2924.35";"449.1";"1136.6711";"11793.24";"19816.76";"1031.5588";"80.5064"
"C";"2024-07-23";"2024-07-24";"946.5927";"83.34";"0.21";"2839.45";"401";"1135.7735";"11801.69";"19822.49";"1031.6246";"80.8842"
"C";"2024-07-22";"2024-07-23";"944.1683";"83.13";"0.24";"3091.24";"356";"1135.7735";"11802.08";"19821.45";"1031.8175";"81.1352"
"C";"2024-07-21";"2024-07-22";"941.4457";"82.89";"0.32";"3895.81";"194.6";"1135.7735";"11802.53";"19820.25";"1031.8173";"81.5796"
"C";"2024-07-20";"2024-07-21";"937.7588";"82.57";"0.31";"3761.65";"219.3";"1135.7735";"11803.03";"19818.94";"1031.8143";"81.9349"
"C";"2024-07-19";"2024-07-20";"934.2312";"82.26";"0.24";"3052.78";"261.6";"1135.7735";"11803.44";"19817.85";"1031.8066";"82.2623"
"C";"2024-07-18";"2024-07-19";"931.4619";"82.01";"0.2";"2682.1";"383.2";"1135.7735";"11803.78";"19816.95";"1031.7997";"82.6089"
"C";"2024-07-17";"2024-07-18";"929.1794";"81.81";"0.22";"2908.92";"394.9";"1135.7735";"11795.21";"19783.7";"1031.753";"83.0179"
"C";"2024-07-16";"2024-07-17";"926.697";"81.59";"0.23";"3031.2";"387.6";"1135.7735";"11804.62";"19814.75";"1031.4048";"83.7287"
"C";"2024-07-15";"2024-07-16";"924.0643";"81.36";"0.24";"2923.61";"189.9";"1135.7735";"11805.04";"19813.64";"1031.4273";"84.0692"
"C";"2024-07-14";"2024-07-15";"921.3442";"81.12";"0.29";"3547.91";"160.4";"1135.7735";"11805.47";"19812.5";"1031.1106";"84.7504"
"C";"2024-07-13";"2024-07-14";"918.0186";"80.83";"0.28";"3407.05";"198.1";"1135.7735";"11805.9";"19811.35";"1031.1108";"85.1146"
"E";"2024-07-12";"2024-07-13";"914.8096";"80.55";"0.23";"2849.56";"239.6";"1135.7735";"11809.07";"19814.67";"1031.625";"84.965"
"C";"2024-07-11";"2024-07-12";"912.2059";"80.32";"0.23";"2883.19";"290.4";"1135.7735";"11809.05";"19814.74";"1031.3768";"85.5472"
"C";"2024-07-10";"2024-07-11";"909.6302";"80.09";"0.25";"3053.17";"222.1";"1135.7735";"11800.33";"19781.85";"1031.3693";"85.926"
"C";"2024-07-09";"2024-07-10";"906.8107";"79.85";"0.27";"3317.6";"267.5";"1135.6492";"11807.49";"19811.63";"1032.1053";"85.4344"
"C";"2024-07-08";"2024-07-09";"903.7771";"79.58";"0.28";"3410.09";"173.5";"1135.6492";"11777.31";"19810.83";"1032.1414";"85.7657"
"C";"2024-07-07";"2024-07-08";"900.5516";"79.3";"0.31";"3690.89";"185.1";"1135.6492";"11808.07";"19810.1";"1032.1197";"86.1595"
"C";"2024-07-06";"2024-07-07";"897.0592";"78.99";"0.31";"3727.61";"165.4";"1135.6492";"11808.35";"19809.35";"1032.1197";"86.5389"
"C";"2024-07-05";"2024-07-06";"893.5202";"78.71";"0.28";"3341.78";"127.6";"1135.1505";"11798.73";"19808.42";"1031.8018";"86.7378"
"C";"2024-07-04";"2024-07-05";"890.3107";"78.43";"0.27";"3240.24";"153.9";"1135.1505";"11799.09";"19807.49";"1031.3025";"87.4911"
"C";"2024-07-03";"2024-07-04";"887.228";"78.16";"0.25";"2988.79";"179.1";"1135.1505";"11790.41";"19774.51";"1031.3035";"87.7444"
"C";"2024-07-02";"2024-07-03";"884.4195";"77.91";"0.25";"3020.47";"164";"1135.1505";"11799.77";"19805.69";"1031.2041";"88.0984"
"C";"2024-07-01";"2024-07-02";"881.5666";"77.66";"0.24";"2978.79";"211.4";"1135.1505";"11800.23";"19804.47";"1031.2289";"88.3286"
"E";"2024-06-30";"2024-07-01";"878.8032";"77.42";"0.34";"3900.21";"113.1";"1135.1505";"11800.57";"19803.57";"1030.4862";"89.2978"
"E";"2024-06-29";"2024-06-30";"874.9805";"77.08";"0.33";"3915.96";"129";"1135.1505";"11800.91";"19802.69";"1030.4965";"89.382"
"E";"2024-06-28";"2024-06-29";"871.1888";"76.75";"0.29";"3432.54";"142.6";"1135.1505";"11801.26";"19801.75";"1030.4484";"89.5245"
"C";"2024-06-27";"2024-06-28";"867.895";"76.45";"0.27";"3147.15";"171.8";"1135.1711";"11801.47";"19801.2";"1029.9513";"90.0422"
"C";"2024-06-26";"2024-06-27";"864.8598";"76.23";"0.26";"3146.15";"215.3";"1134.5861";"11801.76";"19800.43";"1029.5734";"89.5541"
"C";"2024-06-25";"2024-06-26";"861.9297";"75.97";"0.25";"3018.11";"199.1";"1134.5861";"11802.1";"19799.53";"1029.5092";"89.62"
"C";"2024-06-24";"2024-06-25";"859.1098";"75.72";"0.25";"2991.9";"158.9";"1134.5861";"11802.55";"19798.34";"1030.6946";"89.5952"
"C";"2024-06-23";"2024-06-24";"856.2176";"75.47";"0.34";"3998.16";"116.5";"1134.4843";"11796.46";"19788.64";"1029.7275";"90.4604"
"C";"2024-06-22";"2024-06-23";"852.4008";"75.13";"0.33";"3925.29";"128.6";"1134.5861";"11801.98";"19794.49";"1030.5463";"89.7435"
"C";"2024-06-21";"2024-06-22";"848.6039";"74.79";"0.23";"2872.13";"217.7";"1134.5861";"11803.67";"19795.41";"1030.4592";"89.8305"
"E";"2024-06-20";"2024-06-21";"845.9513";"74.56";"0.22";"2723.79";"215.3";"1134.5861";"11803.99";"19794.54";"1029.9313";"90.3584"
"C";"2024-06-19";"2024-06-20";"843.4487";"74.34";"0.25";"3003.5";"135.1";"1134.5861";"11795.48";"19761.13";"1029.8414";"90.4483"
"C";"2024-06-18";"2024-06-19";"840.5822";"74.09";"0.23";"2823.6";"162.1";"1134.5861";"11804.75";"19792.55";"1029.808";"90.4817"
"C";"2024-06-17";"2024-06-18";"837.9257";"73.85";"0.45";"3040.44";"174";"1134.5861";"11805.07";"19791.7";"1029.7355";"90.6487"
"C";"2024-06-16";"2024-06-17";"832.8353";"73.4";"0.15";"3974.86";"106.6";"1134.5861";"11805.41";"19790.81";"1029.7485";"90.7302"
"C";"2024-06-15";"2024-06-16";"831.1865";"73.26";"0.33";"3845.68";"113.4";"1134.5861";"11805.75";"19789.9";"1029.7473";"90.8337"
"C";"2024-06-14";"2024-06-15";"827.4555";"72.98";"0.28";"3412.87";"205.7";"1133.7861";"11806.22";"19788.67";"1028.9968";"90.8787"
"C";"2024-06-13";"2024-06-14";"824.2484";"72.7";"0.2";"2575.18";"304.7";"1133.7861";"11806.5";"19787.93";"1028.9053";"91.0647"
"C";"2024-06-12";"2024-06-13";"821.98";"72.5";"0.18";"2297.27";"253.5";"1133.7861";"11797.82";"19754.94";"1028.7384";"91.3261"
"C";"2024-06-11";"2024-06-12";"819.9515";"72.32";"0.17";"2271.63";"286.1";"1133.7861";"11807.09";"19786.38";"1028.6878";"91.4761"
"E";"2024-06-10";"2024-06-11";"817.9674";"72.14";"0.2";"2602.65";"356.7";"1133.7861";"11807.28";"19785.87";"1028.6791";"91.5793"
"C";"2024-06-09";"2024-06-10";"815.7288";"71.9";"0.28";"3447.97";"244.9";"1134.5981";"11807.57";"19785.09";"1029.4893";"91.6755"
"E";"2024-06-08";"2024-06-09";"812.5253";"71.61";"0.28";"3595.22";"354.2";"1134.5981";"11807.93";"19784.15";"1029.4865";"91.7728"
"C";"2024-06-07";"2024-06-08";"809.2998";"71.33";"0.21";"2797.18";"361.5";"1134.5981";"11808.15";"19783.56";"1029.213";"92.1693"
"E";"2024-06-06";"2024-06-07";"806.8609";"71.11";"0.23";"2626.3";"483.3";"1134.5981";"11808.32";"19783.11";"1029.0131";"92.4673"
"C";"2024-06-05";"2024-06-06";"804.2831";"70.89";"0.17";"2353.75";"421.1";"1134.5981";"11799.52";"19750.46";"1028.9067";"92.6682"
"C";"2024-06-04";"2024-06-05";"802.3301";"70.71";"0.16";"2336.23";"559.6";"1134.5981";"11808.7";"19782.12";"1029.3796";"92.2897"
"C";"2024-06-03";"2024-06-04";"800.5558";"70.56";"0.17";"2474.4";"588.7";"1134.5981";"11808.96";"19781.43";"1028.9943";"92.7751"
"C";"2024-06-02";"2024-06-03";"798.6805";"70.39";"0.28";"3366.95";"219";"1134.5981";"11809.24";"19780.68";"1029.4673";"92.4082"
"C";"2024-06-01";"2024-06-02";"795.5348";"70.12";"0.23";"3435.7";"197";"1134.5981";"11809.5";"19780.01";"1028.9944";"92.9929"
"C";"2024-05-31";"2024-06-01";"792.9097";"69.98";"0.28";"3302.25";"158.5";"1133.0607";"11809.7";"19779.48";"1030.8204";"90.1518"
"E";"2024-05-30";"2024-05-31";"789.7389";"69.7";"0.22";"2897.25";"359.1";"1133.0607";"11808.77";"19781.94";"1030.8094";"90.5448"
"C";"2024-05-29";"2024-05-30";"787.2028";"69.48";"0.2";"2639.54";"346.2";"1133.0607";"11800";"19749.21";"1030.7113";"91.0251"
"C";"2024-05-28";"2024-05-29";"784.916";"69.27";"0.22";"2759.54";"312.2";"1133.0607";"11809.19";"19780.83";"1030.6996";"91.4193"
"C";"2024-05-27";"2024-05-28";"782.4725";"69.06";"0.24";"2959.43";"242.8";"1133.0607";"11809.44";"19780.17";"1030.7002";"91.7946"
"C";"2024-05-26";"2024-05-27";"779.7599";"68.82";"0.34";"3623.92";"125.2";"1133.0607";"11781.95";"19779.44";"1026.0436";"91.8622"
"C";"2024-05-25";"2024-05-26";"775.9266";"68.48";"0.29";"3414.86";"175.3";"1133.0607";"11782.19";"19778.8";"1026.0431";"92.2456"
"C";"2024-05-24";"2024-05-25";"772.6885";"68.19";"0.23";"2970.8";"334.2";"1133.0607";"11782.42";"19778.19";"1025.8499";"92.8216"
"C";"2024-05-23";"2024-05-24";"770.0577";"67.96";"0.23";"2990.53";"323.9";"1133.0607";"11782.63";"19777.62";"1025.1761";"93.706"
"C";"2024-05-22";"2024-05-23";"767.3966";"67.73";"0.2";"2826.87";"570.1";"1133.0607";"11774.93";"19742.08";"1025.1469";"93.9968"
"C";"2024-05-21";"2024-05-22";"765.1428";"67.53";"0.14";"2242.31";"693.6";"1133.0607";"11784.06";"19773.86";"1025.2152";"94.2107"
"C";"2024-05-20";"2024-05-21";"763.6009";"67.39";"0.25";"3086.27";"203.9";"1133.0607";"11784.2";"19773.48";"1025.1911";"94.4304"
"C";"2024-05-19";"2024-05-20";"760.7549";"67.14";"0.31";"3664.2";"142.4";"1133.0607";"11784.45";"19772.83";"1025.2151";"94.7025"
"C";"2024-05-18";"2024-05-19";"757.264";"66.83";"0.3";"3610.68";"203.1";"1133.0607";"11784.68";"19772.22";"1025.2152";"95.0677"
"C";"2024-05-17";"2024-05-18";"753.8838";"66.54";"0.25";"2982.01";"178.4";"1133.0607";"11784.99";"19771.41";"1025.2067";"95.4338"
"C";"2024-05-16";"2024-05-17";"751.0707";"66.29";"0.22";"2803.63";"256.2";"1133.0607";"11785.21";"19770.82";"1025.1919";"95.6613"
"C";"2024-05-15";"2024-05-16";"748.5274";"66.06";"0.27";"3259.24";"170.8";"1133.0607";"11776.59";"19737.69";"1025.4899";"95.3523"
"C";"2024-05-14";"2024-05-15";"745.4346";"65.79";"0.3";"3583.84";"156.2";"1133.0607";"11786.12";"19768.42";"1025.0203";"96.0625"
"C";"2024-05-13";"2024-05-14";"742.0061";"65.49";"0.3";"3541.96";"193.5";"1133.0607";"11786.62";"19767.1";"1024.7393";"96.48"
"C";"2024-05-12";"2024-05-13";"738.6014";"65.19";"0.37";"4311.42";"132.4";"1133.0607";"11787.12";"19765.78";"1024.7393";"96.7559"
"C";"2024-05-11";"2024-05-12";"734.4311";"64.82";"0.36";"4204.05";"137.7";"1133.0607";"11787.62";"19764.47";"1024.7393";"97.0351"
"C";"2024-05-10";"2024-05-11";"730.4044";"64.46";"0.27";"3427.55";"235.7";"1133.0607";"11787.86";"19763.83";"1024.7325";"97.33"
"E";"2024-05-09";"2024-05-10";"727.319";"64.19";"0.26";"3068.21";"243.8";"1133.0607";"11788.08";"19763.24";"1024.5724";"98.012"
"C";"2024-05-08";"2024-05-09";"724.4164";"63.93";"0.11";"2171.51";"843.4";"1133.0607";"11778.96";"19731.44";"1019.488";"103.0965"
"E";"2024-05-07";"2024-05-08";"723.2142";"63.83";"0.13";"2177.11";"715.2";"1133.0607";"11787.78";"19764.04";"1019.6444";"103.3258"
"C";"2024-05-06";"2024-05-07";"721.7591";"63.7";"0.19";"2338.36";"759";"1133.0607";"11787.73";"19764.17";"1019.5378";"103.7507"
"C";"2024-05-05";"2024-05-06";"719.6126";"63.51";"0.25";"3075.21";"252.1";"1133.0607";"11787.89";"19763.76";"1019.5378";"104.1261"
"E";"2024-05-04";"2024-05-05";"716.8069";"63.32";"0.24";"2999.83";"276.9";"1132.0607";"11780.87";"19756.07";"1019.5384";"103.5119"
"E";"2024-05-03";"2024-05-04";"714.1125";"63.08";"0.2";"2651.55";"468.1";"1132.0607";"11781.01";"19755.7";"1019.5107";"103.9412"
"E";"2024-05-02";"2024-05-03";"711.8372";"62.88";"0.26";"3231.73";"333.1";"1132.0607";"11781.59";"19754.17";"1019.3496";"104.4793"
"C";"2024-05-01";"2024-05-02";"708.9415";"62.69";"0.28";"3374.7";"227.6";"1130.7807";"11748.06";"19679.81";"1017.105";"105.8304"
"C";"2024-04-30";"2024-05-01";"705.7761";"62.44";"0.23";"2667.45";"237.2";"1130.4091";"11735.1";"19847.3";"1031.5263";"92.4181"
"E";"2024-04-29";"2024-04-30";"703.2102";"62.21";"0.17";"2126.25";"371";"1130.4091";"11735.22";"19847";"1034.3228";"89.736"
"E";"2024-04-28";"2024-04-29";"701.3379";"62.04";"0.21";"2569.64";"287.4";"1130.4091";"11735.39";"19846.53";"1031.1486";"90.8865"
"E";"2024-04-27";"2024-04-28";"699.0063";"61.84";"0.13";"1976.82";"536.9";"1130.4091";"11735.54";"19846.15";"1033.2188";"90.9765"
"C";"2024-04-26";"2024-04-27";"697.5113";"61.7";"-0.03";"1122.93";"1499.4";"1130.4091";"11735.4";"19846.52";"1034.1792";"90.0161"
"C";"2024-04-25";"2024-04-26";"697.8631";"61.74";"-0.12";"1106.56";"2448.1";"1130.4091";"11735.14";"19847.2";"1033.9898";"90.0055"
"C";"2024-04-24";"2024-04-25";"699.2015";"61.85";"-0.13";"1092.9";"2564.9";"1130.4091";"11725.92";"19815.65";"1036.9168";"90.0169"
"C";"2024-04-23";"2024-04-24";"700.6539";"61.98";"-0.14";"1082.65";"2711.8";"1130.4091";"11712.54";"19877.79";"1036.9248";"90.0089"
"C";"2024-04-22";"2024-04-23";"702.2528";"62.12";"-0.11";"1171.03";"2463.8";"1130.4091";"11712.2";"19878.67";"1037.0353";"89.8983"
"C";"2024-04-21";"2024-04-22";"703.514";"62.24";"0.05";"1567.98";"973.1";"1130.4091";"11712.13";"19878.85";"1032.8819";"89.9273"
"C";"2024-04-20";"2024-04-21";"702.9335";"62.18";"0.05";"1632.21";"1002.2";"1130.4091";"11712.13";"19879.87";"1032.878";"89.9311"
"C";"2024-04-19";"2024-04-20";"702.3462";"62.13";"-0.02";"1343.12";"1469.7";"1130.4091";"11657.12";"19879.89";"1032.9594";"89.8497"
"C";"2024-04-18";"2024-04-19";"702.5321";"62.15";"-0.02";"1400.16";"1642.6";"1130.4091";"11656.98";"19880.27";"1032.9494";"89.8597"
"C";"2024-04-17";"2024-04-18";"702.7987";"62.17";"0.01";"1641.42";"1539.5";"1130.4091";"11647.8";"19848.61";"1032.9494";"89.8598"
"C";"2024-04-16";"2024-04-17";"702.7103";"62.18";"0.11";"1890.2";"636.4";"1130.1411";"11654.24";"19880.24";"1031.5784";"89.9784"
"C";"2024-04-15";"2024-04-16";"701.5052";"62.32";"0.19";"2542.71";"373.4";"1125.6436";"11654.38";"19879.86";"1030.5826";"86.5466"
"C";"2024-04-14";"2024-04-15";"699.3679";"62.13";"0.32";"3840.59";"163.9";"1125.6614";"11654.74";"19878.92";"1031.586";"85.6381"
"C";"2024-04-13";"2024-04-14";"695.7098";"61.8";"0.35";"3994.54";"126.6";"1125.6614";"11655.13";"19877.88";"1031.5962";"85.7323"
"E";"2024-04-12";"2024-04-13";"691.7604";"61.45";"0.25";"3041.79";"221.9";"1125.6614";"11655.44";"19877.06";"1033.7149";"83.7384"
"C";"2024-04-11";"2024-04-12";"688.9496";"61.2";"0.19";"2317.75";"476";"1125.6614";"11655.6";"19876.65";"1033.9335";"83.6139"
"C";"2024-04-10";"2024-04-11";"686.8486";"60.77";"0.14";"2131.68";"614.2";"1130.1589";"11646.67";"19846.32";"1033.7157";"83.8733"
"C";"2024-04-09";"2024-04-10";"685.2941";"60.64";"0.16";"2587.63";"414.8";"1130.1589";"11655.8";"19878.12";"1033.2412";"84.4686"
"C";"2024-04-08";"2024-04-09";"683.4832";"60.72";"0.3";"2693.54";"391.9";"1125.6614";"11657.63";"19878.89";"1033.0426";"84.7858"
"E";"2024-04-07";"2024-04-08";"680.1409";"60.42";"0.26";"3740.36";"157.6";"1125.6614";"11657.92";"19878.11";"1031.6524";"86.2346"
"C";"2024-04-06";"2024-04-07";"677.2041";"60.16";"0.32";"3402.48";"157.6";"1125.6614";"11658.15";"19877.51";"970.9019";"147.1057"
"E";"2024-04-05";"2024-04-06";"673.6079";"59.6";"0.16";"2468.76";"364";"1130.1589";"11658.3";"19877.1";"969.7697";"147.0361"
"C";"2024-04-04";"2024-04-05";"671.7742";"59.44";"0.04";"1472.53";"643.5";"1130.1589";"11658.24";"19877.26";"968.394";"148.0028"
"C";"2024-04-03";"2024-04-04";"671.3505";"59.4";"0.06";"1137.13";"928.2";"1130.1588";"11649.26";"19789.06";"958.5827";"157.814"
"C";"2024-04-02";"2024-04-03";"670.6287";"59.35";"0.13";"1244.49";"893.6";"1129.916";"11650.79";"19808.35";"958.579";"158.0178"
"C";"2024-04-01";"2024-04-02";"669.1111";"59.22";"0.26";"2101.88";"1979.8";"1129.916";"11626.17";"19800.29";"933.1338";"183.4629"
"E";"2024-03-31";"2024-04-01";"666.1458";"58.48";"-0.36";"3105.66";"802";"1139.1544";"11665.41";"19923.11";"1114.4086";"26.7622"
"E";"2024-03-30";"2024-03-31";"670.2893";"58.72";"0.03";"1612.93";"1278.7";"1141.5453";"11478.16";"19636.31";"1110.7067";"32.6363"
"C";"2024-03-29";"2024-03-30";"669.9592";"58.69";"0";"1236.33";"1215.8";"1141.5453";"11665.31";"19923.38";"1110.7067";"32.7278"
"C";"2024-03-28";"2024-03-29";"669.9592";"58.69";"-0.1";"807.65";"1939.8";"1141.5453";"11665.23";"19927.05";"1110.7067";"32.6628"
"C";"2024-03-27";"2024-03-28";"671.1349";"58.79";"-0.1";"691.05";"1798.9";"1141.5453";"11665.17";"19923.74";"1110.7067";"32.6628"
"C";"2024-03-26";"2024-03-27";"672.2386";"58.89";"-0.1";"650.96";"1688.8";"1141.5453";"11665.07";"19924.01";"1110.7067";"32.6628"
"E";"2024-03-25";"2024-03-26";"673.4159";"58.99";"-0.17";"545.81";"2377.4";"1141.5453";"11664.96";"19924.3";"1110.7067";"32.6628"
"E";"2024-03-24";"2024-03-25";"675.3142";"59.16";"-0.03";"1117.39";"1408.8";"1141.5453";"11664.87";"19924.52";"1110.7067";"32.6628"
"E";"2024-03-23";"2024-03-24";"675.6173";"59.18";"0.02";"1252.29";"1022.8";"1141.5453";"11664.82";"19924.66";"1110.7067";"32.6628"
"E";"2024-03-22";"2024-03-23";"675.4096";"59.17";"-0.03";"1019.22";"1259.5";"1141.5453";"11664.75";"19924.83";"1110.6695";"32.7"
"E";"2024-03-21";"2024-03-22";"675.708";"59.19";"-0.07";"830.19";"1585.1";"1141.5453";"11664.68";"19925.03";"1110.6695";"32.7"
"E";"2024-03-20";"2024-03-21";"676.5293";"59.26";"-0.1";"736.41";"1897.7";"1141.5453";"11655.62";"19902.06";"1110.6695";"32.7"
"E";"2024-03-19";"2024-03-20";"677.7172";"59.37";"-0.14";"692.56";"2269.4";"1141.5177";"11664.56";"19934.34";"1110.6382";"32.7035"
"E";"2024-03-18";"2024-03-19";"679.3258";"59.51";"-0.14";"528.08";"2088.4";"1141.5177";"11664.5";"19934.5";"1110.6318";"32.7119"
"E";"2024-03-17";"2024-03-18";"680.9728";"59.65";"-0.04";"1012.05";"1405.4";"1141.5453";"11664.41";"19934.75";"1110.6468";"32.7246"
"E";"2024-03-16";"2024-03-17";"681.4035";"59.69";"-0.03";"1056.12";"1392.9";"1141.5453";"11664.35";"19934.89";"1110.6427";"32.7288"
"E";"2024-03-15";"2024-03-16";"681.7707";"59.72";"-0.12";"1026.49";"1450.9";"1141.613";"11664.31";"19935.02";"1111.1098";"32.9202"
"E";"2024-03-14";"2024-03-15";"683.1464";"59.84";"-0.02";"850.17";"1950.3";"1141.613";"11664.05";"19935.7";"1271.5736";"-127.594"
"E";"2024-03-13";"2024-03-14";"683.3923";"59.86";"-0.21";"310.94";"2607.9";"1141.613";"11654.97";"19903.77";"1270.5221";"-126.5929"
"C";"2024-03-12";"2024-03-13";"685.7393";"60.07";"-0.26";"282.4";"3142.3";"1141.613";"11663.85";"19936.21";"1110.0523";"33.8264"
"C";"2024-03-11";"2024-03-12";"688.6612";"60.32";"-0.24";"270.84";"2943.5";"1141.613";"11663.73";"19936.53";"1110.0523";"33.776"
"C";"2024-03-10";"2024-03-11";"691.4001";"60.56";"-0.08";"802.6";"1667.2";"1141.613";"11663.67";"19943.69";"1109.6039";"33.776"
"C";"2024-03-09";"2024-03-10";"692.3154";"60.64";"-0.11";"663.73";"1854.8";"1141.613";"11663.61";"19943.86";"1109.6039";"33.776"
"C";"2024-03-08";"2024-03-09";"693.5633";"60.75";"-0.23";"367.92";"2945.7";"1141.613";"11663.49";"19944.16";"1109.556";"33.8239"
"C";"2024-03-07";"2024-03-08";"696.2107";"60.98";"-0.28";"324.26";"3464.5";"1141.613";"11663.39";"19944.42";"1109.3259";"33.8195"
"C";"2024-03-06";"2024-03-07";"699.4265";"61.27";"-0.32";"283.15";"3788.7";"1141.613";"11663.24";"19944.82";"1109.3259";"33.4363"
"E";"2024-03-05";"2024-03-06";"703.034";"61.58";"-0.27";"210.17";"3251.4";"1141.613";"11663.11";"19957.15";"1109.3259";"33.037"
"C";"2024-03-04";"2024-03-05";"706.1442";"61.85";"-0.22";"358.28";"2803.2";"1141.613";"11663.01";"19957.43";"1109.326";"33.027"
"C";"2024-03-03";"2024-03-04";"708.6572";"62.08";"-0.06";"908.21";"1597.2";"1141.6129";"11662.94";"19957.6";"1109.296";"32.6752"
"C";"2024-03-02";"2024-03-03";"709.3771";"62.14";"-0.08";"818.71";"1642.2";"1141.6129";"11662.88";"19957.78";"1109.046";"32.6728"
"C";"2024-03-01";"2024-03-02";"710.2454";"62.23";"-0.2";"355.15";"2541.5";"1141.3835";"11662.79";"19958";"1109.0459";"32.4067"
"C";"2024-02-29";"2024-03-01";"712.4841";"62.42";"-0.26";"488.61";"3444.8";"1141.3835";"11662.72";"19965.19";"1104.9845";"36.1202"
"C";"2024-02-28";"2024-02-29";"715.4699";"62.68";"-0.34";"305.93";"4150.6";"1141.3835";"11653.55";"19933.5";"1104.7674";"35.8538"
"C";"2024-02-27";"2024-02-28";"719.3716";"63.03";"-0.36";"303.47";"4253.8";"1141.3835";"11662.41";"19966";"1104.7554";"35.8657"
"C";"2024-02-26";"2024-02-27";"723.4581";"63.38";"-0.32";"253.98";"3857.7";"1141.3835";"11662.27";"19966.39";"1104.7495";"35.471"
"C";"2024-02-25";"2024-02-26";"727.0986";"63.7";"-0.16";"518.92";"2351.4";"1141.3835";"11662.13";"19966.75";"1104.8262";"35.2297"
"C";"2024-02-24";"2024-02-25";"728.9427";"63.86";"-0.2";"466.25";"2660.6";"1141.3835";"11661.99";"19967.13";"1104.8202";"35.0006"
"C";"2024-02-23";"2024-02-24";"731.1868";"64.06";"-0.26";"297.67";"3256.9";"1141.3835";"11661.91";"19970.28";"1104.44";"35.1363"
"C";"2024-02-22";"2024-02-23";"734.2078";"64.33";"-0.22";"364.75";"2753.1";"1141.3835";"11661.81";"19967.59";"1104.4401";"35.014"
"E";"2024-02-21";"2024-02-22";"736.6726";"64.54";"-0.22";"345.94";"2744.6";"1141.3835";"11652.71";"19935.73";"1104.4386";"34.9168"
"C";"2024-02-20";"2024-02-21";"739.1399";"64.76";"-0.21";"371.63";"2688.2";"1141.2835";"11661.56";"19976.09";"1104.4401";"34.7035"
"C";"2024-02-19";"2024-02-20";"741.5295";"64.97";"-0.2";"488.61";"2667.3";"1141.2835";"11661.47";"19976.31";"1103.5739";"35.4194"
"C";"2024-02-18";"2024-02-19";"743.8023";"65.17";"-0.11";"754.07";"1934.1";"1141.2835";"11661.36";"19976.6";"1103.5774";"35.0733"
"C";"2024-02-17";"2024-02-18";"745.0395";"65.28";"-0.11";"839.52";"2015.2";"1141.2835";"11661.27";"19976.84";"1103.5725";"34.838"
"C";"2024-02-16";"2024-02-17";"746.2797";"65.39";"-0.18";"647.96";"2607.8";"1141.2835";"11661.15";"19977.17";"1103.5465";"34.6264"
"C";"2024-02-15";"2024-02-16";"748.3018";"65.57";"-0.22";"475.52";"2894.9";"1141.2835";"11660.91";"19977.8";"1102.0022";"34.2892"
"C";"2024-02-14";"2024-02-15";"750.806";"65.79";"-0.28";"294.58";"3388.9";"1141.2835";"11651.72";"19946.18";"1101.5082";"33.9978"
"C";"2024-02-13";"2024-02-14";"753.9802";"66.06";"-0.35";"247.67";"3987.2";"1141.2835";"11660.53";"19978.81";"1101.5082";"33.7131"
"C";"2024-02-12";"2024-02-13";"757.9335";"66.41";"-0.34";"205.73";"3974.7";"1141.2835";"11660.33";"19979.32";"1101.5022";"33.3553"
"C";"2024-02-11";"2024-02-12";"761.8656";"66.96";"-0.18";"528.3";"2434.1";"1137.8723";"11660.14";"19979.83";"1101.4003";"33.0983"
"C";"2024-02-10";"2024-02-11";"763.9623";"66.94";"-0.17";"598.7";"2374.6";"1141.2835";"11659.97";"19988.28";"1101.4003";"32.7461"
"C";"2024-02-09";"2024-02-10";"765.9301";"67.11";"-0.26";"446.21";"3330.2";"1141.2835";"11659.78";"19988.79";"1099.3703";"34.3991"
"E";"2024-02-08";"2024-02-09";"768.8824";"67.37";"-0.39";"349.03";"4708";"1141.2835";"11659.36";"19989.88";"1099.3703";"33.9285"
"C";"2024-02-07";"2024-02-08";"773.3838";"67.76";"-0.41";"220.02";"4755.6";"1141.2835";"11649.91";"19958.94";"1099.3703";"33.4387"
"C";"2024-02-06";"2024-02-07";"778.0658";"68.17";"-0.32";"429.63";"3947.9";"1141.2835";"11658.7";"19991.63";"1099.3705";"33.007"
"C";"2024-02-05";"2024-02-06";"781.7123";"68.49";"-0.32";"370.8";"3914";"1141.2835";"11658.54";"19992.06";"1099.4045";"32.451"
"C";"2024-02-04";"2024-02-05";"785.4001";"68.82";"-0.21";"815.84";"3216";"1141.2835";"11658.42";"19992.36";"1099.3705";"31.966"
"C";"2024-02-03";"2024-02-04";"787.8439";"69.03";"-0.22";"867.81";"3295.2";"1141.2835";"11658.28";"19992.74";"1099.3706";"31.4492"
"C";"2024-02-02";"2024-02-03";"790.3394";"69.25";"-0.37";"337.28";"4553.2";"1141.2835";"11658.05";"19993.33";"1099.3706";"30.9308"
"E";"2024-02-01";"2024-02-02";"794.5999";"69.62";"-0.43";"320.08";"5065.8";"1141.2835";"11657.9";"19933.75";"1099.3646";"30.3489"
"C";"2024-01-31";"2024-02-01";"799.5583";"70.06";"-0.43";"295.94";"5257.1";"1141.2835";"11648.44";"19902.82";"1098.6161";"29.7626"
"C";"2024-01-30";"2024-01-31";"804.5193";"70.49";"-0.46";"282.84";"5439.6";"1141.2835";"11657.17";"19935.66";"1098.5664";"29.4587"
"C";"2024-01-29";"2024-01-30";"809.796";"70.95";"-0.47";"297.77";"5591.5";"1141.2835";"11656.93";"19936.29";"1098.5638";"28.8996"
"C";"2024-01-28";"2024-01-29";"815.1971";"71.43";"-0.36";"395.39";"4352.3";"1141.2835";"11656.7";"19936.91";"1098.5641";"28.3403"
"E";"2024-01-27";"2024-01-28";"819.356";"71.79";"-0.36";"342.52";"4345.1";"1141.2559";"11656.47";"19937.52";"1098.5368";"27.7781"
"E";"2024-01-26";"2024-01-27";"823.4162";"72.15";"-0.37";"550.56";"4641.7";"1141.2559";"11656.29";"19938";"1098.5457";"27.2064"
"C";"2024-01-25";"2024-01-26";"827.669";"72.52";"-0.4";"494.37";"5031.4";"1141.2835";"11656.18";"19938.28";"1098.5735";"26.6341"
"E";"2024-01-24";"2024-01-25";"832.2717";"72.92";"-0.38";"445.64";"4698.1";"1141.2835";"11647.03";"19906.55";"1098.5738";"26.313"
"C";"2024-01-23";"2024-01-24";"836.654";"73.31";"-0.48";"288.66";"5662.1";"1141.2835";"11655.71";"19939.53";"1098.574";"25.9482"
"C";"2024-01-22";"2024-01-23";"842.0951";"73.78";"-0.51";"369.08";"6110.6";"1141.2835";"11655.49";"20002.06";"1098.5742";"25.5804"
"E";"2024-01-21";"2024-01-22";"847.9545";"74.3";"-0.52";"455.37";"6243.6";"1141.2835";"11654.99";"20024.37";"1098.5745";"25.0231"
"C";"2024-01-20";"2024-01-21";"853.8786";"74.82";"-0.56";"357.23";"6861.3";"1141.2835";"11654.38";"20025.98";"1098.5749";"24.4492"
"E";"2024-01-19";"2024-01-20";"860.243";"75.38";"-0.68";"250.1";"7912.8";"1141.2835";"11653.73";"20027.68";"1098.575";"23.8659"
"C";"2024-01-18";"2024-01-19";"868.0469";"76.06";"-0.67";"132.92";"7583.3";"1141.2835";"11653.18";"20028.7";"1098.7667";"23.0366"
"C";"2024-01-17";"2024-01-18";"875.659";"76.73";"-0.73";"161.03";"8311.3";"1141.2835";"11643.47";"19998.44";"1094.6425";"22.5739"
"E";"2024-01-16";"2024-01-17";"883.9921";"77.46";"-0.75";"141.45";"8548.5";"1141.2834";"11651.81";"20032.31";"1094.6425";"22.0052"
"C";"2024-01-15";"2024-01-16";"892.5677";"78.21";"-0.69";"108.27";"7935.5";"1141.2834";"11651.16";"20034.03";"1094.6428";"21.4392"
"C";"2024-01-14";"2024-01-15";"900.4664";"78.9";"-0.55";"236.83";"6377.9";"1141.2834";"11650.69";"20035.26";"1094.6432";"20.8567"
"E";"2024-01-13";"2024-01-14";"906.7272";"79.45";"-0.6";"246.72";"6985.3";"1141.2834";"11650.2";"20036.54";"1094.6433";"20.334"
"E";"2024-01-12";"2024-01-13";"913.6162";"80.05";"-0.75";"64.82";"8458.9";"1141.2834";"11649.59";"20038.17";"1094.6751";"19.7794"
"E";"2024-01-11";"2024-01-12";"922.197";"80.8";"-0.84";"132.99";"9641.5";"1141.2834";"11648.96";"20039.82";"1094.6754";"19.3202"
"C";"2024-01-10";"2024-01-11";"931.7757";"81.64";"-0.87";"93.3";"9887.8";"1141.2834";"11639.27";"20029.51";"1094.6757";"18.7018"
"C";"2024-01-09";"2024-01-10";"941.6657";"82.51";"-0.84";"46.98";"9525";"1141.2834";"11647.61";"20063.38";"1094.6845";"18.0226"
"C";"2024-01-08";"2024-01-09";"951.289";"83.35";"-0.79";"68.21";"8637";"1141.2834";"11645.75";"20064.01";"1094.6848";"17.3861"
"C";"2024-01-07";"2024-01-08";"960.2621";"84.14";"-0.45";"216.08";"5192";"1141.2834";"11646.56";"20066.17";"1094.6851";"16.7772"
"C";"2024-01-06";"2024-01-07";"965.4381";"84.59";"-0.37";"286.29";"4299.4";"1141.2834";"11646.33";"20066.77";"1094.6776";"16.1961"
"C";"2024-01-05";"2024-01-06";"969.6804";"84.96";"-0.37";"247.84";"4330";"1141.2834";"11646.08";"20067.41";"1094.7548";"15.6391"
"E";"2024-01-04";"2024-01-05";"973.9535";"85.34";"-0.34";"241.66";"3828.1";"1141.2834";"11645.73";"20068.34";"1094.7551";"15.2722"
"C";"2024-01-03";"2024-01-04";"977.8049";"85.68";"-0.22";"507";"2889.8";"1141.2834";"11636.54";"20036.72";"1094.7558";"14.9399"
"C";"2024-01-02";"2024-01-03";"980.3646";"85.9";"-0.22";"797.36";"3214.3";"1141.2834";"11645.43";"20069.13";"1094.7558";"14.7423"
"E";"2024-01-01";"2024-01-02";"982.8235";"86.12";"0";"966.37";"2728.2";"1141.2834";"11645.29";"20063.51";"1094.7559";"14.3547"
"C";"2023-12-31";"2024-01-01";"984.6128";"86.27";"-0.1";"940.47";"2105.9";"1141.2834";"11645.14";"20082.91";"1101.8752";"6.9303"
"C";"2023-12-30";"2023-12-31";"985.7918";"86.38";"-0.09";"1088.89";"2058.9";"1141.2834";"11644.99";"20083.3";"1101.8503";"6.7304"
"C";"2023-12-29";"2023-12-30";"986.8246";"86.47";"-0.12";"930.24";"2207.6";"1141.2834";"11644.97";"20068.34";"1099.6844";"8.68"
"E";"2023-12-28";"2023-12-29";"988.1666";"86.58";"-0.1";"996.22";"2079.6";"1141.2834";"11644.85";"20068.66";"1099.6826";"8.4863"
"C";"2023-12-27";"2023-12-28";"989.3271";"86.69";"-0.15";"851.55";"2406.5";"1141.2834";"11644.73";"20069";"1095.6716";"12.3838"
"C";"2023-12-26";"2023-12-27";"990.9871";"86.83";"-0.07";"1235.39";"1910.1";"1141.2834";"11644.65";"20069.2";"1095.6717";"12.0973"
"C";"2023-12-25";"2023-12-26";"991.7394";"86.9";"-0.02";"1482.53";"1618.4";"1141.2834";"11644.63";"20069.26";"1095.6717";"11.8081"
"C";"2023-12-24";"2023-12-25";"991.9429";"86.91";"-0.05";"1334.53";"1798.1";"1141.2834";"11644.61";"20069.31";"1095.6717";"11.522"
"C";"2023-12-23";"2023-12-24";"992.4714";"86.96";"-0.12";"982.81";"2241.7";"1141.2834";"11644.54";"20069.49";"1095.67";"11.2511"
"C";"2023-12-22";"2023-12-23";"993.8092";"87.08";"-0.18";"748.69";"2668";"1141.2834";"11644.44";"20069.76";"1095.32";"11.2906"
"C";"2023-12-21";"2023-12-22";"995.8264";"87.25";"-0.24";"514.02";"3228.4";"1141.2834";"11643.06";"20068.05";"1094.8224";"11.5215"
"C";"2023-12-20";"2023-12-21";"998.5996";"87.5";"-0.32";"298.77";"3885";"1141.2834";"11633.89";"20054.35";"1095.0199";"11.1098"
"C";"2023-12-19";"2023-12-20";"1002.2363";"87.82";"-0.38";"325.88";"4611.8";"1141.2834";"11642.18";"20086.21";"1095.0209";"10.8734"
"C";"2023-12-18";"2023-12-19";"1006.602";"88.2";"-0.36";"384.97";"4463.5";"1141.2834";"11643.95";"20089.04";"1095.0216";"10.4387"
"C";"2023-12-17";"2023-12-18";"1010.6713";"88.56";"-0.18";"1075.45";"2929";"1141.2834";"11643.92";"20089.13";"1094.8225";"10.0704"
"C";"2023-12-16";"2023-12-17";"1012.7216";"88.74";"-0.16";"1089.71";"2815";"1141.2834";"11643.84";"20089.35";"1094.8237";"9.51"
"C";"2023-12-15";"2023-12-16";"1014.5261";"88.89";"-0.33";"341.8";"3972.7";"1141.2834";"11643.69";"20089.74";"1091.7996";"11.9746"
"C";"2023-12-14";"2023-12-15";"1018.2759";"89.22";"-0.38";"192.06";"4519.7";"1141.2834";"11643.53";"20090.16";"1091.8086";"11.3984"
"E";"2023-12-13";"2023-12-14";"1022.6145";"89.6";"-0.35";"269.14";"4116.6";"1141.2557";"11643.18";"20091.09";"1041.5917";"62.7649"
"E";"2023-12-12";"2023-12-13";"1026.5985";"89.95";"-0.34";"311.95";"4080";"1141.2557";"11642.79";"20092.12";"1091.7763";"10.235"
"C";"2023-12-11";"2023-12-12";"1030.4717";"90.29";"-0.32";"367.02";"3883.4";"1141.2834";"11618.44";"20007.34";"1091.8032";"9.7689"
"C";"2023-12-10";"2023-12-11";"1034.0861";"90.61";"-0.2";"803.09";"2935";"1141.2834";"11642.3";"20097.39";"1091.7995";"9.3217"
"C";"2023-12-09";"2023-12-10";"1036.3117";"90.8";"-0.26";"545.84";"3348.8";"1141.2834";"11642.16";"20097.76";"1091.8135";"8.8752"
"C";"2023-12-08";"2023-12-09";"1039.2411";"91.06";"-0.42";"213.18";"4922.8";"1141.2834";"11641.79";"20098.75";"1092.844";"7.3343"
"C";"2023-12-07";"2023-12-08";"1044.086";"91.48";"-0.53";"124.77";"6031.2";"1141.2834";"11641.45";"20063.64";"1092.8446";"6.7905"
"C";"2023-12-06";"2023-12-07";"1050.1022";"92.01";"-0.59";"105.58";"6633";"1141.2834";"11641.89";"20062.49";"1092.8558";"6.1148"
"C";"2023-12-05";"2023-12-06";"1056.7791";"92.6";"-0.58";"155.02";"6686.4";"1141.2834";"11865.71";"20248.95";"1092.8475";"5.4868"
"C";"2023-12-04";"2023-12-05";"1063.3818";"93.17";"-0.6";"106.74";"6795.9";"1141.2834";"11860.25";"20232.3";"1093.0643";"4.4815"
"C";"2023-12-03";"2023-12-04";"1070.1878";"93.77";"-0.43";"184.55";"4943.4";"1141.2834";"11879.75";"20305.01";"1092.0585";"4.8048"
"C";"2023-12-02";"2023-12-03";"1075.0608";"94.2";"-0.48";"120.95";"5493.7";"1141.2834";"11879.29";"20306.23";"1092.0674";"4.1023"
"C";"2023-12-01";"2023-12-02";"1080.5421";"94.68";"-0.54";"146.22";"6283.2";"1141.2834";"11879.08";"20306.79";"1092.0695";"3.4016"
"E";"2023-11-30";"2023-12-01";"1086.7034";"95.21";"-0.57";"84.55";"6591.9";"1141.3979";"11879.46";"20325.79";"1091.4624";"3.2688"
"C";"2023-11-29";"2023-11-30";"1093.2389";"95.78";"-0.58";"82.47";"6628.2";"1141.3979";"11863.91";"20273.69";"1091.4624";"2.94"
"C";"2023-11-28";"2023-11-29";"1099.9153";"96.37";"-0.49";"111.75";"5639.7";"1141.3979";"11854.3";"20243.17";"1091.4624";"2.6156"
"C";"2023-11-27";"2023-11-28";"1105.5639";"96.86";"-0.43";"107.87";"4944.2";"1141.3979";"11853.98";"20244.01";"1091.4624";"2.2071"
"E";"2023-11-26";"2023-11-27";"1110.5006";"97.29";"-0.26";"205.08";"3051.1";"1141.3979";"11853.69";"20241.77";"1091.5474";"1.7489"
"C";"2023-11-25";"2023-11-26";"1113.4702";"97.56";"-0.24";"238.83";"2842.7";"1141.3629";"11853.58";"20242.07";"1091.5124";"1.3756"
"C";"2023-11-24";"2023-11-25";"1116.1641";"97.79";"-0.24";"157.26";"2882.1";"1141.3629";"11853.38";"20242.61";"1091.5124";"1.0024"
"C";"2023-11-23";"2023-11-24";"1118.9599";"98.04";"-0.23";"149.39";"2694.7";"1141.3629";"11853.26";"20242.93";"1091.5124";"0.8873"
"C";"2023-11-22";"2023-11-23";"1121.5706";"98.27";"-0.29";"133.85";"3334.3";"1141.3289";"11853.04";"20243.51";"1091.5133";"0.8573"
"C";"2023-11-21";"2023-11-22";"1124.8585";"98.56";"-0.2";"124.16";"2277.7";"1141.3289";"11852.95";"20243.73";"1091.5133";"0.8573"
"C";"2023-11-20";"2023-11-21";"1127.1018";"98.75";"-0.11";"374.07";"1595.2";"1141.3289";"11852.95";"20252.73";"1091.7851";"0.5855"
"C";"2023-11-19";"2023-11-20";"1128.4116";"98.87";"0.03";"1234.54";"833.9";"1141.3289";"11852.96";"20252.72";"1091.7851";"0.5729"
"C";"2023-11-18";"2023-11-19";"1128.0712";"98.84";"-0.07";"556.79";"1150.4";"1141.3289";"11852.96";"20252.72";"1091.7851";"0.5389"
"C";"2023-11-17";"2023-11-18";"1128.8196";"98.91";"-0.16";"199.21";"1962.3";"1141.2879";"11852.74";"20253.3";"1091.7356";"0.4964"
"C";"2023-11-16";"2023-11-17";"1130.6655";"99.07";"-0.17";"122.97";"2048.4";"1141.2879";"11852.6";"20253.67";"1091.7314";"0.5006"
"C";"2023-11-15";"2023-11-16";"1132.6418";"99.23";"-0.04";"162.87";"1091";"1141.4677";"11852.59";"20013.69";"1091.8535";"0.697"
"C";"2023-11-14";"2023-11-15";"1133.1513";"99.27";"-0.02";"421.41";"642.7";"1141.4677";"11852.59";"20013.68";"1091.8699";"0.6806"
"C";"2023-11-13";"2023-11-14";"1133.4052";"99.29";"-0.08";"260.99";"1124.4";"1141.4677";"11856.59";"20027.97";"1091.9595";"0.5861"
"C";"2023-11-12";"2023-11-13";"1134.2922";"99.37";"0.01";"461.73";"380.1";"1141.4677";"11876.59";"20099.37";"1091.9546";"0.5365"
"C";"2023-11-11";"2023-11-12";"1134.2299";"99.37";"0.01";"530.17";"377.1";"1141.4677";"11876.59";"20099.36";"1091.9546";"0.4869"
"C";"2023-11-10";"2023-11-11";"1134.0909";"99.35";"-0.05";"248.03";"748.4";"1141.4677";"11876.61";"20099.31";"1091.4224";"0.9696"
"C";"2023-11-09";"2023-11-10";"1134.6145";"99.4";"-0.04";"337.7";"759.6";"1141.4382";"11876.62";"19974.29";"1091.3969";"0.9359"
"C";"2023-11-08";"2023-11-09";"1135.0599";"99.44";"-0.04";"282.52";"755";"1141.4382";"11876.62";"19974.29";"1091.41";"0.9228"
"C";"2023-11-07";"2023-11-08";"1135.5505";"99.48";"-0.02";"276.45";"456.5";"1141.4382";"11861.63";"19920.72";"1091.4195";"0.9133"
"C";"2023-11-06";"2023-11-07";"1135.7301";"99.5";"0.01";"483.43";"388.7";"1141.4672";"11856.63";"19902.86";"1091.4477";"0.9141"
"C";"2023-11-05";"2023-11-06";"1135.64";"99.5";"0.07";"996.4";"181.5";"1141.3236";"11876.63";"19974.26";"1091.3041";"0.7705"
"C";"2023-11-04";"2023-11-05";"1134.821";"99.43";"0.05";"859.41";"247.8";"1141.3236";"11876.63";"19974.25";"1091.3041";"0.7705"
"C";"2023-11-03";"2023-11-04";"1134.215";"99.38";"0.01";"535.44";"413.3";"1141.3226";"11876.69";"19974.11";"1090.7049";"1.3687"
"C";"2023-11-02";"2023-11-03";"1134.0711";"99.37";"0.08";"1101.08";"227.5";"1141.2936";"11861.75";"19920.4";"1090.627";"1.4176"
"C";"2023-11-01";"2023-11-02";"1133.1705";"99.29";"0.13";"1590.62";"145.4";"1141.2936";"11856.81";"19902.38";"1250.2684";"-158.2237"
"C";"2023-10-31";"2023-11-01";"1131.7";"99.19";"0.09";"1212.45";"247.5";"1140.988";"11874.16";"19973.71";"1245.9376";"-154.5015"
"C";"2023-10-30";"2023-10-31";"1130.6172";"99.1";"0.09";"1252.93";"218.8";"1140.9347";"11874.19";"19973.63";"1245.9358";"-154.4997"
"C";"2023-10-29";"2023-10-30";"1129.5761";"99.01";"0.17";"2055.26";"98.9";"1140.8814";"11874.46";"19972.93";"1035.9814";"57.1005"
"E";"2023-10-28";"2023-10-29";"1127.6216";"98.84";"0.18";"1989.77";"148.2";"1140.8282";"12074.14";"20276.45";"1035.9814";"57.3285"
"C";"2023-10-27";"2023-10-28";"1125.5315";"98.66";"0.05";"1171.23";"262.1";"1140.7749";"11861.8";"19925.62";"1245.7774";"-154.2697"
"C";"2023-10-26";"2023-10-27";"1124.9151";"98.61";"0.06";"1018.15";"331.2";"1140.7217";"11850.94";"19885.99";"1245.928";"-154.4203"
"C";"2023-10-25";"2023-10-26";"1124.2556";"98.83";"0.04";"907.73";"468.2";"1137.5767";"11854.96";"19900.22";"1086.0172";"5.1932"
"C";"2023-10-24";"2023-10-25";"1123.8158";"98.53";"0.06";"1053.64";"323";"1140.6152";"11875";"19971.51";"1245.6431";"-154.3452"
"E";"2023-10-23";"2023-10-24";"1123.0828";"98.47";"0.05";"1011.17";"413.4";"1140.5342";"11875.01";"19971.48";"1246.6443";"-155.269"
"C";"2023-10-22";"2023-10-23";"1122.4947";"98.43";"0.16";"2002.03";"165.2";"1140.4194";"11875.21";"19970.94";"1085.9797";"5.4391"
"E";"2023-10-21";"2023-10-22";"1120.651";"98.27";"0.16";"2107.01";"230";"1140.3937";"11875.42";"19970.39";"1086.0074";"5.5442"
"C";"2023-10-20";"2023-10-21";"1118.777";"98.11";"0.1";"1494.4";"381.9";"1140.3404";"11875.48";"19970.24";"1085.3731";"6.2837"
"C";"2023-10-19";"2023-10-20";"1117.6784";"98.02";"0.06";"1121.62";"437.7";"1140.2672";"11875.03";"20096.41";"1085.2634";"6.4222"
"C";"2023-10-18";"2023-10-19";"1117.0182";"97.97";"0.02";"943.13";"650.5";"1140.1239";"11866.05";"20064.25";"1084.6968";"7.0645"
"C";"2023-10-17";"2023-10-18";"1116.747";"97.95";"0.02";"822.72";"603.6";"1140.0707";"11875.06";"20096.34";"1084.6704";"7.1762"
"C";"2023-10-16";"2023-10-17";"1116.5055";"97.94";"0.03";"991.59";"693.9";"1140.0174";"11875.08";"20096.3";"1084.7028";"7.2489"
"E";"2023-10-15";"2023-10-16";"1116.189";"97.92";"0.16";"2085.46";"252.6";"1139.9366";"11893.31";"20069.69";"1085.225";"6.8041"
"C";"2023-10-14";"2023-10-15";"1114.325";"97.76";"0.22";"2634.22";"98.3";"1139.8833";"11970.55";"19871.06";"1085.2241";"6.91"
"C";"2023-10-13";"2023-10-14";"1111.7668";"97.54";"0.21";"2554.61";"120.8";"1139.83";"11970.8";"19870.4";"1085.8881";"6.3512"
"C";"2023-10-12";"2023-10-13";"1109.3281";"97.33";"0.14";"1856.67";"229.4";"1139.8044";"11970.95";"19870";"1085.889";"6.4831"
"C";"2023-10-11";"2023-10-12";"1107.6803";"97.19";"0.16";"2010.25";"146.8";"1139.6711";"11962.18";"19837.27";"1085.8633";"6.5333"
"C";"2023-10-10";"2023-10-11";"1105.8517";"97.04";"0.14";"1714.7";"173.7";"1139.5929";"11971.4";"19868.8";"1246.4474";"-153.9745"
"C";"2023-10-09";"2023-10-10";"1104.2411";"96.96";"0.09";"1418.77";"342.9";"1138.8056";"11971.56";"19868.38";"1085.0609";"6.9773"
"E";"2023-10-08";"2023-10-09";"1103.1731";"96.88";"0.15";"1872.32";"237.3";"1138.7248";"11971.62";"19868.24";"1034.8499";"59.0371"
"C";"2023-10-07";"2023-10-08";"1101.4785";"96.73";"0.17";"2131.45";"233.2";"1138.6715";"11971.68";"19868.07";"1085.0314";"7.1944"
"C";"2023-10-06";"2023-10-07";"1099.4933";"96.56";"0.16";"1910.93";"155.6";"1138.6779";"11971.91";"19867.45";"1083.6997";"8.6855"
"E";"2023-10-05";"2023-10-06";"1097.6489";"96.41";"0.07";"1217.97";"481.3";"1138.547";"11971.74";"19867.9";"1083.5867";"8.7209"
"C";"2023-10-04";"2023-10-05";"1096.8171";"96.34";"0.14";"1742.92";"211.7";"1138.4937";"11732.72";"19547.92";"1244.1657";"-151.8582"
"C";"2023-10-03";"2023-10-04";"1095.1852";"96.2";"0.19";"2200.91";"138.3";"1138.4642";"11547.05";"19336.57";"1083.482";"8.8494"
"C";"2023-10-02";"2023-10-03";"1093.0381";"96.02";"0.16";"1883.82";"189";"1138.3589";"11564.75";"19358.7";"1083.331";"8.9484"
"E";"2023-10-01";"2023-10-02";"1091.2594";"95.87";"0.21";"2592.54";"186.4";"1138.3057";"11971.99";"19867.25";"1083.2763";"8.9491"
"E";"2023-09-30";"2023-10-01";"1088.9028";"95.5";"0.04";"2737.03";"198";"1140.2473";"12030.68";"19889.4";"1084.6308";"9.5893"
"C";"2023-09-29";"2023-09-30";"1088.4738";"95.28";"0.14";"2066.12";"415.4";"1142.3373";"12017.69";"19842.95";"1087.3588";"9.0505"
"C";"2023-09-28";"2023-09-29";"1086.86";"95.15";"0.12";"1827.77";"429.8";"1142.2773";"12006.69";"19803.68";"1087.2952";"9.1532"
"E";"2023-09-27";"2023-09-28";"1085.5238";"95.03";"0.13";"1841.22";"310.5";"1142.3173";"12006.69";"19803.68";"1087.3668";"9.2207"
"C";"2023-09-26";"2023-09-27";"1084.0457";"94.9";"0.1";"1557.34";"394.7";"1142.2773";"12006.69";"19803.68";"1037.1898";"61.2171"
"C";"2023-09-25";"2023-09-26";"1082.9236";"94.8";"0.12";"1723.78";"424.1";"1142.2773";"12009.69";"19814.39";"1087.3714";"9.3743"
"C";"2023-09-24";"2023-09-25";"1081.5512";"94.68";"0.2";"2422.38";"248.5";"1142.2773";"12030.69";"19889.36";"1087.3908";"9.454"
"C";"2023-09-23";"2023-09-24";"1079.3006";"94.49";"0.18";"2209.54";"276.3";"1142.2773";"12030.69";"19889.37";"1087.3902";"9.5537"
"C";"2023-09-22";"2023-09-23";"1077.2962";"94.32";"0.12";"1693.14";"374.2";"1142.1261";"12030.69";"19889.37";"1087.382";"9.5098"
"C";"2023-09-21";"2023-09-22";"1075.9085";"94.2";"0.09";"1343.54";"378.1";"1142.1261";"12017.76";"19889.18";"1087.3644";"9.6095"
"C";"2023-09-20";"2023-09-21";"1074.8786";"94.11";"0.07";"1371.45";"514.2";"1142.1261";"12009.76";"19889.18";"1087.383";"9.69"
"C";"2023-09-19";"2023-09-20";"1074.0245";"94.06";"0.09";"1552.3";"545.8";"1141.8467";"12030.76";"19889.18";"1087.1892";"9.6997"
"C";"2023-09-18";"2023-09-19";"1073.0119";"93.96";"0.09";"1413.14";"429.4";"1141.9367";"12030.77";"19889.16";"1037.0937";"63.4084"
"C";"2023-09-17";"2023-09-18";"1071.9672";"93.87";"0.13";"1863.93";"427.4";"1141.9367";"12030.77";"19889.15";"1087.2754";"9.809"
"C";"2023-09-16";"2023-09-17";"1070.4533";"93.74";"0.1";"1580.71";"508.4";"1141.9367";"12030.77";"19889.15";"1087.2723";"9.9112"
"C";"2023-09-15";"2023-09-16";"1069.3148";"93.65";"0.06";"1196.77";"594.8";"1141.8507";"12030.77";"19889.15";"1087.3031";"9.8934"
"C";"2023-09-14";"2023-09-15";"1068.6707";"93.59";"0.01";"933.22";"763.8";"1141.8507";"12033.82";"19892.79";"1087.2524";"10.0058"
"E";"2023-09-13";"2023-09-14";"1068.548";"93.58";"0.01";"989.58";"916.5";"1141.8447";"12024.8";"19871.71";"1087.2519";"10.1181"
"E";"2023-09-12";"2023-09-13";"1068.4304";"93.57";"0";"1098.22";"1150";"1141.8447";"12033.7";"19904.1";"1087.1513";"10.2308"
"E";"2023-09-11";"2023-09-12";"1068.441";"93.57";"0.04";"1182.56";"823.5";"1141.8447";"12033.7";"19904.1";"1087.1453";"10.3491"
"C";"2023-09-10";"2023-09-11";"1068.0361";"93.54";"0.11";"1821.82";"639.4";"1141.8447";"12033.7";"19904.1";"1087.1497";"10.4439"
"C";"2023-09-09";"2023-09-10";"1066.7721";"93.43";"0.12";"1888.77";"589.3";"1141.8447";"12033.7";"19904.1";"1087.0436";"10.5442"
"C";"2023-09-08";"2023-09-09";"1065.4022";"93.31";"0.06";"1462.96";"824.9";"1141.8447";"12033.69";"19904.12";"1087.0114";"10.6754"
"C";"2023-09-07";"2023-09-08";"1064.7107";"93.25";"0.06";"1443.57";"840.6";"1141.7367";"12033.69";"19904.12";"1087.0376";"10.7482"
"C";"2023-09-06";"2023-09-07";"1064.0754";"93.2";"0.05";"1261.37";"699.5";"1141.7367";"12020.71";"19904.08";"1086.9897";"10.8622"
"C";"2023-09-05";"2023-09-06";"1063.4788";"93.15";"0.09";"1527.77";"544.3";"1141.6267";"12008.13";"19901.11";"1087.0116";"10.6842"
"E";"2023-09-04";"2023-09-05";"1062.4538";"93.06";"0.11";"1647.23";"430";"1141.6267";"12011.95";"19902.17";"1087.0408";"10.7653"
"E";"2023-09-03";"2023-09-04";"1061.1745";"92.95";"0.19";"2531.3";"391.1";"1141.6267";"12032.96";"19902.15";"1087.0272";"10.8929"
"E";"2023-09-02";"2023-09-03";"1058.9702";"92.76";"0.17";"2441.77";"396.1";"1141.6267";"12032.96";"19902.15";"1087.0253";"11.067"
"E";"2023-09-01";"2023-09-02";"1057.0346";"92.73";"0.17";"1870.5";"372.4";"1139.8653";"12032.96";"19902.15";"1091.0767";"7.2116"
"C";"2023-08-31";"2023-09-01";"1055.1335";"92.8";"0.02";"1605.19";"1581.1";"1137.0223";"12070.71";"19903.74";"1090.0798";"5.2597"
"E";"2023-08-30";"2023-08-31";"1054.8582";"92.65";"0.1";"1545.49";"495";"1138.5449";"12061.73";"19871.56";"1089.8506";"5.1883"
"C";"2023-08-29";"2023-08-30";"1053.7757";"92.55";"0.06";"1398.88";"811.6";"1138.5449";"12070.74";"19903.67";"1089.8496";"5.3035"
"E";"2023-08-28";"2023-08-29";"1053.1458";"92.5";"0.12";"1753.29";"440.2";"1138.5449";"12070.85";"19903.38";"1089.6595";"5.6076"
"C";"2023-08-27";"2023-08-28";"1051.7847";"92.38";"0.22";"2568.79";"143.4";"1138.5449";"12070.97";"19903.05";"1089.6255";"5.7556"
"C";"2023-08-26";"2023-08-27";"1049.3046";"92.16";"0.19";"2372.92";"234.6";"1138.5449";"12071.09";"19902.74";"1089.6244";"5.8738"
"C";"2023-08-25";"2023-08-26";"1047.132";"91.97";"0.15";"1994.83";"258.4";"1138.5449";"12071.21";"19902.41";"1089.6475";"5.9677"
"C";"2023-08-24";"2023-08-25";"1045.3702";"91.82";"0.13";"1812.71";"321.5";"1138.5449";"12071.2";"19902.44";"1089.49";"6.0813"
"C";"2023-08-23";"2023-08-24";"1043.8583";"91.71";"0.24";"1944.08";"268.9";"1138.1965";"12062.32";"19870.01";"1090.1243";"5.849"
"C";"2023-08-22";"2023-08-23";"1041.1774";"91.48";"0.07";"2068.77";"341.6";"1138.1965";"12071.44";"19901.83";"1089.9983";"5.9732"
"C";"2023-08-21";"2023-08-22";"1040.4294";"91.41";"0.21";"2702.33";"278.6";"1138.1965";"12071.59";"19901.42";"1089.9892";"6.0936"
"C";"2023-08-20";"2023-08-21";"1037.9875";"91.2";"0.29";"3442.77";"204.2";"1138.1969";"12071.59";"19901.43";"1089.9982";"6.1963"
"C";"2023-08-19";"2023-08-20";"1034.6734";"90.9";"0.31";"3734.5";"234.3";"1138.1969";"12071.77";"19900.94";"1089.9971";"6.3135"
"C";"2023-08-18";"2023-08-19";"1031.1039";"90.59";"0.3";"3470.54";"96.7";"1138.1969";"12071.96";"19900.44";"1090.0126";"6.409"
"C";"2023-08-17";"2023-08-18";"1027.6695";"90.29";"0.29";"3349.23";"120.7";"1138.1969";"12071.74";"19901.01";"1089.6779";"6.6378"
"C";"2023-08-16";"2023-08-17";"1024.365";"90";"0.27";"3210.37";"158";"1138.2208";"12062.84";"19868.62";"1089.8726";"6.8149"
"C";"2023-08-15";"2023-08-16";"1021.2976";"89.73";"0.28";"3324.19";"158.1";"1138.1658";"12072.03";"19900.26";"1089.7763";"6.9759"
"C";"2023-08-14";"2023-08-15";"1018.0724";"89.59";"0.31";"3537.6";"91.3";"1136.3558";"12072.13";"19899.99";"1088.1498";"6.9121"
"C";"2023-08-13";"2023-08-14";"1014.563";"89.3";"0.36";"4096.73";"69";"1136.1759";"12072.34";"19899.44";"1087.7988";"7.3157"
"C";"2023-08-12";"2023-08-13";"1010.4651";"88.94";"0.37";"4248.35";"73.2";"1136.1241";"12072.56";"19898.86";"1087.7977";"7.5603"
"C";"2023-08-11";"2023-08-12";"1006.2534";"88.57";"0.31";"3573.91";"121.4";"1136.1241";"12072.74";"19898.38";"1087.6057";"7.9998"
"C";"2023-08-10";"2023-08-11";"1002.7488";"88.28";"0.27";"3163.92";"181.5";"1135.9241";"12072.66";"19898.59";"1087.6134";"8.0256"
"C";"2023-08-09";"2023-08-10";"999.7139";"88.01";"0.27";"3236.93";"181.8";"1135.9241";"12063.8";"19866.09";"1087.4753";"8.2848"
"C";"2023-08-08";"2023-08-09";"996.6019";"87.73";"0.3";"3379";"59.8";"1135.9241";"12072.98";"19897.75";"1087.4387";"8.5427"
"C";"2023-08-07";"2023-08-08";"993.1994";"87.44";"0.3";"3397.06";"65.6";"1135.9241";"12073.11";"19897.4";"1087.4288";"8.8267"
"E";"2023-08-06";"2023-08-07";"989.815";"87.14";"0.32";"3633.92";"40.9";"1135.9241";"12073.25";"19897.03";"1087.4257";"9.0515"
"C";"2023-08-05";"2023-08-06";"986.1717";"86.82";"0.31";"3484.32";"85.7";"1135.9241";"12073.39";"19896.66";"1087.4257";"9.2741"
"E";"2023-08-04";"2023-08-05";"982.6704";"86.51";"0.22";"2760.48";"251.7";"1135.9241";"12073.4";"19901.96";"1087.3522";"9.5701"
"C";"2023-08-03";"2023-08-04";"980.1497";"86.29";"0.27";"3057.63";"99.7";"1135.9241";"12073.46";"19896.48";"1087.109";"10.036"
"C";"2023-08-02";"2023-08-03";"977.1058";"86.03";"0.29";"3324.4";"84.9";"1135.7101";"12070.72";"19896.29";"1087.0676";"10.1107"
"C";"2023-08-01";"2023-08-02";"973.8457";"85.75";"0.17";"3188.82";"1305.2";"1135.7101";"12070.86";"19895.94";"1087.0273";"10.3735"
"C";"2023-07-31";"2023-08-01";"971.8749";"85.86";"0.3";"3524.21";"155.1";"1131.8931";"11961.07";"19821";"1080.863";"12.7703"
"C";"2023-07-30";"2023-07-31";"968.4296";"85.56";"0.38";"4314.71";"36";"1131.8681";"12001.16";"19885.51";"1080.903";"12.9529"
"C";"2023-07-29";"2023-07-30";"964.0784";"85.18";"0.37";"4186.83";"35.4";"1131.8681";"12001.33";"19885.06";"1080.903";"13.1774"
"C";"2023-07-28";"2023-07-29";"959.8771";"84.8";"0.25";"3001.98";"177.4";"1131.8681";"12001.4";"19884.87";"1080.7221";"13.5865"
"C";"2023-07-27";"2023-07-28";"956.9953";"84.55";"0.26";"2997.49";"104.6";"1131.8681";"12001.38";"19884.94";"1080.681";"13.7525"
"C";"2023-07-26";"2023-07-27";"954.0391";"84.29";"0.27";"3020.3";"80.5";"1131.8681";"11992.5";"19852.49";"1080.5651";"13.9196"
"C";"2023-07-25";"2023-07-26";"951.0385";"84.02";"0.25";"2834.91";"116.7";"1131.8681";"12001.57";"19884.42";"1077.368";"17.2343"
"C";"2023-07-24";"2023-07-25";"948.1978";"83.77";"0.26";"3006.29";"139.5";"1131.8681";"12001.67";"19884.16";"1080.4838";"14.2364"
"C";"2023-07-23";"2023-07-24";"945.2491";"83.51";"0.37";"4124.94";"46.5";"1131.8681";"12001.81";"19883.81";"1080.4838";"14.4541"
"C";"2023-07-22";"2023-07-23";"941.0963";"83.15";"0.34";"3915.84";"84.7";"1131.8681";"12004.49";"19887.41";"1080.4739";"14.6988"
"C";"2023-07-21";"2023-07-22";"937.2209";"82.8";"0.26";"3023.88";"139.7";"1131.8681";"12004.62";"19887.07";"1080.3786";"15.0347"
"C";"2023-07-20";"2023-07-21";"934.2815";"82.54";"0.22";"2656.72";"193.4";"1131.8681";"12004.63";"19887.05";"1080.3363";"15.3025"
"E";"2023-07-19";"2023-07-20";"931.7633";"82.33";"0.22";"2775.91";"331.9";"1131.7441";"11994.12";"19854.58";"1075.3067";"19.5704"
"C";"2023-07-18";"2023-07-19";"929.2774";"82.11";"0.23";"2836.09";"250.5";"1131.7441";"12003.26";"19886.34";"1075.2655";"19.8499"
"C";"2023-07-17";"2023-07-18";"926.6251";"81.88";"0.28";"3273.27";"120.8";"1131.7441";"12003.4";"19885.97";"1075.2272";"20.1137"
"E";"2023-07-16";"2023-07-17";"923.4364";"81.59";"0.38";"4264.96";"48.9";"1131.7441";"12018.66";"19885.28";"1079.3509";"16.2608"
"C";"2023-07-15";"2023-07-16";"919.1439";"81.21";"0.38";"4299.31";"47.9";"1131.7441";"12018.93";"19884.58";"1079.3509";"16.4824"
"C";"2023-07-14";"2023-07-15";"914.8432";"80.83";"0.29";"3421.9";"238.1";"1131.7441";"12019.14";"19884.02";"1079.2267";"16.8262"
"C";"2023-07-13";"2023-07-14";"911.585";"80.55";"0.24";"2811.66";"206.1";"1131.7441";"12019.14";"19884.02";"1079.1875";"17.0899"
"C";"2023-07-12";"2023-07-13";"908.914";"80.31";"0.24";"2850.68";"159";"1131.7264";"12010.27";"19851.54";"1079.1875";"17.3175"
"C";"2023-07-11";"2023-07-12";"906.164";"80.14";"0.23";"2701.69";"288.4";"1130.7264";"12019.39";"19883.37";"1079.395";"16.2964"
"C";"2023-07-10";"2023-07-11";"903.6132";"79.91";"0.22";"2773.65";"276.2";"1130.7264";"12019.53";"19883";"1079.3567";"16.6169"
"C";"2023-07-09";"2023-07-10";"901.1457";"79.64";"0.35";"3969.07";"89.5";"1131.5324";"12004.79";"19882.3";"1079.3567";"17.2514"
"C";"2023-07-08";"2023-07-09";"897.187";"79.29";"0.36";"4042.18";"67";"1131.5324";"12005.07";"19881.57";"1079.3566";"17.4594"
"C";"2023-07-07";"2023-07-08";"893.1543";"78.93";"0.3";"3385.11";"111";"1131.5324";"12005.31";"19880.93";"1079.2332";"17.7689"
"C";"2023-07-06";"2023-07-07";"889.814";"78.64";"0.25";"2858.68";"123.7";"1131.5324";"12005.32";"19880.91";"1079.149";"18.0388"
"C";"2023-07-05";"2023-07-06";"887.0109";"78.39";"0.28";"3187.54";"79.5";"1131.5324";"11996.47";"19848.38";"1079.0289";"18.2545"
"C";"2023-07-04";"2023-07-05";"883.8471";"78.11";"0.22";"2651.51";"168";"1131.5324";"12005.6";"19880.16";"1079.1826";"18.2822"
"C";"2023-07-03";"2023-07-04";"881.3098";"77.9";"0.25";"3088.34";"283.6";"1131.3073";"12005.82";"19879.6";"1079.129";"18.3324"
"C";"2023-07-02";"2023-07-03";"878.4355";"77.65";"0.35";"4015.64";"98.4";"1131.3073";"12006.1";"19878.85";"1078.769";"18.914"
"C";"2023-07-01";"2023-07-02";"874.4794";"77.3";"0.35";"4061.99";"116.4";"1131.3073";"12006.38";"19878.1";"1078.769";"19.1354"
"C";"2023-06-30";"2023-07-01";"870.491";"77.08";"0.26";"3172.9";"269.4";"1129.3614";"11984.62";"19877.68";"1076.2349";"19.861"
"C";"2023-06-29";"2023-06-30";"867.551";"76.82";"0.2";"2660.43";"420.9";"1129.2884";"11984.74";"19877.36";"1075.3851";"21.0929"
"C";"2023-06-28";"2023-06-29";"865.28";"76.62";"0.2";"2659.3";"461.9";"1129.2884";"11975.87";"19844.9";"1074.8887";"21.9392"
"C";"2023-06-27";"2023-06-28";"863.0523";"76.42";"0.22";"2831.77";"426.7";"1129.2884";"11985.11";"19876.4";"1074.8421";"22.3357"
"C";"2023-06-26";"2023-06-27";"860.6019";"76.21";"0.27";"3215.51";"275.1";"1129.2884";"11985.33";"19875.8";"1074.7958";"22.6965"
"C";"2023-06-25";"2023-06-26";"857.5833";"75.93";"0.36";"4018.67";"113.7";"1129.3964";"11986.38";"19876.95";"1074.7096";"23.2102"
"C";"2023-06-24";"2023-06-25";"853.5544";"75.58";"0.36";"4093.82";"120.9";"1129.2884";"11945.9";"19874.32";"1074.7405";"23.2768"
"C";"2023-06-23";"2023-06-24";"849.46";"75.22";"0.24";"2825.75";"281.9";"1129.2884";"11946.09";"19873.81";"1074.6375";"23.7155"
"C";"2023-06-22";"2023-06-23";"846.7646";"74.98";"0.15";"2205.79";"610.1";"1129.2884";"11946.21";"19873.49";"1074.4402";"24.2648"
"C";"2023-06-21";"2023-06-22";"845.078";"74.83";"0.1";"2489.63";"549.6";"1129.2884";"11937.36";"19840.97";"1235.0638";"-136.0069"
"C";"2023-06-20";"2023-06-21";"843.9519";"74.73";"0.28";"2643.43";"405";"1129.2884";"11946.49";"19872.75";"1074.1432";"25.2157"
"C";"2023-06-19";"2023-06-20";"840.7602";"74.45";"0.26";"3032.48";"139.1";"1129.2884";"11946.66";"19872.3";"1074.0961";"25.598"
"C";"2023-06-18";"2023-06-19";"837.7829";"74.19";"0.39";"4298.59";"60.5";"1129.2884";"11946.95";"19871.53";"1074.0971";"25.949"
"C";"2023-06-17";"2023-06-18";"833.434";"73.8";"0.33";"3803.53";"209.7";"1129.2884";"11987.2";"19870.88";"1074.0991";"26.2887"
"C";"2023-06-16";"2023-06-17";"829.7424";"73.47";"0.29";"3368.1";"228.1";"1129.2884";"11987.52";"19870.03";"1073.9697";"26.774"
"C";"2023-06-15";"2023-06-16";"826.5071";"73.19";"0.25";"3013.65";"320.9";"1129.2884";"11987.52";"19870.02";"1073.9677";"27.1321"
"C";"2023-06-14";"2023-06-15";"823.7153";"72.94";"0.27";"3209.54";"268.1";"1129.2884";"11964.69";"19837.52";"1073.2504";"28.2057"
"C";"2023-06-13";"2023-06-14";"820.6397";"72.67";"0.3";"3426.96";"154.1";"1129.2884";"11973.87";"19869.17";"1073.1937";"28.5689"
"C";"2023-06-12";"2023-06-13";"817.2673";"72.37";"0.29";"3405.14";"250.6";"1129.2884";"11938.52";"19868.44";"1073.0577";"29.0617"
"C";"2023-06-11";"2023-06-12";"813.9668";"72.08";"0.38";"4319.46";"99.4";"1129.2884";"11938.92";"19867.38";"1073.0557";"29.3912"
"C";"2023-06-10";"2023-06-11";"809.6492";"71.7";"0.37";"4254.89";"121.7";"1129.2884";"11939.32";"19866.33";"1073.0537";"29.6035"
"C";"2023-06-09";"2023-06-10";"805.4832";"71.33";"0.31";"3582.35";"197.1";"1129.2884";"11935.21";"19865.65";"1073.0331";"29.8566"
"C";"2023-06-08";"2023-06-09";"801.9967";"71.02";"0.26";"3048.15";"163.5";"1129.2884";"11925";"19852.5";"1072.9882";"30.2646"
"C";"2023-06-07";"2023-06-08";"799.0241";"70.75";"0.19";"2355.12";"224.1";"1129.2884";"11916.07";"19820.19";"1072.9404";"30.6756"
"C";"2023-06-06";"2023-06-07";"796.8271";"70.56";"0.2";"2576.09";"374.4";"1129.2884";"11926.03";"19849.79";"1072.8452";"31.081"
"C";"2023-06-05";"2023-06-06";"794.5259";"70.36";"0.23";"2855.61";"322.8";"1129.2884";"11926.13";"19842.41";"1072.802";"31.4662"
"C";"2023-06-04";"2023-06-05";"791.9009";"70.13";"0.35";"3941.58";"106.3";"1129.2682";"11957.3";"19981.64";"1069.2855";"35.3036"
"C";"2023-06-03";"2023-06-04";"787.9565";"69.78";"0.34";"3885.61";"82.5";"1129.2682";"11957.53";"19981.04";"1069.2835";"35.6496"
"C";"2023-06-02";"2023-06-03";"784.0648";"69.43";"0.31";"3401.02";"181.9";"1129.2682";"11956.57";"19980.55";"1069.1214";"36.1557"
"E";"2023-06-01";"2023-06-02";"780.5664";"69.05";"0.24";"3115.13";"480.4";"1130.358";"11956.12";"19979.99";"1070.0867";"38.82"
"C";"2023-05-31";"2023-06-01";"777.8543";"68.83";"0.22";"3027.6";"404.1";"1130.1434";"11945.4";"19945.46";"1068.8762";"40.3288"
"C";"2023-05-30";"2023-05-31";"775.347";"68.56";"0.26";"3061.07";"393.8";"1130.8316";"11951.93";"19973.78";"1068.5725";"40.3352"
"E";"2023-05-29";"2023-05-30";"772.3597";"68.3";"0.32";"3875.29";"216.6";"1130.8316";"11955.2";"19976.92";"1068.4757";"40.5143"
"C";"2023-05-28";"2023-05-29";"768.7084";"67.98";"0.37";"4463.54";"113";"1130.8316";"11955.53";"19976.06";"1067.3757";"40.7512"
"C";"2023-05-27";"2023-05-28";"764.5046";"67.61";"0.39";"4235.15";"125.3";"1130.8316";"11955.92";"19975.03";"1077.8116";"36.5177"
"C";"2023-05-26";"2023-05-27";"760.0434";"67.21";"0.32";"3716.2";"219.2";"1130.8316";"11956.22";"19974.25";"1067.152";"41.2523"
"C";"2023-05-25";"2023-05-26";"756.4485";"66.89";"0.25";"2988.19";"365.8";"1130.8316";"11956.25";"19974.16";"1067.1102";"41.4332"
"C";"2023-05-24";"2023-05-25";"753.64";"66.64";"0.23";"2896.36";"446.2";"1130.8316";"11947.41";"19941.61";"1066.8978";"41.7848"
"C";"2023-05-23";"2023-05-24";"751.0923";"66.42";"0.26";"3192.14";"356.9";"1130.8316";"11956.7";"19972.98";"1066.8536";"41.9684"
"C";"2023-05-22";"2023-05-23";"748.1494";"66.16";"0.27";"3133.01";"244.1";"1130.8316";"11957.13";"19971.84";"1066.9818";"41.9794"
"C";"2023-05-21";"2023-05-22";"745.1257";"65.89";"0.43";"4808.08";"56.3";"1130.8316";"11997.6";"19970.59";"1066.9848";"42.1162"
"C";"2023-05-20";"2023-05-21";"740.2532";"65.46";"0.42";"4676.39";"72.9";"1130.8316";"11998.08";"19969.33";"1066.9848";"42.2559"
"C";"2023-05-19";"2023-05-20";"735.52";"65.04";"0.32";"3676.82";"131.5";"1130.8316";"11998.51";"19968.18";"1066.855";"42.5255"
"C";"2023-05-18";"2023-05-19";"731.8914";"64.82";"0.3";"3449.63";"115.7";"1129.0713";"11958.73";"19967.61";"1066.8112";"42.7093"
"C";"2023-05-17";"2023-05-18";"728.5457";"64.53";"0.27";"3370.01";"431.8";"1129.0713";"11949.92";"19934.99";"1066.2889";"43.3718"
"C";"2023-05-16";"2023-05-17";"725.5067";"64.25";"0.27";"2955.08";"287.1";"1129.1157";"11959.19";"19964.6";"1066.1629";"43.6826"
"C";"2023-05-15";"2023-05-16";"722.504";"63.9";"0.28";"3305.36";"150.3";"1130.6387";"11977.24";"19947.83";"1067.9385";"43.5704"
"C";"2023-05-14";"2023-05-15";"719.2941";"63.71";"0.4";"4482.98";"73";"1129.0942";"11960.12";"19602.58";"1066.1935";"43.9114"
"C";"2023-05-13";"2023-05-14";"714.7887";"63.31";"0.4";"4531.27";"113.4";"1129.1151";"11960.57";"19601.38";"1180.8845";"-70.6184"
"C";"2023-05-12";"2023-05-13";"710.2775";"62.91";"0.26";"3371.44";"306.1";"1129.1151";"12000.93";"19600.44";"1180.7531";"-70.3466"
"C";"2023-05-11";"2023-05-12";"707.3034";"62.64";"0.22";"2720.93";"365.6";"1129.1151";"12000.41";"19601.81";"1066.082";"44.4649"
"C";"2023-05-10";"2023-05-11";"704.8702";"62.43";"0.21";"2632.26";"313.3";"1129.1151";"11991.59";"19569.22";"1066.0829";"44.6043"
"C";"2023-05-09";"2023-05-10";"702.4646";"62.21";"0.21";"2678.52";"335.7";"1129.1151";"12000.78";"19960.84";"1062.4236";"48.4017"
"E";"2023-05-08";"2023-05-09";"700.0501";"62";"0.28";"3478";"309.4";"1129.1618";"12001.07";"19960.08";"1177.1366";"-66.1254"
"C";"2023-05-07";"2023-05-08";"696.8523";"61.71";"0.36";"4286.34";"171.4";"1129.1618";"12001.4";"19959.19";"1177.1306";"-65.9802"
"C";"2023-05-06";"2023-05-07";"692.7355";"61.35";"0.35";"4149.65";"155.7";"1129.1618";"12001.7";"19958.41";"1177.1273";"-65.8377"
"C";"2023-05-05";"2023-05-06";"688.766";"61";"0.3";"3653.92";"254.3";"1129.1618";"12001.97";"19957.68";"1177.1516";"-65.7228"
"C";"2023-05-04";"2023-05-05";"685.3646";"60.7";"0.21";"3474.88";"1101.5";"1129.1618";"12001.97";"19957.69";"1062.4547";"49.1133"
"E";"2023-05-03";"2023-05-04";"682.9928";"60.5";"0.23";"2959.29";"340.1";"1128.8818";"11992.36";"19924.23";"1062.1603";"49.2669"
"E";"2023-05-02";"2023-05-03";"680.3856";"60.27";"0.22";"3011";"482.4";"1128.8818";"12002.48";"19956.61";"1062.1543";"49.403"
"C";"2023-05-01";"2023-05-02";"677.85";"60.05";"0.36";"4221.14";"185.5";"1128.7318";"11997.46";"19955.89";"1062.1574";"49.3224"
"E";"2023-04-30";"2023-05-01";"673.7924";"59.73";"0.39";"4439.94";"107.6";"1128.0458";"11913.08";"20022.8";"1067.9334";"44.1154"
"C";"2023-04-29";"2023-04-30";"669.4202";"59.29";"0.35";"4090.07";"189.2";"1129.0285";"11910.27";"20021.57";"1067.9274";"44.2612"
"C";"2023-04-28";"2023-04-29";"665.5249";"58.95";"0.23";"3041.57";"388.5";"1129.0285";"11910.38";"20021.29";"1067.8315";"44.4498"
"C";"2023-04-27";"2023-04-28";"662.9205";"58.72";"0.17";"2413.21";"479.8";"1129.0285";"11909.46";"20023.7";"1067.8233";"44.5036"
"C";"2023-04-26";"2023-04-27";"660.9714";"58.54";"0.1";"2044.93";"948.9";"1129.0285";"11900.49";"19991.5";"1067.744";"44.6722"
"C";"2023-04-25";"2023-04-26";"659.8699";"58.45";"0.22";"3005.08";"632.2";"1129.0285";"11909.66";"20023.19";"1067.7392";"44.5553"
"C";"2023-04-24";"2023-04-25";"657.3483";"58.22";"0.28";"3456.62";"271.4";"1129.0285";"11909.74";"20022.97";"1067.7384";"44.3927"
"C";"2023-04-23";"2023-04-24";"654.1633";"57.94";"0.36";"4182.11";"154.3";"1129.0285";"11909.86";"20022.66";"1067.7384";"44.4095"
"C";"2023-04-22";"2023-04-23";"650.1344";"57.58";"0.33";"3870.72";"171.5";"1129.0285";"11909.96";"20022.38";"1067.7411";"44.4976"
"C";"2023-04-21";"2023-04-22";"646.4475";"57.26";"0.21";"2639.3";"286";"1129.0285";"11910.04";"20022.18";"1067.9859";"44.3377"
"C";"2023-04-20";"2023-04-21";"644.093";"57.1";"0.15";"2309.2";"624.8";"1127.9585";"11910.07";"19997.58";"1067.9832";"44.4801"
"C";"2023-04-19";"2023-04-20";"642.4117";"56.95";"0.17";"2713.66";"587.2";"1127.9585";"11901.17";"19965.21";"1067.9833";"44.4798"
"C";"2023-04-18";"2023-04-19";"640.523";"56.79";"0.14";"2017.56";"484.3";"1127.9585";"11910.22";"19997.21";"1067.9833";"44.4474"
"C";"2023-04-17";"2023-04-18";"638.9929";"56.65";"0.12";"1906.99";"593.3";"1127.9585";"11910.26";"19997.1";"1067.9833";"44.4473"
"C";"2023-04-16";"2023-04-17";"637.6789";"56.53";"0.21";"2561.91";"376.8";"1127.9585";"11910.33";"19996.9";"1067.9434";"44.5894"
"E";"2023-04-15";"2023-04-16";"635.2792";"56.32";"0.17";"2268.97";"369.8";"1127.9585";"11910.44";"19996.61";"1066.7162";"45.9494"
"C";"2023-04-14";"2023-04-15";"633.39";"56.21";"0";"1625.79";"695.9";"1126.8579";"11910.49";"19996.5";"1065.4351";"46.3034"
"C";"2023-04-13";"2023-04-14";"633.3855";"56.21";"0.08";"1321.6";"1375.7";"1126.8579";"11910.4";"19996.72";"1064.724";"46.3381"
"C";"2023-04-12";"2023-04-13";"632.5212";"56.13";"0.08";"1713.4";"798.3";"1126.8579";"11901.49";"19964.36";"1064.744";"46.2844"
"C";"2023-04-11";"2023-04-12";"631.6249";"56.05";"0.14";"1946.16";"419";"1126.8579";"11908.11";"19992.08";"1064.7421";"41.9467"
"C";"2023-04-10";"2023-04-11";"630.0833";"55.92";"0.21";"2686.1";"311.2";"1126.8579";"11908.18";"20084.38";"1064.7417";"42.0737"
"C";"2023-04-09";"2023-04-10";"627.7175";"55.71";"0.18";"2504.71";"397.6";"1126.8579";"11908.26";"20084.19";"1061.0596";"45.8893"
"C";"2023-04-08";"2023-04-09";"625.6381";"55.52";"0.11";"1947.51";"667.4";"1126.8579";"11908.31";"20084.04";"1092.6662";"14.4161"
"C";"2023-04-07";"2023-04-08";"624.3902";"55.41";"0.02";"1326.89";"1036.1";"1126.8579";"11908.37";"20083.89";"1104.9666";"2.249"
"C";"2023-04-06";"2023-04-07";"624.1149";"55.48";"-0.08";"691.75";"1548.5";"1124.8579";"11908.37";"20083.9";"1050.1852";"59.4084"
"C";"2023-04-05";"2023-04-06";"624.9899";"55.56";"-0.12";"784.89";"2083.7";"1124.8579";"11899.35";"20051.82";"1013.2889";"98.1508"
"C";"2023-04-04";"2023-04-05";"626.3315";"55.69";"-0.12";"728.14";"2179.9";"1124.7109";"11906.66";"20051.07";"1015.142";"96.2729"
"E";"2023-04-03";"2023-04-04";"627.7306";"55.81";"-0.08";"777.96";"1565.1";"1124.7109";"11906.66";"20051.07";"1004.9475";"100.4661"
"E";"2023-04-02";"2023-04-03";"628.5865";"55.88";"0.05";"1323.88";"784.1";"1124.8219";"11888.75";"20075.84";"996.2515";"109.2949"
"E";"2023-04-01";"2023-04-02";"627.9931";"55.82";"0.02";"2108.76";"436.8";"1124.9783";"11890.1";"20077.58";"972.1512";"133.5021"
"C";"2023-03-31";"2023-04-01";"627.8241";"55.8";"0.21";"1502.49";"1134.3";"1125.2066";"11840.73";"20071.9";"1095.9469";"22.4083"
"C";"2023-03-30";"2023-03-31";"625.4537";"55.61";"0.04";"1422.59";"963.4";"1124.7179";"11840.03";"20069.86";"1092.7475";"25.312"
"C";"2023-03-29";"2023-03-30";"625.012";"55.57";"-0.08";"668.99";"1603.6";"1124.7179";"11831.05";"20037.65";"1092.7629";"25.3998"
"C";"2023-03-28";"2023-03-29";"625.8618";"55.65";"-0.21";"456.6";"2772";"1124.6164";"11823.2";"20062.18";"1092.7582";"25.3137"
"E";"2023-03-27";"2023-03-28";"628.2532";"55.86";"-0.14";"603.86";"2095.1";"1124.7179";"11828.89";"20070.7";"1092.7528";"25.3333"
"E";"2023-03-26";"2023-03-27";"629.8029";"56";"0.07";"1615.73";"813";"1124.7179";"11825.78";"20066.06";"1092.3231";"25.7733"
"E";"2023-03-25";"2023-03-26";"628.9689";"55.99";"0.13";"2094.14";"646.8";"1123.2643";"11706.43";"19868.26";"1090.8101";"25.648"
"C";"2023-03-24";"2023-03-25";"627.5113";"55.79";"0.13";"2092.05";"764.7";"1124.7179";"11828.52";"20067.88";"1092.2174";"25.7879"
"C";"2023-03-23";"2023-03-24";"626.0067";"55.66";"0.06";"1650.36";"1059.6";"1124.7179";"11817.11";"20023.23";"1092.2008";"25.7721"
"C";"2023-03-22";"2023-03-23";"625.2916";"55.6";"0.03";"1438.86";"1169.8";"1124.7179";"11809.22";"19994.38";"1091.636";"26.2689"
"C";"2023-03-21";"2023-03-22";"624.9643";"55.57";"-0.04";"796.41";"1277";"1124.7179";"11830.28";"20069.19";"1091.6559";"26.1486"
"C";"2023-03-20";"2023-03-21";"625.445";"55.61";"-0.12";"481.17";"1760.5";"1124.7179";"11830.37";"20088.45";"1091.657";"25.9392"
"C";"2023-03-19";"2023-03-20";"626.8036";"55.73";"0.03";"1315.48";"1020.6";"1124.7179";"11830.52";"20088.05";"1091.3198";"26.171"
"C";"2023-03-18";"2023-03-19";"626.5062";"55.7";"0.05";"1492.64";"1030.8";"1124.7179";"11830.73";"20087.5";"1091.307";"26.1872"
"C";"2023-03-17";"2023-03-18";"625.9414";"55.65";"-0.09";"794.56";"1803.3";"1124.7179";"11830.82";"20087.25";"1091.0903";"26.3771"
"C";"2023-03-16";"2023-03-17";"626.956";"55.74";"-0.2";"398.83";"2615.8";"1124.7179";"11817.81";"20040.88";"1091.0742";"26.3754"
"C";"2023-03-15";"2023-03-16";"629.1877";"55.94";"-0.26";"322.26";"3217.6";"1124.7179";"11809.79";"20012.36";"1091.0745";"26.1253"
"C";"2023-03-14";"2023-03-15";"632.0824";"56.2";"-0.17";"364.8";"2177.1";"1124.7179";"11830.79";"20087.33";"1090.8731";"25.9317"
"C";"2023-03-13";"2023-03-14";"633.9407";"56.36";"-0.1";"850.52";"1903";"1124.7179";"11831.06";"20086.62";"1090.6399";"26.1028"
"C";"2023-03-12";"2023-03-13";"635.0198";"56.46";"-0.15";"521.2";"2132.1";"1124.7179";"11831.07";"20086.59";"1090.64";"26.0748"
"C";"2023-03-11";"2023-03-12";"636.7109";"56.61";"-0.23";"238.21";"2779.2";"1124.7179";"11830.99";"20086.81";"1090.6333";"25.9659"
"C";"2023-03-10";"2023-03-11";"639.3208";"56.84";"-0.29";"230.87";"3454.3";"1124.7179";"11830.91";"20105.21";"1091.3222";"25.0965"
"C";"2023-03-09";"2023-03-10";"642.6249";"57.14";"-0.37";"268.13";"4358.3";"1124.7179";"11830.49";"20068.13";"1091.3163";"24.8411"
"C";"2023-03-08";"2023-03-09";"646.8191";"57.51";"-0.5";"138.31";"5798.7";"1124.7179";"11820.91";"20037.52";"1091.3162";"24.6827"
"C";"2023-03-07";"2023-03-08";"652.4524";"58.01";"-0.51";"102.66";"5821.1";"1124.7179";"11829.4";"20071.01";"1091.3143";"24.4837"
"C";"2023-03-06";"2023-03-07";"658.1859";"58.52";"-0.41";"92.93";"5936.4";"1124.7179";"11828.94";"20072.22";"1078.8699";"35.5074"
"C";"2023-03-05";"2023-03-06";"662.7734";"58.93";"-0.55";"166.86";"3999.2";"1124.7179";"11828.69";"20072.88";"1074.6366";"38.858"
"C";"2023-03-04";"2023-03-05";"668.9794";"59.48";"-0.2";"243.54";"3620.8";"1124.7179";"11828.5";"20073.38";"1078.2317";"35.0024"
"E";"2023-03-03";"2023-03-04";"671.2202";"59.68";"-0.44";"241.29";"5302.9";"1124.7179";"11828.11";"20074.41";"1078.202";"34.7667"
"C";"2023-03-02";"2023-03-03";"676.2093";"60.12";"-0.48";"161.12";"5408.9";"1124.7171";"11827.55";"20075.71";"1078.2021";"34.5169"
"C";"2023-03-01";"2023-03-02";"681.5597";"60.6";"-0.42";"160.64";"5897.6";"1124.7179";"11813.38";"20039.2";"1078.2028";"34.3617"
"E";"2023-02-28";"2023-03-01";"686.3222";"61.03";"-0.52";"214.28";"6098.5";"1124.6164";"11819.85";"20093.52";"1088.6941";"23.2624"
"C";"2023-02-27";"2023-02-28";"692.215";"61.55";"-0.56";"165.34";"6209.2";"1124.7179";"11825.14";"20103.1";"1088.0589";"23.8866"
"C";"2023-02-26";"2023-02-27";"698.504";"62.16";"-0.24";"352.45";"3569.2";"1123.7502";"11818.79";"20088.86";"0";"0"
"C";"2023-02-25";"2023-02-26";"701.2036";"62.4";"-0.24";"471.56";"2965.2";"1123.7502";"11816.77";"20087.77";"0";"0"
"C";"2023-02-24";"2023-02-25";"703.9285";"62.64";"-0.27";"451.46";"3529.1";"1123.7502";"11818.13";"20090.61";"0";"0"
"E";"2023-02-23";"2023-02-24";"707.0077";"62.92";"-0.27";"443.54";"3504.7";"1123.7502";"11817.88";"20091.24";"0";"0"
"C";"2023-02-22";"2023-02-23";"710.0861";"63.19";"-0.29";"364.24";"3619.3";"1123.7501";"11808.6";"20059.85";"0";"0"
"C";"2023-02-21";"2023-02-22";"713.3503";"63.48";"-0.3";"415.09";"3796";"1123.7501";"11817.56";"20092.08";"0";"0"
"C";"2023-02-20";"2023-02-21";"716.7556";"63.78";"-0.24";"541.25";"3244.5";"1123.7501";"11817.6";"20116.19";"0";"0"
"C";"2023-02-19";"2023-02-20";"719.4409";"64.02";"-0.13";"888.15";"2241.1";"1123.7501";"11817.64";"20116.08";"0";"0"
"C";"2023-02-18";"2023-02-19";"720.8646";"64.15";"-0.11";"1160.67";"2267.3";"1123.7501";"11817.75";"20115.78";"0";"0"
"C";"2023-02-17";"2023-02-18";"722.0692";"64.26";"-0.25";"609.96";"3346.7";"1123.7501";"11817.84";"20115.55";"0";"0"
"C";"2023-02-16";"2023-02-17";"724.8763";"64.51";"-0.34";"229.08";"3995.4";"1123.7501";"11817.72";"20115.85";"0";"0"
"C";"2023-02-15";"2023-02-16";"728.7353";"64.85";"-0.42";"147.48";"4785.5";"1123.7501";"11808.66";"20083.88";"0";"0"
"C";"2023-02-14";"2023-02-15";"733.4188";"65.27";"-0.44";"118.01";"5072.6";"1123.7501";"11817.13";"20117.43";"0";"0"
"C";"2023-02-13";"2023-02-14";"738.3865";"65.71";"-0.45";"204.2";"5300.5";"1123.7501";"11816.64";"20118.7";"0";"0"
"C";"2023-02-12";"2023-02-13";"743.4935";"66.16";"-0.36";"292.52";"4162.3";"1123.7501";"11816.33";"20119.54";"0";"0"
"C";"2023-02-11";"2023-02-12";"747.5334";"66.52";"-0.43";"189.46";"4970.4";"1123.7501";"11815.96";"20120.51";"0";"0"
"C";"2023-02-10";"2023-02-11";"752.3464";"66.95";"-0.58";"205.2";"6750";"1123.7501";"11815.61";"20129.42";"0";"0"
"C";"2023-02-09";"2023-02-10";"758.8946";"67.53";"-0.67";"163.9";"7704.7";"1123.7501";"11815.26";"20130.34";"0";"0"
"C";"2023-02-08";"2023-02-09";"766.4737";"68.21";"-0.66";"144.63";"7497.2";"1123.7501";"11805.88";"20099.22";"0";"0"
"C";"2023-02-07";"2023-02-08";"773.8454";"68.86";"-0.65";"172.99";"7586.4";"1123.7501";"11814.5";"20132.36";"0";"0"
"C";"2023-02-06";"2023-02-07";"781.1436";"69.51";"-0.53";"121.58";"7202";"1123.7501";"11814.14";"20133.3";"0";"0"
"C";"2023-02-05";"2023-02-06";"787.1428";"70.17";"-0.43";"322.18";"4158.2";"1121.7507";"11759.96";"20039.28";"0";"0"
"E";"2023-02-04";"2023-02-05";"791.9881";"70.48";"-0.31";"357.98";"3802";"1123.7501";"11813.74";"20132.36";"0";"0"
"E";"2023-02-03";"2023-02-04";"795.475";"70.79";"-0.38";"233.03";"4431.4";"1123.7501";"11813.44";"20057.06";"0";"0"
"E";"2023-02-02";"2023-02-03";"799.7868";"71.17";"-0.45";"238.62";"5328.8";"1123.7501";"11813.04";"20055.09";"0";"0"
"E";"2023-02-01";"2023-02-02";"804.8748";"71.62";"-0.47";"215.59";"5392.9";"1123.7501";"11803.4";"20023.59";"0";"0"
"E";"2023-01-31";"2023-02-01";"810.1735";"72.1";"-0.34";"193.58";"6162.3";"1123.7501";"11812.3";"20093.65";"0";"0"
"E";"2023-01-30";"2023-01-31";"813.9449";"72.58";"-0.58";"118.89";"6576.2";"1121.4501";"11792.29";"20020.57";"0";"0"
"E";"2023-01-29";"2023-01-30";"820.4162";"73.16";"-0.53";"255.43";"5938.5";"1121.4501";"11791.98";"20021.38";"0";"0"
"E";"2023-01-28";"2023-01-29";"826.3146";"73.68";"-0.58";"199.59";"6648.3";"1121.4501";"11791.57";"20022.45";"0";"0"
"E";"2023-01-27";"2023-01-28";"832.8192";"74.26";"-0.7";"159.86";"7976.8";"1121.4501";"11778.2";"19977.02";"0";"0"
"E";"2023-01-26";"2023-01-27";"840.6904";"74.96";"-0.64";"178.64";"7951";"1121.4501";"11766.86";"19938.66";"0";"0"
"E";"2023-01-25";"2023-01-26";"847.8995";"75.61";"-0.68";"168.21";"7859.2";"1121.4501";"11766.51";"19939.59";"0";"0"
"E";"2023-01-24";"2023-01-25";"855.5187";"76.29";"-0.72";"157.13";"8251.2";"1121.45";"11766.17";"19940.48";"0";"0"
"E";"2023-01-23";"2023-01-24";"863.5858";"77.01";"-0.72";"133.56";"8212";"1121.45";"11765.83";"19941.37";"0";"0"
"E";"2023-01-22";"2023-01-23";"871.6349";"77.77";"-0.55";"257.53";"6340.3";"1120.746";"11760.37";"19936.92";"0";"0"
"E";"2023-01-21";"2023-01-22";"877.8163";"78.32";"-0.53";"264.41";"6088.5";"1120.746";"11760.07";"19937.69";"0";"0"
"E";"2023-01-20";"2023-01-21";"883.7173";"78.85";"-0.62";"180.59";"7052.1";"1120.746";"11760.03";"19967.81";"0";"0"
"E";"2023-01-19";"2023-01-20";"890.6133";"79.47";"-0.59";"123.36";"6734.2";"1120.746";"11759.7";"19968.69";"0";"0"
"E";"2023-01-18";"2023-01-19";"897.2544";"80.06";"-0.5";"161.52";"5758.1";"1120.746";"11759.39";"19969.5";"0";"0"
"E";"2023-01-17";"2023-01-18";"902.9051";"80.62";"-0.48";"172.71";"5510.7";"1119.956";"11759.11";"19970.23";"0";"0"
"E";"2023-01-16";"2023-01-17";"908.2574";"81.1";"-0.42";"185.94";"4763.1";"1119.956";"11761.92";"19981.46";"0";"0"
"E";"2023-01-15";"2023-01-16";"912.9805";"81.52";"-0.21";"494.8";"2734.1";"1119.956";"11782.89";"20056.5";"0";"0"
"E";"2023-01-14";"2023-01-15";"915.3039";"81.73";"-0.19";"623.42";"2701.5";"1119.956";"11782.86";"20056.58";"0";"0"
"E";"2023-01-13";"2023-01-14";"917.3944";"81.91";"-0.24";"401.87";"2992.1";"1119.956";"11782.79";"20056.75";"0";"0"
"E";"2023-01-12";"2023-01-13";"920.0537";"82.15";"-0.21";"448.46";"2775.3";"1119.956";"11782.76";"20056.84";"0";"0"
"E";"2023-01-11";"2023-01-12";"922.3836";"82.36";"-0.22";"445.62";"2953.2";"1119.956";"11773.74";"20024.76";"0";"0"
"E";"2023-01-10";"2023-01-11";"924.8934";"82.62";"-0.23";"371.04";"3065.1";"1119.4312";"11782.68";"20067.55";"0";"0"
"E";"2023-01-09";"2023-01-10";"927.5206";"82.86";"-0.22";"383.85";"2888.5";"1119.4312";"11782.63";"20067.68";"0";"0"
"E";"2023-01-08";"2023-01-09";"930.03";"83.08";"-0.07";"941.39";"1687.7";"1119.4312";"11782.63";"20067.69";"0";"0"
"E";"2023-01-07";"2023-01-08";"930.8104";"83.15";"-0.04";"1128.11";"1486.5";"1119.4312";"11782.62";"20067.7";"0";"0"
"E";"2023-01-06";"2023-01-07";"931.2802";"83.19";"-0.05";"1122.45";"1643.8";"1119.4312";"11782.63";"20067.68";"0";"0"
"E";"2023-01-05";"2023-01-06";"931.8386";"83.24";"-0.13";"818.52";"2141.7";"1119.4312";"11782.6";"20067.76";"0";"0"
"E";"2023-01-04";"2023-01-05";"933.2785";"83.37";"-0.06";"997.29";"1675.3";"1119.4212";"11773.57";"20035.7";"0";"0"
"E";"2023-01-03";"2023-01-04";"933.9947";"83.44";"-0.08";"1264.17";"2198.3";"1119.4212";"11782.56";"20067.86";"0";"0"
"E";"2023-01-02";"2023-01-03";"934.9074";"83.52";"0";"1521.14";"1436.8";"1119.4212";"11782.6";"20067.76";"0";"0"
"E";"2023-01-01";"2023-01-02";"934.9279";"83.53";"0";"2341.9";"767.3";"1119.3095";"11781.76";"20066.18";"0";"0"
"E";"2022-12-31";"2023-01-01";"933.4146";"83.38";"0.09";"2559.79";"933.1";"1119.4095";"11781.92";"20065.75";"0";"0"
"E";"2022-12-30";"2022-12-31";"932.4036";"83.29";"0.05";"2027.9";"1380.6";"1119.4095";"11781.94";"20065.7";"0";"0"
"E";"2022-12-29";"2022-12-30";"931.789";"83.24";"0.03";"2180.83";"1685.5";"1119.4095";"11814.86";"20065.69";"0";"0"
"E";"2022-12-28";"2022-12-29";"931.4201";"83.21";"0";"1684.62";"1665.6";"1119.4095";"11805.77";"20032.78";"0";"0"
"E";"2022-12-27";"2022-12-28";"931.4395";"83.21";"-0.03";"1618.22";"1895.8";"1119.4095";"11814.81";"20064.82";"0";"0"
"E";"2022-12-26";"2022-12-27";"931.7377";"83.23";"0.1";"2283.5";"1141.6";"1119.4095";"11814.88";"20064.63";"0";"0"
"E";"2022-12-25";"2022-12-26";"930.615";"83.13";"0.12";"2288.74";"904.9";"1119.4095";"11814.97";"20064.38";"0";"0"
"E";"2022-12-24";"2022-12-25";"929.2471";"83.01";"0.08";"2220.73";"1088.1";"1119.4095";"11815.05";"20064.17";"0";"0"
"E";"2022-12-23";"2022-12-24";"928.3609";"82.93";"-0.03";"1631.65";"1963.5";"1119.4095";"11815.08";"20064.09";"0";"0"
"E";"2022-12-22";"2022-12-23";"928.7365";"82.97";"-0.09";"1316.88";"2347.9";"1119.4095";"11576.76";"20059.65";"0";"0"
"E";"2022-12-21";"2022-12-22";"929.7734";"83.06";"-0.12";"1488.47";"2863.5";"1119.4095";"11567.54";"20026.1";"0";"0"
"E";"2022-12-20";"2022-12-21";"931.1683";"83.21";"-0.27";"669.42";"3680.9";"1119.0297";"11576.16";"20059.25";"0";"0"
"E";"2022-12-19";"2022-12-20";"934.2137";"83.48";"-0.37";"481.04";"4600.9";"1119.0297";"11570.05";"20052.91";"0";"0"
"E";"2022-12-18";"2022-12-19";"938.3461";"83.85";"-0.36";"482.7";"4449.7";"1119.0297";"11575.23";"20061.71";"0";"0"
"E";"2022-12-17";"2022-12-18";"942.356";"84.21";"-0.42";"290.52";"4940.9";"1119.0297";"11574.68";"20063.15";"0";"0"
"E";"2022-12-16";"2022-12-17";"947.0468";"84.63";"-0.58";"149.31";"6511.4";"1119.0297";"11574.16";"20064.53";"0";"0"
"E";"2022-12-15";"2022-12-16";"953.5757";"85.21";"-0.67";"106.93";"7579.5";"1119.0297";"11573.57";"20066.09";"0";"0"
"E";"2022-12-14";"2022-12-15";"961.0664";"85.88";"-0.7";"127.27";"8006.3";"1119.0297";"11573.21";"20067.01";"0";"0"
"E";"2022-12-13";"2022-12-14";"968.9158";"86.59";"-0.78";"109.5";"8581.2";"1119.0297";"11571.36";"20137.49";"0";"0"
"E";"2022-12-12";"2022-12-13";"977.6165";"87.36";"-0.7";"84.2";"7911.3";"1119.0297";"11572.73";"20068.3";"0";"0"
"E";"2022-12-11";"2022-12-12";"985.4662";"88.06";"-0.47";"234.54";"5313.1";"1119.0297";"11572.54";"20068.79";"0";"0"
"E";"2022-12-10";"2022-12-11";"990.7029";"88.53";"-0.43";"308.68";"4974.1";"1119.0297";"11572.37";"20110.04";"0";"0"
"E";"2022-12-09";"2022-12-10";"995.5367";"88.96";"-0.48";"183.05";"5581.7";"1119.0297";"11572.15";"20110.62";"0";"0"
"E";"2022-12-08";"2022-12-09";"1000.9526";"89.45";"-0.51";"126.64";"5666";"1119.0297";"11571.91";"20111.26";"0";"0"
"E";"2022-12-07";"2022-12-08";"1006.6241";"89.96";"-0.49";"201.11";"5487.3";"1119.0297";"11571.7";"20111.81";"0";"0"
"E";"2022-12-06";"2022-12-07";"1012.0558";"90.44";"-0.45";"157.24";"5128.6";"1119.0297";"11571.5";"20112.33";"0";"0"
"E";"2022-12-05";"2022-12-06";"1017.1151";"90.89";"-0.42";"173.96";"4759.8";"1119.0297";"11571.31";"20112.85";"0";"0"
"E";"2022-12-04";"2022-12-05";"1021.829";"91.31";"-0.29";"267.15";"3369.4";"1119.0297";"11811.22";"20111.09";"0";"0"
"E";"2022-12-03";"2022-12-04";"1025.075";"91.6";"-0.3";"176.3";"3394.3";"1119.0297";"11811.08";"20111.45";"0";"0"
"E";"2022-12-02";"2022-12-03";"1028.3802";"91.9";"-0.46";"155.66";"5145.1";"1119.0297";"11810.86";"20112.04";"0";"0"
"E";"2022-12-01";"2022-12-02";"1033.5197";"92.36";"-0.47";"776.87";"5042.4";"1119.0297";"11570.74";"20112.33";"0";"0"
"E";"2022-11-30";"2022-12-01";"1038.8324";"92.83";"-0.41";"281.1";"4559.2";"1119.0297";"11634.51";"20108.76";"0";"0"
"E";"2022-11-29";"2022-11-30";"1043.4119";"93.24";"-0.4";"193.53";"4501.7";"1119.0297";"11634.35";"20109.19";"0";"0"
"E";"2022-11-28";"2022-11-29";"1047.93";"93.65";"-0.3";"189.38";"3439";"1119.0297";"11634.34";"20109.22";"0";"0"
"E";"2022-11-27";"2022-11-28";"1051.2784";"93.95";"-0.06";"703.59";"1322.1";"1119.0297";"11634.41";"20109.02";"0";"0"
"E";"2022-11-26";"2022-11-27";"1051.9008";"94";"-0.07";"708.51";"1385.5";"1119.0297";"11634.52";"20108.75";"0";"0"
"E";"2022-11-25";"2022-11-26";"1052.6613";"94.07";"-0.17";"346.28";"2177.7";"1119.0297";"11634.53";"20108.71";"0";"0"
"E";"2022-11-24";"2022-11-25";"1054.5788";"94.24";"-0.17";"282.29";"2220.1";"1119.0297";"11634.53";"20103.7";"0";"0"
"E";"2022-11-23";"2022-11-24";"1056.5257";"94.42";"-0.17";"532.56";"2419.1";"1118.9365";"11632.92";"20101.56";"0";"0"
"E";"2022-11-22";"2022-11-23";"1058.4577";"94.63";"-0.23";"345.33";"2869.5";"1118.5393";"11634.42";"20104.01";"0";"0"
"E";"2022-11-21";"2022-11-22";"1061.0532";"94.86";"-0.2";"351.87";"2690.8";"1118.5393";"11634.29";"20104.34";"0";"0"
"E";"2022-11-20";"2022-11-21";"1063.3403";"95.07";"-0.11";"398.76";"1614.8";"1118.5393";"11874.27";"20104.4";"0";"0"
"E";"2022-11-19";"2022-11-20";"1064.6139";"95.18";"-0.09";"401.74";"1406.7";"1118.5193";"11874.25";"20104.44";"0";"0"
"E";"2022-11-18";"2022-11-19";"1065.6542";"95.27";"-0.11";"407.28";"1596.7";"1118.5193";"11874.24";"20104.47";"0";"0"
"E";"2022-11-17";"2022-11-18";"1066.8778";"95.38";"-0.03";"692.35";"1055.6";"1118.5193";"11874.26";"20104.43";"0";"0"
"E";"2022-11-16";"2022-11-17";"1067.2688";"95.44";"-0.06";"725.86";"1258.6";"1118.3055";"11879.26";"20104.44";"0";"0"
"E";"2022-11-15";"2022-11-16";"1067.9428";"95.5";"-0.11";"517.68";"1762.8";"1118.2355";"11879.3";"20104.33";"0";"0"
"E";"2022-11-14";"2022-11-15";"1069.1771";"95.62";"-0.07";"718.74";"1464.1";"1118.1758";"11879.23";"20104.5";"0";"0"
"E";"2022-11-13";"2022-11-14";"1069.9086";"95.69";"0.09";"1432.78";"452.4";"1118.1428";"11879.25";"20104.45";"0";"0"
"E";"2022-11-12";"2022-11-13";"1068.8525";"95.59";"0.09";"1449.28";"480.1";"1118.1428";"11879.27";"20104.4";"0";"0"
"E";"2022-11-11";"2022-11-12";"1067.8995";"95.51";"0.06";"1213.49";"583.2";"1118.0867";"11884.28";"20104.37";"0";"0"
"E";"2022-11-10";"2022-11-11";"1067.2482";"95.46";"0.06";"1332.88";"690";"1118.0267";"11879.24";"20104.47";"0";"0"
"E";"2022-11-09";"2022-11-10";"1066.5893";"95.4";"0.06";"1284.78";"614.1";"1117.9657";"11874.24";"20104.49";"0";"0"
"E";"2022-11-08";"2022-11-09";"1065.8808";"95.34";"0.06";"1393.65";"748.5";"1117.9657";"11874.22";"20104.53";"0";"0"
"E";"2022-11-07";"2022-11-08";"1065.2325";"95.29";"0.05";"1183.36";"680.6";"1117.8997";"11874.22";"20104.53";"0";"0"
"E";"2022-11-06";"2022-11-07";"1064.696";"95.24";"0.12";"1757.72";"398.3";"1117.8737";"11899.28";"20104.38";"0";"0"
"E";"2022-11-05";"2022-11-06";"1063.3031";"95.12";"0.11";"1678.33";"474.8";"1117.8737";"11897.98";"20102.45";"0";"0"
"E";"2022-11-04";"2022-11-05";"1062.0635";"95.1";"0.06";"1399.91";"780.6";"1116.8413";"11859.43";"20094.15";"0";"0"
"E";"2022-11-03";"2022-11-04";"1061.4308";"95.06";"0.02";"1288.9";"1067";"1116.5893";"11851.44";"20094.34";"0";"0"
"E";"2022-11-02";"2022-11-03";"1061.2311";"95.05";"0.09";"1624.94";"526.5";"1116.5263";"11851.46";"20094.3";"0";"0"
"E";"2022-11-01";"2022-11-02";"1060.2462";"94.96";"0.17";"2235.86";"285.8";"1116.4633";"11851.54";"20094.08";"0";"0"
"E";"2022-10-31";"2022-11-01";"1058.2953";"94.79";"0.15";"2094.19";"495.2";"1116.4553";"11917.03";"20094.06";"0";"0"
"E";"2022-10-30";"2022-10-31";"1056.6069";"94.72";"0.23";"2667.7";"264.4";"1115.4553";"11912.95";"20088.81";"0";"0"
"E";"2022-10-29";"2022-10-30";"1054.058";"94.38";"0.23";"2773.31";"324.4";"1116.8795";"11633.78";"19789.16";"0";"0"
"E";"2022-10-28";"2022-10-29";"1051.498";"94.27";"0.16";"2312.86";"444.7";"1115.4553";"11515.74";"19592.71";"0";"0"
"E";"2022-10-27";"2022-10-28";"1049.6886";"94.1";"0.14";"2073.71";"508.8";"1115.4553";"11514.28";"19590.6";"0";"0"
"E";"2022-10-26";"2022-10-27";"1048.1046";"93.96";"0.09";"1831.14";"821.3";"1115.4553";"11514.28";"19590.6";"0";"0"
"E";"2022-10-25";"2022-10-26";"1047.0659";"93.87";"0.11";"2018.61";"783.8";"1115.4253";"11522.2";"19590.6";"0";"0"
"E";"2022-10-24";"2022-10-25";"1045.8332";"93.83";"0.19";"2252.46";"441.8";"1114.6253";"11522.2";"19590.6";"0";"0"
"E";"2022-10-23";"2022-10-24";"1043.7044";"93.64";"0.21";"3164.86";"471.6";"1114.6253";"11519.24";"19586.68";"0";"0"
"E";"2022-10-22";"2022-10-23";"1041.3192";"93.42";"0.21";"2913.1";"508.1";"1114.6241";"11924.94";"20094.1";"0";"0"
"E";"2022-10-21";"2022-10-22";"1038.9309";"93.21";"0.12";"2241.51";"899.2";"1114.6241";"11924.93";"20094.13";"0";"0"
"E";"2022-10-20";"2022-10-21";"1037.579";"93.09";"0.11";"2212.54";"997.4";"1114.6241";"11924.95";"20094.07";"0";"0"
"E";"2022-10-19";"2022-10-20";"1036.3637";"92.94";"0.14";"2303.35";"825.3";"1115.0401";"11924.9";"20094.21";"0";"0"
"E";"2022-10-18";"2022-10-19";"1034.8382";"92.81";"0.16";"2434.87";"676.1";"1114.9731";"11924.87";"20094.29";"0";"0"
"E";"2022-10-17";"2022-10-18";"1033.0195";"92.65";"0.21";"2983.52";"709";"1114.9731";"11924.87";"20094.28";"0";"0"
"E";"2022-10-16";"2022-10-17";"1030.6657";"92.44";"0.28";"3766.58";"538";"1114.9731";"11924.89";"20093.87";"0";"0"
"E";"2022-10-15";"2022-10-16";"1027.5279";"92.16";"0.28";"3655.51";"531.7";"1114.9731";"11925.05";"20093.46";"0";"0"
"E";"2022-10-14";"2022-10-15";"1024.3546";"91.87";"0.19";"2883.49";"741";"1114.9731";"11956.06";"19967.42";"0";"0"
"E";"2022-10-13";"2022-10-14";"1022.187";"91.76";"0.12";"2436.83";"1046.7";"1113.9731";"11956.01";"19967.56";"0";"0"
"E";"2022-10-12";"2022-10-13";"1020.8383";"91.65";"0.13";"2340.9";"904.4";"1113.8731";"11955.91";"19967.84";"0";"0"
"E";"2022-10-11";"2022-10-12";"1019.4402";"91.52";"0.15";"2695.65";"753.7";"1113.8731";"11955.9";"19967.85";"0";"0"
"E";"2022-10-10";"2022-10-11";"1017.8079";"91.38";"0.22";"3110.75";"807.5";"1113.8731";"11956.03";"19967.52";"0";"0"
"E";"2022-10-09";"2022-10-10";"1015.4058";"91.16";"0.29";"3827.43";"587";"1113.8731";"11956.18";"19967.12";"0";"0"
"E";"2022-10-08";"2022-10-09";"1012.1288";"90.87";"0.32";"4121.91";"585.6";"1113.8731";"11956.33";"19966.71";"0";"0"
"E";"2022-10-07";"2022-10-08";"1008.5687";"90.55";"0.25";"3799.03";"716.9";"1113.8729";"11956.41";"19966.52";"0";"0"
"E";"2022-10-06";"2022-10-07";"1005.7536";"90.38";"0.25";"3560.98";"757.7";"1112.8669";"11956.47";"19966.34";"0";"0"
"E";"2022-10-05";"2022-10-06";"1002.9346";"90.12";"0.25";"3450.24";"701.6";"1112.8678";"11716.55";"19966.14";"0";"0"
"E";"2022-10-04";"2022-10-05";"1000.1963";"89.88";"0.22";"3127.8";"774.8";"1112.8678";"11716.67";"19893.84";"0";"0"
"E";"2022-10-03";"2022-10-04";"997.7611";"89.66";"0.25";"3392.23";"593";"1112.8678";"11716.81";"19893.47";"0";"0"
"E";"2022-10-02";"2022-10-03";"994.9371";"89.4";"0.35";"3959.76";"114.3";"1112.8678";"11716.92";"19893.16";"0";"0"
"E";"2022-10-01";"2022-10-02";"991.0759";"89.06";"0.33";"3444.67";"156.7";"1112.8678";"11713.87";"19888.3";"0";"0"
"E";"2022-09-30";"2022-10-01";"987.4342";"88.73";"0.12";"2750.36";"354.9";"1112.8662";"11763.75";"19889.17";"0";"0"
"E";"2022-09-29";"2022-09-30";"986.1431";"88.53";"0.18";"2357.24";"627.9";"1113.8662";"11763.77";"19889.11";"0";"0"
"E";"2022-09-28";"2022-09-29";"984.1002";"88.26";"0.14";"2648.36";"627";"1114.9572";"11763.54";"19889.72";"0";"0"
"E";"2022-09-27";"2022-09-28";"982.523";"88.18";"0.2";"2641";"416.5";"1114.227";"11763.47";"19889.93";"0";"0"
"E";"2022-09-26";"2022-09-27";"980.3369";"87.98";"0.23";"2843.77";"330.6";"1114.219";"11746.26";"19890.06";"0";"0"
"E";"2022-09-25";"2022-09-26";"977.8193";"87.76";"0.32";"3741.03";"184.2";"1114.219";"11746.28";"19889.98";"0";"0"
"E";"2022-09-24";"2022-09-25";"974.28";"87.44";"0.31";"3543.28";"149.3";"1114.219";"11746.32";"19889.89";"0";"0"
"E";"2022-09-23";"2022-09-24";"970.8637";"87.13";"0.24";"2244.35";"188.6";"1114.2173";"11746.36";"19889.76";"0";"0"
"E";"2022-09-22";"2022-09-23";"968.2078";"86.9";"0.22";"2766.23";"267.3";"1114.2075";"11746.41";"19889.64";"0";"0"
"E";"2022-09-21";"2022-09-22";"965.738";"86.68";"0.21";"2667.5";"336.7";"1114.0911";"11722.44";"19889.55";"0";"0"
"E";"2022-09-20";"2022-09-21";"963.3722";"86.47";"0.22";"2640.48";"246.4";"1114.088";"11722.47";"19889.47";"0";"0"
"E";"2022-09-19";"2022-09-20";"960.9462";"86.25";"0.23";"2863.68";"355.1";"1114.088";"11746.53";"19889.32";"0";"0"
"E";"2022-09-18";"2022-09-19";"958.4001";"86.03";"0.36";"4130.36";"180.4";"1114.088";"11746.62";"19889.08";"0";"0"
"E";"2022-09-17";"2022-09-18";"954.4169";"85.67";"0.37";"4239.18";"184.2";"1114.088";"11746.77";"19888.7";"0";"0"
"E";"2022-09-16";"2022-09-17";"950.3228";"85.3";"0.33";"3908.59";"142.9";"1114.088";"11746.98";"19888.13";"0";"0"
"E";"2022-09-15";"2022-09-16";"946.6639";"84.97";"0.25";"3132.28";"380.3";"1114.088";"11747.18";"19887.61";"0";"0"
"E";"2022-09-14";"2022-09-15";"943.8733";"84.72";"0.23";"2971.93";"475.6";"1114.088";"11747.33";"19887.22";"0";"0"
"E";"2022-09-13";"2022-09-14";"941.3366";"84.49";"0.24";"3011.52";"407.4";"1114.088";"11747.5";"19886.77";"0";"0"
"E";"2022-09-12";"2022-09-13";"938.707";"84.24";"0.25";"3152.86";"377.4";"1114.2907";"11752.23";"19895.14";"0";"0"
"E";"2022-09-11";"2022-09-12";"935.8973";"83.99";"0.36";"4190.01";"267.3";"1114.2907";"11752.45";"19894.57";"0";"0"
"E";"2022-09-10";"2022-09-11";"931.9245";"83.63";"0.35";"4216.48";"403.9";"1114.2907";"11752.67";"19893.99";"0";"0"
"E";"2022-09-09";"2022-09-10";"928.0413";"83.29";"0.29";"3733.97";"555.8";"1114.2907";"11752.91";"19893.36";"0";"0"
"E";"2022-09-08";"2022-09-09";"924.7981";"82.99";"0.31";"3791.61";"397";"1114.2907";"11753.09";"19892.89";"0";"0"
"E";"2022-09-07";"2022-09-08";"921.365";"82.69";"0.23";"3229.67";"738.9";"1114.2907";"11753.05";"19892.98";"0";"0"
"E";"2022-09-06";"2022-09-07";"918.8292";"82.46";"0.29";"3716.84";"483.7";"1114.2907";"11753.27";"19892.42";"0";"0"
"E";"2022-09-05";"2022-09-06";"915.5598";"82.17";"0.31";"3776.29";"386.3";"1114.2907";"11749.64";"19887.04";"0";"0"
"E";"2022-09-04";"2022-09-05";"912.133";"81.86";"0.41";"4745.63";"196.9";"1114.2842";"11728.49";"19891.17";"0";"0"
"E";"2022-09-03";"2022-09-04";"907.5318";"81.45";"0.4";"4626.62";"209.2";"1114.2842";"11728.7";"19890.6";"0";"0"
"E";"2022-09-02";"2022-09-03";"903.0806";"81.05";"0.3";"3792.25";"321.4";"1114.2842";"11728.91";"19890.06";"0";"0"
"E";"2022-09-01";"2022-09-02";"899.7772";"80.75";"0.36";"3433.61";"677.9";"1114.2842";"11728.85";"19890.21";"0";"0"
"E";"2022-08-31";"2022-09-01";"895.7715";"80.47";"0.12";"3685.91";"650.1";"1113.1868";"11679.06";"19890.01";"0";"0"
"E";"2022-08-30";"2022-08-31";"894.4697";"80.35";"0.27";"3652.98";"516.7";"1113.1868";"11679.28";"19889.43";"0";"0"
"E";"2022-08-29";"2022-08-30";"891.4736";"80.08";"0.28";"3534.19";"428.6";"1113.1868";"11679.5";"19888.83";"0";"0"
"E";"2022-08-28";"2022-08-29";"888.3667";"79.8";"0.4";"4599.82";"91.9";"1113.2163";"11678.91";"19887";"0";"0"
"E";"2022-08-27";"2022-08-28";"883.9365";"79.4";"0.38";"4360.83";"86.7";"1113.2163";"11679.21";"19886.22";"0";"0"
"E";"2022-08-26";"2022-08-27";"879.6624";"79.02";"0.32";"3908.89";"378.4";"1113.2163";"11696.57";"19885.68";"0";"0"
"E";"2022-08-25";"2022-08-26";"876.1216";"78.7";"0.34";"4040.4";"316.6";"1113.2163";"11696.96";"19884.65";"0";"0"
"E";"2022-08-24";"2022-08-25";"872.3581";"78.36";"0.33";"4016.83";"325.3";"1113.2163";"11697.07";"19884.36";"0";"0"
"E";"2022-08-23";"2022-08-24";"868.6321";"78.07";"0.32";"3777.78";"269.5";"1112.6087";"11697.24";"19883.92";"0";"0"
"E";"2022-08-22";"2022-08-23";"865.1155";"77.76";"0.32";"3888.53";"283.4";"1112.5576";"11696.77";"19883.66";"0";"0"
"E";"2022-08-21";"2022-08-22";"861.512";"77.44";"0.43";"4948.13";"152.4";"1112.5571";"11697.14";"19882.61";"0";"0"
"E";"2022-08-20";"2022-08-21";"856.726";"77.01";"0.44";"4983.22";"109.4";"1112.5571";"11697.63";"19881.33";"0";"0"
"E";"2022-08-19";"2022-08-20";"851.8611";"76.57";"0.37";"4380.57";"201.1";"1112.5571";"11697.72";"19881.09";"0";"0"
"E";"2022-08-18";"2022-08-19";"847.6932";"76.19";"0.35";"4294.83";"413.2";"1112.5571";"11697.53";"19881.58";"0";"0"
"E";"2022-08-17";"2022-08-18";"843.8238";"75.89";"0.32";"3994.98";"384.7";"1111.8592";"11697.52";"19881.62";"0";"0"
"E";"2022-08-16";"2022-08-17";"840.2262";"75.57";"0.36";"4359.98";"221.7";"1111.8592";"11697.94";"19880.52";"0";"0"
"E";"2022-08-15";"2022-08-16";"836.2396";"75.21";"0.4";"4694.64";"222.6";"1111.8592";"11698.36";"19879.41";"0";"0"
"E";"2022-08-14";"2022-08-15";"831.7792";"74.83";"0.44";"5054.78";"132.6";"1111.6165";"11697.12";"19875.06";"0";"0"
"E";"2022-08-13";"2022-08-14";"826.8823";"74.39";"0.44";"5061.27";"124.8";"1111.6165";"11697.51";"19874.01";"0";"0"
"E";"2022-08-12";"2022-08-13";"821.9575";"73.94";"0.39";"4522.75";"186.4";"1111.6165";"11697.76";"19873.37";"0";"0"
"E";"2022-08-11";"2022-08-12";"817.6375";"73.57";"0.37";"4450.68";"371.4";"1111.3788";"11697.96";"19872.84";"0";"0"
"E";"2022-08-10";"2022-08-11";"813.5201";"73.2";"0.4";"4655.06";"210.3";"1111.3788";"11698.22";"19872.15";"0";"0"
"E";"2022-08-09";"2022-08-10";"809.0264";"72.79";"0.39";"4504.59";"154.4";"1111.4076";"11685.41";"19825.24";"0";"0"
"E";"2022-08-08";"2022-08-09";"804.6915";"72.4";"0.38";"4504.22";"269.5";"1111.4076";"11677.76";"19795.76";"0";"0"
"E";"2022-08-07";"2022-08-08";"800.4608";"72.02";"0.47";"5288.93";"83.1";"1111.4071";"11699";"19870.02";"0";"0"
"E";"2022-08-06";"2022-08-07";"795.267";"71.55";"0.45";"5142.04";"111.5";"1111.4071";"11699.34";"19869.12";"0";"0"
"E";"2022-08-05";"2022-08-06";"790.2438";"71.1";"0.37";"4374.4";"280.6";"1111.4071";"11699.47";"19868.79";"0";"0"
"E";"2022-08-04";"2022-08-05";"786.1631";"71.2";"0.28";"3939.88";"310";"1104.1442";"11636.65";"19798.3";"0";"0"
"E";"2022-08-03";"2022-08-04";"783.0479";"70.91";"0.36";"4158.32";"159.1";"1104.2342";"11636.98";"19797.42";"0";"0"
"E";"2022-08-02";"2022-08-03";"779.0509";"70.55";"0.39";"4419.14";"162.9";"1104.2342";"11637.31";"19796.55";"0";"0"
"E";"2022-08-01";"2022-08-02";"774.7829";"70.16";"0.4";"4194.62";"224.9";"1104.2352";"11637.48";"19796.1";"0";"0"
"E";"2022-07-31";"2022-08-01";"770.3283";"69.31";"0.38";"4970.88";"159.6";"1111.4598";"11699.94";"19864.74";"0";"0"
"E";"2022-07-30";"2022-07-31";"766.1234";"68.93";"0.42";"4774.53";"154.8";"1111.4598";"11700.23";"19863.97";"0";"0"
"E";"2022-07-29";"2022-07-30";"761.4913";"68.51";"0.34";"4075.33";"357.4";"1111.4598";"11683.16";"19863.74";"0";"0"
"E";"2022-07-28";"2022-07-29";"757.7655";"68.18";"0.35";"4214.27";"376.6";"1111.4598";"11683.25";"19863.5";"0";"0"
"E";"2022-07-27";"2022-07-28";"753.9249";"67.83";"0.35";"4294.84";"435.9";"1111.4598";"11683.25";"19863.49";"0";"0"
"E";"2022-07-26";"2022-07-27";"750.0578";"67.48";"0.36";"4295.24";"281.2";"1111.4598";"11683.39";"19863.14";"0";"0"
"E";"2022-07-25";"2022-07-26";"746.0328";"67.12";"0.39";"4533.37";"222.9";"1111.4598";"11684";"19862.23";"0";"0"
"E";"2022-07-24";"2022-07-25";"741.7096";"66.73";"0.46";"5197.84";"87.3";"1111.4461";"11692.57";"19860.53";"0";"0"
"E";"2022-07-23";"2022-07-24";"736.5857";"66.27";"0.43";"4889.46";"166.5";"1111.4461";"11692.97";"19859.47";"0";"0"
"E";"2022-07-22";"2022-07-23";"731.8093";"65.84";"0.34";"4317.82";"507.7";"1111.4462";"11693.33";"19858.54";"0";"0"
"E";"2022-07-21";"2022-07-22";"727.9941";"65.5";"0.28";"3986.79";"894.4";"1111.4462";"11710.75";"19857.85";"0";"0"
"E";"2022-07-20";"2022-07-21";"724.8959";"65.22";"0.25";"3770.53";"990.6";"1111.4462";"11711.12";"19856.87";"0";"0"
"E";"2022-07-19";"2022-07-20";"722.1142";"64.97";"0.25";"3865.44";"976.4";"1111.4462";"11711.42";"19856.08";"0";"0"
"E";"2022-07-18";"2022-07-19";"719.3617";"64.72";"0.3";"4194.54";"864.6";"1111.4462";"11711.63";"19855.53";"0";"0"
"E";"2022-07-17";"2022-07-18";"716.0245";"64.42";"0.41";"5033.62";"523.2";"1111.4413";"11711.89";"19854.28";"0";"0"
"E";"2022-07-16";"2022-07-17";"711.5183";"64.02";"0.43";"5355.42";"608.7";"1111.4413";"11712.28";"19853.25";"0";"0"
"E";"2022-07-15";"2022-07-16";"706.7668";"63.59";"0.33";"4654.34";"933.4";"1111.4413";"11712.66";"19852.24";"0";"0"
"E";"2022-07-14";"2022-07-15";"703.0542";"63.26";"0.31";"4291.37";"796";"1111.4413";"11713.02";"19851.3";"0";"0"
"E";"2022-07-13";"2022-07-14";"699.5628";"62.95";"0.28";"4054.13";"910.5";"1111.3313";"11713.38";"19850.38";"0";"0"
"E";"2022-07-12";"2022-07-13";"696.433";"62.67";"0.26";"4130.7";"1233.3";"1111.3313";"11713.65";"19849.66";"0";"0"
"E";"2022-07-11";"2022-07-12";"693.5519";"62.41";"0.24";"3607.69";"792.7";"1111.3313";"11706.91";"19849.23";"0";"0"
"E";"2022-07-10";"2022-07-11";"690.8969";"62.17";"0.47";"5439.25";"183.4";"1111.3211";"11707.14";"19847.47";"0";"0"
"E";"2022-07-09";"2022-07-10";"685.6538";"61.7";"0.48";"5484.89";"179.5";"1111.3211";"11707.61";"19846.22";"0";"0"
"E";"2022-07-08";"2022-07-09";"680.3679";"61.22";"0.35";"4340.88";"424.9";"1111.3211";"11707.88";"19845.51";"0";"0"
"E";"2022-07-07";"2022-07-08";"676.4676";"60.87";"0.35";"4417.28";"522.8";"1111.3211";"11708.03";"19845.1";"0";"0"
"E";"2022-07-06";"2022-07-07";"672.5842";"60.52";"0.36";"4377.48";"372.4";"1111.3203";"11708.31";"19844.19";"0";"0"
"E";"2022-07-05";"2022-07-06";"668.5845";"60.16";"0.36";"4261.78";"278.6";"1111.3203";"11708.57";"19843.49";"0";"0"
"E";"2022-07-04";"2022-07-05";"664.6153";"59.8";"0.37";"4360.39";"275.3";"1111.3203";"11708.9";"19842.61";"0";"0"
"E";"2022-07-03";"2022-07-04";"660.5334";"59.44";"0.46";"5303.47";"237.2";"1111.2961";"11715.57";"19840.36";"0";"0"
"E";"2022-07-02";"2022-07-03";"655.4738";"58.98";"0.43";"5084.23";"302.9";"1111.296";"11715.93";"19839.4";"0";"0"
"E";"2022-07-01";"2022-07-02";"650.7038";"58.55";"0.38";"4446.75";"368.7";"1111.2959";"11716.22";"19838.59";"0";"0"
"E";"2022-06-30";"2022-07-01";"646.506";"58.19";"0.28";"3912.29";"764.2";"1111.1066";"11716.27";"19838.44";"0";"0"
"E";"2022-06-29";"2022-06-30";"643.4265";"57.91";"0.29";"3847.53";"565.6";"1111.1066";"11700.4";"19837.15";"0";"0"
"E";"2022-06-28";"2022-06-29";"640.1583";"57.61";"0.32";"3895.25";"466.2";"1111.1066";"11700.77";"19836.18";"0";"0"
"E";"2022-06-27";"2022-06-28";"636.6311";"57.3";"0.29";"3791.6";"516.1";"1110.9566";"11701.21";"19835.02";"0";"0"
"E";"2022-06-26";"2022-06-27";"633.3563";"57.01";"0.44";"4983.31";"130.6";"1110.9749";"11702.61";"19836.04";"0";"0"
"E";"2022-06-25";"2022-06-26";"628.502";"56.57";"0.43";"4935.9";"138.1";"1110.9745";"11703.14";"19834.6";"0";"0"
"E";"2022-06-24";"2022-06-25";"623.7243";"56.14";"0.32";"3898.55";"227.7";"1110.9744";"11701.69";"19833.06";"0";"0"
"E";"2022-06-23";"2022-06-24";"620.1468";"55.82";"0.27";"3450.73";"249.9";"1110.9744";"11702.02";"19832.19";"0";"0"
"E";"2022-06-22";"2022-06-23";"617.0949";"55.55";"0.27";"3337.58";"355.1";"1110.9744";"11689.53";"19784.42";"0";"0"
"E";"2022-06-21";"2022-06-22";"614.054";"55.27";"0.54";"3846.89";"380.8";"1111.0844";"11682.07";"19754.44";"0";"0"
"E";"2022-06-20";"2022-06-21";"608.0218";"55.12";"0.32";"3944.35";"403.8";"1103.1244";"11598.66";"19640.66";"0";"0"
"E";"2022-06-19";"2022-06-20";"604.4824";"54.8";"0.44";"5046.94";"213.6";"1103.1522";"11599.44";"19640.47";"0";"0"
"E";"2022-06-18";"2022-06-19";"599.6499";"54.36";"0.43";"5058.28";"233.5";"1103.1512";"11600.49";"19638.83";"0";"0"
"E";"2022-06-17";"2022-06-18";"594.8578";"53.92";"0.34";"4019.29";"207.3";"1103.1503";"11583.32";"19637.23";"0";"0"
"E";"2022-06-16";"2022-06-17";"591.0715";"53.6";"0.33";"3979.53";"303.2";"1102.8086";"11584.45";"19634.14";"0";"0"
"E";"2022-06-15";"2022-06-16";"587.3955";"53.26";"0.33";"3957.89";"286.1";"1102.8085";"11584.98";"19632.7";"0";"0"
"E";"2022-06-14";"2022-06-15";"583.7135";"52.93";"0.33";"3984.44";"396.8";"1102.8082";"11585.51";"19631.25";"0";"0"
"E";"2022-06-13";"2022-06-14";"580.0739";"52.6";"0.43";"4280.77";"229.3";"1102.8069";"11537.74";"19599.55";"0";"0"
"E";"2022-06-12";"2022-06-13";"575.3248";"52.17";"0.52";"6020.98";"71.6";"1102.8015";"11538.07";"19597.85";"0";"0"
"E";"2022-06-11";"2022-06-12";"569.6185";"51.65";"0.52";"5814.42";"72.8";"1102.8015";"11538.57";"19596.52";"0";"0"
"E";"2022-06-10";"2022-06-11";"563.8665";"51.13";"0.24";"4018.14";"627.5";"1102.8015";"11539.06";"19595.23";"0";"0"
"E";"2022-06-09";"2022-06-10";"561.2394";"50.89";"0.24";"3760.14";"894.5";"1102.8016";"11538.72";"19596.14";"0";"0"
"E";"2022-06-08";"2022-06-09";"558.6392";"50.66";"0.26";"3750.41";"848";"1102.8015";"11539.09";"19595.17";"0";"0"
"E";"2022-06-07";"2022-06-08";"555.7274";"50.39";"0.35";"4270.9";"457.3";"1102.8015";"11545.93";"19593.86";"0";"0"
"E";"2022-06-06";"2022-06-07";"551.9051";"50.05";"0.45";"5154.91";"179.6";"1102.8015";"11546.43";"19592.54";"0";"0"
"E";"2022-06-05";"2022-06-06";"546.9115";"49.59";"0.51";"5721.37";"162.5";"1102.7839";"11546.5";"19590.34";"0";"0"
"E";"2022-06-04";"2022-06-05";"541.3408";"49.09";"0.51";"5706.35";"142.1";"1102.7839";"11547";"19589.02";"0";"0"
"E";"2022-06-03";"2022-06-04";"535.7671";"48.58";"0.43";"4851.11";"192.7";"1102.7839";"11579.23";"19587.69";"0";"0"
"E";"2022-06-02";"2022-06-03";"531.0707";"48.16";"0.41";"4796.68";"287";"1102.7839";"11579.73";"19586.35";"0";"0"
"E";"2022-06-01";"2022-06-02";"526.5777";"47.75";"0.35";"4111.98";"281.4";"1102.7839";"11580.24";"19585.02";"0";"0"
"E";"2022-05-31";"2022-06-01";"522.7593";"47.4";"0.29";"3920.87";"528.6";"1102.784";"11524.22";"19509.77";"0";"0"
"E";"2022-05-30";"2022-05-31";"519.5383";"47.11";"0.33";"4073.87";"672.2";"1102.784";"11524.64";"19508.43";"0";"0"
"E";"2022-05-29";"2022-05-30";"515.9441";"46.79";"0.47";"5373.56";"204.1";"1102.7664";"11524.8";"19506.22";"0";"0"
"E";"2022-05-28";"2022-05-29";"510.7558";"46.32";"0.49";"5514.97";"132.2";"1102.7664";"11525.32";"19504.86";"0";"0"
"E";"2022-05-27";"2022-05-28";"505.3683";"45.83";"0.48";"5395.09";"93.2";"1102.7664";"11525.82";"19503.53";"0";"0"
"E";"2022-05-26";"2022-05-27";"500.0618";"45.35";"0.48";"5509.26";"167.6";"1102.7664";"11526.33";"19502.2";"0";"0"
"E";"2022-05-25";"2022-05-26";"494.729";"44.86";"0.46";"5184.87";"278.4";"1102.7664";"11526.84";"19500.85";"0";"0"
"E";"2022-05-24";"2022-05-25";"489.708";"44.41";"0.42";"4954.15";"262.9";"1102.7664";"11526.83";"19500.88";"0";"0"
"E";"2022-05-23";"2022-05-24";"485.0387";"43.98";"0.44";"5041.55";"246.2";"1102.7664";"11527.33";"19499.55";"0";"0"
"E";"2022-05-22";"2022-05-23";"480.2333";"43.55";"0.53";"5957.11";"112.4";"1102.7503";"11527.45";"19497.4";"0";"0"
"E";"2022-05-21";"2022-05-22";"474.3776";"43.02";"0.54";"6039.64";"94.6";"1102.7503";"11527.94";"19496.09";"0";"0"
"E";"2022-05-20";"2022-05-21";"468.4334";"42.48";"0.47";"5226.38";"235.4";"1102.7503";"11528.43";"19494.81";"0";"0"
"E";"2022-05-19";"2022-05-20";"463.2931";"42.01";"0.44";"5020.51";"226.4";"1102.7503";"11528.94";"19493.46";"0";"0"
"E";"2022-05-18";"2022-05-19";"458.4326";"41.57";"0.4";"4719.2";"287.1";"1102.7503";"11529.46";"19492.1";"0";"0"
"E";"2022-05-17";"2022-05-18";"454.0455";"41.17";"0.4";"4615.53";"238.1";"1102.7713";"11529.85";"19491.05";"0";"0"
"E";"2022-05-16";"2022-05-17";"449.6483";"40.77";"0.43";"5066.53";"308.3";"1102.7713";"11530.33";"19489.79";"0";"0"
"E";"2022-05-15";"2022-05-16";"444.8755";"40.34";"0.59";"6517.6";"63.9";"1102.7513";"11530.29";"19487.63";"0";"0"
"E";"2022-05-14";"2022-05-15";"438.4219";"39.76";"0.56";"6223.65";"82.8";"1102.7513";"11530.73";"19486.45";"0";"0"
"E";"2022-05-13";"2022-05-14";"432.2637";"39.2";"0.51";"5766.7";"180.3";"1102.7513";"11523.13";"19485.11";"0";"0"
"E";"2022-05-12";"2022-05-13";"426.6538";"38.65";"0.43";"5397.44";"705.3";"1103.8595";"11513.65";"19483.72";"0";"0"
"E";"2022-05-11";"2022-05-12";"421.8772";"38.22";"0.45";"5439.03";"498.8";"1103.8595";"11514.18";"19482.33";"0";"0"
"E";"2022-05-10";"2022-05-11";"416.9331";"37.77";"0.42";"5406.01";"803.8";"1103.8595";"11513.72";"19474.46";"0";"0"
"E";"2022-05-09";"2022-05-10";"412.3347";"37.35";"0.44";"5330.21";"520.2";"1103.8595";"11514.26";"19473.05";"0";"0"
"E";"2022-05-08";"2022-05-09";"407.5155";"36.92";"0.51";"5923.71";"243.4";"1103.8585";"11531.26";"19471.62";"0";"0"
"E";"2022-05-07";"2022-05-08";"401.8442";"36.4";"0.52";"5904.69";"218.2";"1103.8585";"11531.79";"19470.22";"0";"0"
"E";"2022-05-06";"2022-05-07";"396.1074";"35.88";"0.42";"5531.21";"842.5";"1103.8585";"11531.32";"19468.81";"0";"0"
"E";"2022-05-05";"2022-05-06";"391.4184";"35.46";"0.41";"4786.78";"280.3";"1103.8585";"11530.82";"19467.5";"0";"0"
"E";"2022-05-04";"2022-05-05";"386.9052";"35.05";"0.39";"4766.47";"401.2";"1103.8585";"11531.19";"19466.51";"0";"0"
"E";"2022-05-03";"2022-05-04";"382.5679";"34.66";"0.4";"4614.84";"166.3";"1103.8585";"11531.48";"19465.76";"0";"0"
"E";"2022-05-02";"2022-05-03";"378.1233";"34.25";"0.39";"4525.83";"227.3";"1103.8585";"11531.84";"19464.8";"0";"0"
"E";"2022-05-01";"2022-05-02";"373.7964";"33.86";"0.46";"5178.25";"116.8";"1103.838";"11531.12";"19463.04";"0";"0"
"E";"2022-04-30";"2022-05-01";"368.7328";"33.47";"0.36";"4388.8";"160";"1101.606";"11527.26";"19624.63";"0";"0"
"E";"2022-04-29";"2022-04-30";"364.7967";"33.07";"0.3";"3693.31";"369";"1103.0415";"11527.4";"19624.28";"0";"0"
"E";"2022-04-28";"2022-04-29";"361.4656";"32.77";"0.27";"3433.38";"394.4";"1103.0415";"11527.59";"19623.78";"0";"0"
"E";"2022-04-27";"2022-04-28";"358.4407";"32.5";"0.19";"2733.05";"617.6";"1103.0415";"11523.6";"19623.75";"0";"0"
"E";"2022-04-26";"2022-04-27";"356.3135";"32.17";"0.21";"2920.96";"699.3";"1107.5477";"11523.39";"19624.31";"0";"0"
"E";"2022-04-25";"2022-04-26";"354.0308";"31.97";"0.27";"3576.23";"658.9";"1107.5477";"11522.3";"19635.48";"0";"0"
"E";"2022-04-24";"2022-04-25";"351.0869";"31.7";"0.42";"4880.37";"206.3";"1107.537";"11522.43";"19633.9";"0";"0"
"E";"2022-04-23";"2022-04-24";"346.3989";"31.28";"0.41";"4735.43";"177.7";"1107.537";"11522.83";"19632.86";"0";"0"
"E";"2022-04-22";"2022-04-23";"341.8817";"30.87";"0.32";"3978.11";"365";"1107.537";"11523.13";"19632.07";"0";"0"
"E";"2022-04-21";"2022-04-22";"338.2845";"30.54";"0.28";"3567.6";"473.7";"1107.537";"11523.5";"19631.08";"0";"0"
"E";"2022-04-20";"2022-04-21";"335.1868";"30.3";"0.25";"3424.06";"647.1";"1106.39";"11501.07";"19610.31";"0";"0"
"E";"2022-04-19";"2022-04-20";"332.4172";"30.05";"0.28";"3494.78";"569.9";"1106.39";"11501.4";"19609.45";"0";"0"
"E";"2022-04-18";"2022-04-19";"329.2962";"29.76";"0.41";"4903.91";"183.2";"1106.39";"11501.93";"19608.05";"0";"0"
"E";"2022-04-17";"2022-04-18";"324.7294";"29.35";"0.44";"5003.81";"174.3";"1106.3905";"11502.47";"19606.67";"0";"0"
"E";"2022-04-16";"2022-04-17";"319.9148";"28.92";"0.42";"4883.81";"182.2";"1106.3905";"11502.98";"19605.32";"0";"0"
"E";"2022-04-15";"2022-04-16";"315.2153";"28.49";"0.43";"4352.68";"265.3";"1106.3905";"11503.42";"19610.36";"0";"0"
"E";"2022-04-14";"2022-04-15";"310.4633";"28.08";"0.31";"3807.73";"389.8";"1105.7681";"11503.8";"19609.35";"0";"0"
"E";"2022-04-13";"2022-04-14";"307.0514";"27.77";"0.26";"3293.38";"373.8";"1105.7681";"11503.92";"19609.05";"0";"0"
"E";"2022-04-12";"2022-04-13";"304.1278";"27.5";"0.23";"3069.38";"548.9";"1105.7681";"11503.99";"19633.87";"0";"0"
"E";"2022-04-11";"2022-04-12";"301.6242";"27.28";"0.11";"2211.37";"635.7";"1105.7681";"11503.91";"19634.08";"0";"0"
"E";"2022-04-10";"2022-04-11";"300.3703";"27.16";"0.22";"2558.11";"525.1";"1105.7691";"11504.03";"19633.86";"0";"0"
"E";"2022-04-09";"2022-04-10";"297.9926";"26.95";"0.19";"2633.38";"514.1";"1105.7691";"11504.14";"19639.18";"0";"0"
"E";"2022-04-08";"2022-04-09";"295.9217";"26.76";"0.15";"2325.26";"636.6";"1105.7691";"11504.24";"19638.92";"0";"0"
"E";"2022-04-07";"2022-04-08";"294.2388";"26.58";"0.15";"2465.87";"378.6";"1106.9859";"11512.31";"19639.71";"0";"0"
"E";"2022-04-06";"2022-04-07";"292.5942";"26.44";"0.12";"2030.97";"671.8";"1106.8083";"11504.35";"19544.84";"0";"0"
"E";"2022-04-05";"2022-04-06";"291.2176";"26.31";"-0.05";"1115.02";"1346";"1106.8083";"11504.13";"19545.42";"0";"0"
"E";"2022-04-04";"2022-04-05";"291.7666";"26.36";"-0.09";"987.44";"1979.6";"1106.8083";"11503.93";"19545.92";"0";"0"
"E";"2022-04-03";"2022-04-04";"292.7519";"26.45";"-0.06";"1208.96";"1702.3";"1106.8083";"11503.85";"19546.14";"0";"0"
"E";"2022-04-02";"2022-04-03";"293.4023";"26.5";"-0.04";"1167.21";"1649.2";"1107.1829";"11523.37";"19540.31";"0";"0"
"E";"2022-04-01";"2022-04-02";"293.897";"26.54";"0.01";"985.3";"2161.1";"1107.3653";"11514.85";"19527.68";"0";"0"
"E";"2022-03-31";"2022-04-01";"293.761";"26.37";"-0.37";"1749.59";"1984.4";"1113.9859";"11518.88";"19514.47";"0";"0"
"E";"2022-03-30";"2022-03-31";"297.8521";"26.67";"0.03";"2024.52";"1716.7";"1116.6859";"11518.99";"19514.19";"0";"0"
"E";"2022-03-29";"2022-03-30";"297.5422";"26.65";"0.1";"2544.94";"1425.4";"1116.6859";"11519.23";"19513.56";"0";"0"
"E";"2022-03-28";"2022-03-29";"296.4385";"26.55";"0.11";"2621.69";"1411.9";"1116.6859";"11519.43";"19513.02";"0";"0"
"E";"2022-03-27";"2022-03-28";"295.2473";"26.44";"0.23";"3258.77";"857.1";"1116.6766";"11530.53";"19511.7";"0";"0"
"E";"2022-03-26";"2022-03-27";"292.6377";"26.23";"0.22";"3437.18";"1014.5";"1115.6069";"11337.04";"19214.43";"0";"0"
"E";"2022-03-25";"2022-03-26";"290.2077";"25.99";"0.12";"3175.67";"1408.6";"1116.6766";"11531.49";"19509.18";"0";"0"
"E";"2022-03-24";"2022-03-25";"288.8328";"25.87";"0.12";"2437.68";"1498.1";"1116.6766";"11531.38";"19509.46";"0";"0"
"E";"2022-03-23";"2022-03-24";"287.473";"25.74";"0.04";"2065.46";"1684.9";"1116.6766";"11531.3";"19509.67";"0";"0"
"E";"2022-03-22";"2022-03-23";"287.0366";"25.7";"0";"1909.88";"1848.1";"1116.6766";"11531.22";"19509.88";"0";"0"
"E";"2022-03-21";"2022-03-22";"287.0232";"25.7";"-0.06";"1789.98";"2423.9";"1116.6766";"11533.07";"19510.3";"0";"0"
"E";"2022-03-20";"2022-03-21";"287.6582";"25.76";"0.2";"2256.92";"1928.3";"1116.6785";"11527.99";"19510.71";"0";"0"
"E";"2022-03-19";"2022-03-20";"285.4293";"25.56";"-0.09";"2547.49";"1679.6";"1116.6785";"11525.01";"19510.67";"0";"0"
"E";"2022-03-18";"2022-03-19";"286.4804";"25.65";"-0.06";"2013.98";"2632.6";"1116.6785";"11524.96";"19510.8";"0";"0"
"E";"2022-03-17";"2022-03-18";"287.1092";"25.71";"-0.09";"1656.58";"2625.9";"1116.6785";"11539.94";"19510.86";"0";"0"
"E";"2022-03-16";"2022-03-17";"288.0839";"25.8";"-0.1";"1448.9";"2585.1";"1116.6785";"11530.02";"19510.65";"0";"0"
"E";"2022-03-15";"2022-03-16";"289.226";"25.9";"-0.16";"849.63";"2596.2";"1116.6785";"11518.72";"19510.65";"0";"0"
"E";"2022-03-14";"2022-03-15";"290.9945";"26.06";"-0.18";"817.17";"2646.9";"1116.67";"11510.57";"19493.61";"0";"0"
"E";"2022-03-13";"2022-03-14";"292.9607";"26.24";"0";"1814.02";"1820.9";"1116.671";"11510.81";"19493.09";"0";"0"
"E";"2022-03-12";"2022-03-13";"292.9924";"26.24";"0";"1888";"1966";"1116.671";"11506.07";"19492.41";"0";"0"
"E";"2022-03-11";"2022-03-12";"292.9763";"26.24";"-0.1";"1458.27";"2617.1";"1116.671";"11506.43";"19491.45";"0";"0"
"E";"2022-03-10";"2022-03-11";"294.1433";"26.34";"-0.09";"1857.9";"2822.9";"1116.671";"11506.68";"19490.81";"0";"0"
"E";"2022-03-09";"2022-03-10";"295.1212";"26.43";"-0.24";"803.75";"3391";"1116.671";"11506.76";"19490.58";"0";"0"
"E";"2022-03-08";"2022-03-09";"297.842";"26.67";"-0.32";"598.92";"4114.9";"1116.671";"11496.83";"19490.4";"0";"0"
"E";"2022-03-07";"2022-03-08";"301.3755";"26.99";"-0.38";"647.77";"4848.9";"1116.671";"11501.53";"19491.21";"0";"0"
"E";"2022-03-06";"2022-03-07";"305.5945";"27.37";"-0.21";"909.86";"3219.2";"1116.671";"11501.28";"19491.86";"0";"0"
"E";"2022-03-05";"2022-03-06";"307.9094";"27.57";"-0.19";"949.53";"3011";"1116.671";"11501.06";"19516.03";"0";"0"
"E";"2022-03-04";"2022-03-05";"309.9788";"27.76";"-0.27";"790.67";"3770.3";"1116.671";"11500.71";"19516.97";"0";"0"
"E";"2022-03-03";"2022-03-04";"312.9677";"28.03";"-0.3";"639.55";"3982.2";"1116.671";"11478.63";"19517.9";"0";"0"
"E";"2022-03-02";"2022-03-03";"316.3522";"28.33";"-0.33";"644.17";"4315.4";"1116.671";"11478.23";"19518.97";"0";"0"
"E";"2022-03-01";"2022-03-02";"320.018";"28.66";"-0.35";"684.53";"4537.3";"1116.671";"11472.82";"19520.05";"0";"0"
"E";"2022-02-28";"2022-03-01";"323.9264";"29.01";"-0.34";"621.12";"4451";"1116.671";"11469.01";"19544.71";"0";"0"
"E";"2022-02-27";"2022-02-28";"327.7781";"29.35";"-0.16";"987.44";"2712.4";"1116.6725";"11495.55";"19545.35";"0";"0"
"E";"2022-02-26";"2022-02-27";"329.5142";"29.51";"-0.17";"742.71";"2653.5";"1116.6725";"11505.34";"19545.89";"0";"0"
"E";"2022-02-25";"2022-02-26";"331.4167";"29.68";"-0.25";"375.17";"3286.4";"1116.6725";"11425.77";"19546.88";"0";"0"
"E";"2022-02-24";"2022-02-25";"334.1767";"29.93";"-0.25";"506.01";"3280";"1116.6725";"11393.77";"19547.62";"0";"0"
"E";"2022-02-23";"2022-02-24";"336.967";"30.18";"-0.28";"496";"3577.9";"1116.6725";"11393.4";"19548.59";"0";"0"
"E";"2022-02-22";"2022-02-23";"340.0494";"30.45";"-0.33";"415.67";"4094";"1116.6725";"11393.08";"19549.42";"0";"0"
"E";"2022-02-21";"2022-02-22";"343.7363";"30.78";"-0.32";"373.84";"4021.9";"1116.6725";"11392.73";"19550.34";"0";"0"
"E";"2022-02-20";"2022-02-21";"347.3623";"31.11";"-0.17";"888.2";"2784.5";"1116.6725";"11392.46";"19591.36";"0";"0"
"E";"2022-02-19";"2022-02-20";"349.2588";"31.28";"-0.22";"735.58";"3207.9";"1116.6725";"11392.15";"19592.18";"0";"0"
"E";"2022-02-18";"2022-02-19";"351.7258";"31.5";"-0.24";"581.23";"3260.8";"1116.6725";"11392.11";"19592.29";"0";"0"
"E";"2022-02-17";"2022-02-18";"354.4056";"31.74";"-0.23";"733.93";"3351.4";"1116.6725";"11392.21";"19592.01";"0";"0"
"E";"2022-02-16";"2022-02-17";"356.9757";"31.97";"-0.3";"634.6";"3968.9";"1116.6725";"11392.04";"19592.47";"0";"0"
"E";"2022-02-15";"2022-02-16";"360.3072";"32.27";"-0.37";"391.03";"4349.6";"1116.6725";"11391.88";"19592.9";"0";"0"
"E";"2022-02-14";"2022-02-15";"364.4237";"32.63";"-0.35";"629.81";"4619.8";"1116.6725";"11391.79";"19593.14";"0";"0"
"E";"2022-02-13";"2022-02-14";"368.3807";"32.99";"-0.26";"801.32";"3723";"1116.6749";"11391.73";"19593.58";"0";"0"
"E";"2022-02-12";"2022-02-13";"371.3088";"33.25";"-0.34";"496.53";"4274.3";"1116.6749";"11391.52";"19594.11";"0";"0"
"E";"2022-02-11";"2022-02-12";"375.1295";"33.59";"-0.42";"446.27";"5162.5";"1116.6749";"11391.23";"19594.88";"0";"0"
"E";"2022-02-10";"2022-02-11";"379.8319";"34.01";"-0.41";"466.19";"5062.6";"1116.6749";"11390.94";"19626.86";"0";"0"
"E";"2022-02-09";"2022-02-10";"384.4337";"34.43";"-0.35";"522.27";"4508.1";"1116.6749";"11390.56";"19627.87";"0";"0"
"E";"2022-02-08";"2022-02-09";"388.3226";"34.77";"-0.37";"354.28";"4435.8";"1116.6749";"11390.35";"19628.41";"0";"0"
"E";"2022-02-07";"2022-02-08";"392.4174";"35.14";"-0.39";"335.64";"4715.1";"1116.6749";"11389.99";"19629.38";"0";"0"
"E";"2022-02-06";"2022-02-07";"396.8214";"35.54";"-0.22";"652.8";"3082";"1116.6739";"11389.92";"19629.45";"0";"0"
"E";"2022-02-05";"2022-02-06";"399.3311";"35.76";"-0.24";"606.65";"3310.3";"1116.6739";"11389.84";"19629.65";"0";"0"
"E";"2022-02-04";"2022-02-05";"402.0459";"36";"-0.34";"600.15";"4357.8";"1116.6739";"11389.84";"19629.65";"0";"0"
"E";"2022-02-03";"2022-02-04";"405.8298";"36.34";"-0.41";"427.9";"5002.7";"1116.6739";"11389.63";"19630.21";"0";"0"
"E";"2022-02-02";"2022-02-03";"410.4205";"36.75";"-0.44";"289.96";"5131.8";"1116.6739";"11389.36";"19597.95";"0";"0"
"E";"2022-02-01";"2022-02-02";"415.2835";"37.19";"-0.44";"325.48";"5305.4";"1116.6739";"11389.06";"19631.72";"0";"0"
"E";"2022-01-31";"2022-02-01";"420.2242";"37.63";"-0.55";"271.94";"6401.2";"1116.6739";"11388.75";"19652.62";"0";"0"
"E";"2022-01-30";"2022-01-31";"426.3531";"38.18";"-0.35";"536.72";"4408.8";"1116.6861";"11388.75";"19654.01";"0";"0"
"E";"2022-01-29";"2022-01-30";"430.2332";"38.53";"-0.36";"621.11";"4594";"1116.6861";"11388.5";"19654.69";"0";"0"
"E";"2022-01-28";"2022-01-29";"434.2103";"38.88";"-0.56";"214.93";"6475";"1116.6861";"11388.11";"19674.22";"0";"0"
"E";"2022-01-27";"2022-01-28";"440.4757";"39.44";"-0.59";"289.51";"6829.8";"1116.6861";"11387.8";"19675.03";"0";"0"
"E";"2022-01-26";"2022-01-27";"447.0515";"40.03";"-0.68";"243.8";"7878.5";"1116.6861";"11387.34";"19676.23";"0";"0"
"E";"2022-01-25";"2022-01-26";"454.6487";"40.71";"-0.72";"172.42";"8247.6";"1116.6861";"11386.91";"19677.36";"0";"0"
"E";"2022-01-24";"2022-01-25";"462.7379";"41.44";"-0.7";"182.19";"7965.7";"1116.6861";"11386.51";"19645.21";"0";"0"
"E";"2022-01-23";"2022-01-24";"470.5199";"42.13";"-0.55";"266.37";"6297.3";"1116.7081";"11386.64";"19680.6";"0";"0"
"E";"2022-01-22";"2022-01-23";"476.6819";"42.69";"-0.58";"239.24";"6704.5";"1116.7081";"11386.22";"19681.71";"0";"0"
"E";"2022-01-21";"2022-01-22";"483.1578";"43.27";"-0.69";"170.22";"7865";"1116.7081";"11386.74";"19680.33";"0";"0"
"E";"2022-01-20";"2022-01-21";"490.8656";"43.96";"-0.65";"166.89";"7445.9";"1116.7081";"11386.34";"19644.04";"0";"0"
"E";"2022-01-19";"2022-01-20";"498.1384";"44.61";"-0.63";"224.53";"7396.8";"1116.7081";"11385.94";"19659.18";"0";"0"
"E";"2022-01-18";"2022-01-19";"505.119";"45.23";"-0.69";"205.93";"7907.8";"1116.7081";"11385.39";"19703.68";"0";"0"
"E";"2022-01-17";"2022-01-18";"512.875";"45.93";"-0.64";"222.61";"7420.6";"1116.7081";"11385.03";"19661.08";"0";"0"
"E";"2022-01-16";"2022-01-17";"520.0626";"46.57";"-0.49";"487.32";"5969.1";"1116.8081";"11387.11";"19710.57";"0";"0"
"E";"2022-01-15";"2022-01-16";"525.5723";"47.06";"-0.56";"369.98";"6602.2";"1116.8081";"11386.61";"19711.89";"0";"0"
"E";"2022-01-14";"2022-01-15";"531.8066";"47.62";"-0.71";"211.71";"8092.4";"1116.8081";"11386.12";"19713.18";"0";"0"
"E";"2022-01-13";"2022-01-14";"539.756";"48.33";"-0.71";"272.84";"8187.7";"1116.8081";"11386.31";"19712.67";"0";"0"
"E";"2022-01-12";"2022-01-13";"547.6744";"49.04";"-0.74";"217.57";"8423.5";"1116.8081";"11385.89";"19713.78";"0";"0"
"E";"2022-01-11";"2022-01-12";"555.9013";"49.78";"-0.73";"253.26";"8360.7";"1116.8081";"11385.46";"19714.93";"0";"0"
"E";"2022-01-10";"2022-01-11";"564.0221";"50.51";"-0.73";"201.02";"7915.3";"1116.7573";"11384.97";"19712";"0";"0"
"E";"2022-01-09";"2022-01-10";"572.1768";"51.24";"-0.43";"401.09";"5153.9";"1116.6231";"11381.3";"19706.4";"0";"0"
"E";"2022-01-08";"2022-01-09";"576.9609";"51.67";"-0.43";"413.62";"5149.5";"1116.6231";"11380.88";"19707.5";"0";"0"
"E";"2022-01-07";"2022-01-08";"581.7404";"52.1";"-0.52";"373.63";"6130.8";"1116.6231";"11380.49";"19708.53";"0";"0"
"E";"2022-01-06";"2022-01-07";"587.5168";"52.62";"-0.39";"421.43";"5743.9";"1116.6231";"11380.16";"19709.41";"0";"0"
"E";"2022-01-05";"2022-01-06";"591.8799";"53.01";"-0.38";"592.25";"4867.8";"1116.6231";"11379.76";"19710.47";"0";"0"
"E";"2022-01-04";"2022-01-05";"596.1655";"53.39";"-0.25";"1209.06";"3961.6";"1116.6231";"11379.57";"19710.96";"0";"0"
"E";"2022-01-03";"2022-01-04";"598.9044";"53.64";"-0.14";"1628.62";"3190.2";"1116.6231";"11379.74";"19710.52";"0";"0"
"E";"2022-01-02";"2022-01-03";"600.4137";"53.77";"0";"2378.92";"2384.3";"1116.6065";"11379.69";"19708.74";"0";"0"
"E";"2022-01-01";"2022-01-02";"600.4245";"53.77";"0";"3996.83";"1906.8";"1116.5841";"11379.92";"19707.38";"0";"0"
"E";"2021-12-31";"2022-01-01";"597.9398";"53.55";"0.15";"2921.16";"1966.9";"1116.5591";"11380.41";"19716.3";"0";"0"
"E";"2021-12-30";"2021-12-31";"596.2895";"53.4";"-0.02";"2667.42";"2882";"1116.5591";"11384.43";"19717.48";"0";"0"
"E";"2021-12-29";"2021-12-30";"596.5261";"53.43";"-0.1";"2001.14";"3209";"1116.5591";"11380.28";"19716.64";"0";"0"
"E";"2021-12-28";"2021-12-29";"597.6261";"53.52";"-0.23";"1480.01";"4064.1";"1116.5591";"11380.51";"19716.02";"0";"0"
"E";"2021-12-27";"2021-12-28";"600.2427";"53.76";"-0.3";"1134.95";"4455.7";"1116.5591";"11380.72";"19715.48";"0";"0"
"E";"2021-12-26";"2021-12-27";"603.5878";"54.06";"-0.34";"827.02";"4574.8";"1116.5587";"11380.63";"19715.65";"0";"0"
"E";"2021-12-25";"2021-12-26";"607.3713";"54.4";"-0.27";"1081.6";"4020.1";"1116.5587";"11380.81";"19715.19";"0";"0"
"E";"2021-12-24";"2021-12-25";"610.3632";"54.66";"-0.34";"815.45";"4581.8";"1116.5587";"11380.46";"19716.09";"0";"0"
"E";"2021-12-23";"2021-12-24";"614.1794";"55.01";"-0.61";"240.27";"7024.4";"1116.5587";"11380.03";"19717.24";"0";"0"
"E";"2021-12-22";"2021-12-23";"620.9815";"55.62";"-0.79";"131.33";"8777.8";"1116.5587";"11380.55";"19715.86";"0";"0"
"E";"2021-12-21";"2021-12-22";"629.7529";"56.4";"-0.77";"152.05";"8694.1";"1116.5587";"11380.07";"19717.13";"0";"0"
"E";"2021-12-20";"2021-12-21";"638.3355";"57.17";"-0.68";"98.28";"7701.6";"1116.5587";"11379.63";"19722.18";"0";"0"
"E";"2021-12-19";"2021-12-20";"645.9498";"57.85";"-0.43";"301.18";"5089.1";"1116.5611";"11379.37";"19723.14";"0";"0"
"E";"2021-12-18";"2021-12-19";"650.7693";"58.28";"-0.4";"328.7";"4777.1";"1116.5611";"11379.23";"19723.53";"0";"0"
"E";"2021-12-17";"2021-12-18";"655.2795";"58.69";"-0.48";"351.55";"5735.1";"1116.5611";"11365.81";"19713.94";"0";"0"
"E";"2021-12-16";"2021-12-17";"660.664";"59.17";"-0.48";"429.1";"5765.8";"1116.5611";"11354.48";"19639.81";"0";"0"
"E";"2021-12-15";"2021-12-16";"666.0142";"59.65";"-0.47";"403.23";"5625";"1116.5611";"11354.22";"19640.52";"0";"0"
"E";"2021-12-14";"2021-12-15";"671.2809";"60.12";"-0.5";"366.37";"5871";"1116.5611";"11353.88";"19641.4";"0";"0"
"E";"2021-12-13";"2021-12-14";"676.8329";"60.62";"-0.54";"476.08";"6491.2";"1116.5611";"11356.54";"19653.02";"0";"0"
"E";"2021-12-12";"2021-12-13";"682.8362";"61.16";"-0.39";"724.18";"5034.7";"1116.5562";"11377.08";"19728.64";"0";"0"
"E";"2021-12-11";"2021-12-12";"687.2316";"61.55";"-0.49";"581.72";"6069";"1116.5562";"11376.94";"19729.01";"0";"0"
"E";"2021-12-10";"2021-12-11";"692.7391";"62.04";"-0.6";"247.88";"6950.2";"1116.5562";"11376.66";"19729.84";"0";"0"
"E";"2021-12-09";"2021-12-10";"699.4494";"62.64";"-0.65";"194.89";"7468.9";"1116.5562";"11376.3";"19730.79";"0";"0"
"E";"2021-12-08";"2021-12-09";"706.7175";"63.29";"-0.61";"221.9";"6981.1";"1116.5562";"11375.96";"19731.7";"0";"0"
"E";"2021-12-07";"2021-12-08";"713.5083";"63.9";"-0.61";"274.1";"7063.4";"1116.5562";"11375.61";"19732.63";"0";"0"
"E";"2021-12-06";"2021-12-07";"720.3393";"64.51";"-0.63";"299.08";"7370.3";"1116.5562";"11375.13";"19733.88";"0";"0"
"E";"2021-12-05";"2021-12-06";"727.3719";"65.14";"-0.46";"466.11";"5589.6";"1116.5582";"11374.83";"19734.89";"0";"0"
"E";"2021-12-04";"2021-12-05";"732.4919";"65.6";"-0.45";"572.48";"5606.7";"1116.5582";"11374.49";"19735.81";"0";"0"
"E";"2021-12-03";"2021-12-04";"737.5599";"66.06";"-0.58";"291.75";"6700.9";"1116.5582";"11374.04";"19736.98";"0";"0"
"E";"2021-12-02";"2021-12-03";"744.0328";"66.64";"-0.59";"330.02";"7046.5";"1116.5582";"11373.59";"19738.17";"0";"0"
"E";"2021-12-01";"2021-12-02";"750.5951";"67.22";"-0.56";"382.73";"6125.5";"1116.5582";"11373.23";"19739.13";"0";"0"
"E";"2021-11-30";"2021-12-01";"756.8966";"67.79";"-0.55";"177.99";"6289.9";"1116.5582";"11372.86";"19740.11";"0";"0"
"E";"2021-11-29";"2021-11-30";"763.0644";"68.34";"-0.59";"181.44";"6788.2";"1116.5582";"11372.49";"19741.09";"0";"0"
"E";"2021-11-28";"2021-11-29";"769.6518";"68.93";"-0.43";"465.57";"5157.8";"1116.5674";"11372.35";"19742.51";"0";"0"
"E";"2021-11-27";"2021-11-28";"774.3973";"69.36";"-0.42";"513.56";"5191.6";"1116.5674";"11371.99";"19743.47";"0";"0"
"E";"2021-11-26";"2021-11-27";"779.1364";"69.78";"-0.51";"221.51";"5884.7";"1116.5674";"11371.6";"19744.48";"0";"0"
"E";"2021-11-25";"2021-11-26";"784.851";"70.29";"-0.53";"219.54";"6135.6";"1116.5674";"11371.49";"19744.78";"0";"0"
"E";"2021-11-24";"2021-11-25";"790.7634";"70.82";"-0.56";"180.23";"6126.1";"1116.5674";"11371.07";"19764.22";"0";"0"
"E";"2021-11-23";"2021-11-24";"796.9836";"71.38";"-0.48";"181.24";"5482";"1116.5674";"11370.71";"19765.15";"0";"0"
"E";"2021-11-22";"2021-11-23";"802.3186";"71.86";"-0.41";"217.92";"4890.6";"1116.5674";"11370.35";"19766.1";"0";"0"
"E";"2021-11-21";"2021-11-22";"806.9434";"72.27";"-0.19";"691.32";"2774.3";"1116.5567";"11370.01";"19765.79";"0";"0"
"E";"2021-11-20";"2021-11-21";"809.0409";"72.46";"-0.15";"980.89";"2628.2";"1116.5567";"11370";"19765.81";"0";"0"
"E";"2021-11-19";"2021-11-20";"810.7081";"72.61";"-0.2";"926.92";"3098.6";"1116.5567";"11369.91";"19766.05";"0";"0"
"E";"2021-11-18";"2021-11-19";"812.9124";"72.81";"-0.29";"413.69";"3635";"1116.5567";"11369.85";"19640.2";"0";"0"
"E";"2021-11-17";"2021-11-18";"816.1366";"73.09";"-0.33";"372.12";"4045.6";"1116.5567";"11369.79";"19640.37";"0";"0"
"E";"2021-11-16";"2021-11-17";"819.8102";"73.42";"-0.38";"338.82";"4513.5";"1116.5567";"11369.52";"19767.08";"0";"0"
"E";"2021-11-15";"2021-11-16";"824.0177";"73.8";"-0.32";"277.53";"4057.5";"1116.5567";"11369.61";"19766.84";"0";"0"
"E";"2021-11-14";"2021-11-15";"827.5905";"74.12";"-0.11";"1142.84";"2396.5";"1116.5552";"11369.91";"19765.87";"0";"0"
"E";"2021-11-13";"2021-11-14";"828.8526";"74.23";"-0.17";"814.48";"2719.4";"1116.5552";"11370.18";"19765.16";"0";"0"
"E";"2021-11-12";"2021-11-13";"830.7749";"74.41";"-0.33";"467.24";"4078.8";"1116.5552";"11370.25";"19764.97";"0";"0"
"E";"2021-11-11";"2021-11-12";"834.4279";"74.73";"-0.3";"390.38";"3759";"1116.5552";"11370.18";"19765.15";"0";"0"
"E";"2021-11-10";"2021-11-11";"837.8039";"75.03";"-0.29";"342.13";"3593.9";"1116.5552";"11370.01";"19765.6";"0";"0"
"E";"2021-11-09";"2021-11-10";"841.0618";"75.33";"-0.3";"294.38";"3600.2";"1116.5552";"11369.87";"19765.98";"0";"0"
"E";"2021-11-08";"2021-11-09";"844.3955";"75.63";"-0.28";"431.3";"3584.8";"1116.5552";"11369.91";"19765.87";"0";"0"
"E";"2021-11-07";"2021-11-08";"847.5038";"75.9";"-0.06";"1288.33";"1901.5";"1116.5713";"11370.6";"19765.89";"0";"0"
"E";"2021-11-06";"2021-11-07";"848.1256";"75.96";"-0.09";"1180.07";"2167.2";"1116.5713";"11370.79";"19765.38";"0";"0"
"E";"2021-11-05";"2021-11-06";"849.1455";"76.05";"-0.24";"463.85";"3145.9";"1116.5713";"11370.9";"19765.1";"0";"0"
"E";"2021-11-04";"2021-11-05";"851.8254";"76.29";"-0.26";"409.04";"3287.2";"1116.5713";"11369.64";"19768.42";"0";"0"
"E";"2021-11-03";"2021-11-04";"854.6944";"76.55";"-0.32";"295.7";"3866.1";"1116.5713";"11369.62";"19768.47";"0";"0"
"E";"2021-11-02";"2021-11-03";"858.2454";"76.86";"-0.25";"424.42";"3261.4";"1116.5713";"11369.82";"19767.94";"0";"0"
"E";"2021-11-01";"2021-11-02";"861.0767";"77.12";"0";"1408.61";"1693.8";"1116.5713";"11370.28";"19766.74";"0";"0"
"E";"2021-10-31";"2021-11-01";"861.0656";"77.12";"0.05";"1668.95";"920.3";"1116.5679";"11370.65";"19761.2";"0";"0"
"E";"2021-10-30";"2021-10-31";"860.4678";"77";"0.05";"1517.63";"1083";"1117.4692";"11559.93";"20050.04";"0";"0"
"E";"2021-10-29";"2021-10-30";"859.8745";"77.01";"-0.01";"1053.73";"1169.5";"1116.5679";"11372.77";"19755.59";"0";"0"
"E";"2021-10-28";"2021-10-29";"860.0409";"77.03";"-0.04";"889.07";"1350.6";"1116.5679";"11373.17";"19754.54";"0";"0"
"E";"2021-10-27";"2021-10-28";"860.4956";"77.07";"0.02";"1556.47";"1288";"1116.5679";"11373.46";"19753.78";"0";"0"
"E";"2021-10-26";"2021-10-27";"860.2264";"77.04";"-0.09";"642.06";"1605.7";"1116.5679";"11373.6";"19753.41";"0";"0"
"E";"2021-10-25";"2021-10-26";"861.2098";"77.13";"-0.12";"553.23";"1929.6";"1116.5679";"11373.76";"19752.97";"0";"0"
"E";"2021-10-24";"2021-10-25";"862.579";"77.25";"0.02";"1191.51";"999.2";"1116.5611";"11373.92";"19751.77";"0";"0"
"E";"2021-10-23";"2021-10-24";"862.3943";"77.24";"-0.02";"936.42";"1145.1";"1116.5611";"11374.21";"19751";"0";"0"
"E";"2021-10-22";"2021-10-23";"862.6392";"77.26";"-0.06";"680.62";"1370.2";"1116.5611";"10984.24";"19368.25";"0";"0"
"E";"2021-10-21";"2021-10-22";"863.3303";"77.32";"0.02";"1346.92";"1475.6";"1116.5611";"10984.24";"19368.25";"0";"0"
"E";"2021-10-20";"2021-10-21";"863.1588";"77.31";"0.13";"1984.62";"566";"1116.5611";"10984.24";"19368.25";"0";"0"
"E";"2021-10-19";"2021-10-20";"861.756";"77.18";"0.06";"1468.37";"789";"1116.5611";"10984.24";"19368.25";"0";"0"
"E";"2021-10-18";"2021-10-19";"861.1145";"77.12";"0";"1050.64";"1133.8";"1116.5611";"10984.24";"19368.25";"0";"0"
"E";"2021-10-17";"2021-10-18";"861.1373";"77.12";"0.09";"1758.32";"671.1";"1116.5567";"10984.14";"19368.04";"0";"0"
"E";"2021-10-16";"2021-10-17";"860.0944";"77.03";"0.08";"1557.69";"698.7";"1116.5567";"10984.14";"19368.04";"0";"0"
"E";"2021-10-15";"2021-10-16";"859.2377";"76.95";"0";"959.01";"949.8";"1116.5567";"10984.14";"19368.04";"0";"0"
"E";"2021-10-14";"2021-10-15";"859.2567";"76.96";"-0.01";"1060.71";"1117.3";"1116.5567";"11110.14";"19241.04";"0";"0"
"E";"2021-10-13";"2021-10-14";"859.3858";"76.97";"-0.06";"803.28";"1350.7";"1116.5567";"11110.14";"19241.04";"0";"0"
"E";"2021-10-12";"2021-10-13";"860.0922";"77.03";"0.05";"1049.55";"888.1";"1116.5567";"11110.14";"19241.04";"0";"0"
"E";"2021-10-11";"2021-10-12";"859.5586";"76.98";"0";"1363.42";"859.5";"1116.5567";"11110.14";"19241.04";"0";"0"
"E";"2021-10-10";"2021-10-11";"859.5715";"76.98";"0.62";"2364.28";"423";"1116.5523";"11110.03";"19240.82";"0";"0"
"E";"2021-10-09";"2021-10-10";"852.6626";"76.37";"0.21";"2432.67";"344.7";"1116.5523";"11110.03";"19230.55";"0";"0"
"E";"2021-10-08";"2021-10-09";"850.2872";"76.15";"0.11";"1663.02";"428.2";"1116.5523";"11110.03";"19230.55";"0";"0"
"E";"2021-10-07";"2021-10-08";"849.0516";"76.04";"0.06";"1615.73";"915.7";"1116.5523";"11110.03";"19230.55";"0";"0"
"E";"2021-10-06";"2021-10-07";"848.4123";"75.99";"0.11";"1870.96";"613.4";"1116.5523";"11110.03";"19230.55";"0";"0"
"E";"2021-10-05";"2021-10-06";"847.1772";"75.87";"0.22";"2478.81";"482.2";"1116.5523";"11110.03";"19230.55";"0";"0"
"E";"2021-10-04";"2021-10-05";"844.7065";"75.65";"0.17";"2284.19";"386.9";"1116.5523";"11110.03";"19230.55";"0";"0"
"E";"2021-10-03";"2021-10-04";"842.7648";"75.48";"0.31";"3458.2";"249.2";"1116.544";"11109.82";"19230.15";"0";"0"
"E";"2021-10-02";"2021-10-03";"839.3384";"75.17";"0.24";"3314.43";"261.7";"1116.544";"11109.82";"19230.15";"0";"0"
"E";"2021-10-01";"2021-10-02";"836.6555";"74.93";"0.22";"2811.52";"524.7";"1116.544";"11500.29";"19611.58";"0";"0"
"E";"2021-09-30";"2021-10-01";"834.1568";"74.71";"0.23";"3287.58";"342.8";"1116.582";"11524.78";"19586.3";"0";"0"
"E";"2021-09-29";"2021-09-30";"831.5619";"74.54";"0.25";"3156.83";"323.5";"1115.6052";"11525.24";"19585.09";"0";"0"
"E";"2021-09-28";"2021-09-29";"828.7753";"74.29";"0.23";"3036.2";"449.7";"1115.6052";"11525.7";"19583.86";"0";"0"
"E";"2021-09-27";"2021-09-28";"826.1825";"74.08";"0.28";"3391.25";"321.2";"1115.2774";"11526.19";"19582.57";"0";"0"
"E";"2021-09-26";"2021-09-27";"823.1071";"73.81";"0.39";"4572.96";"248.8";"1115.1921";"11526.56";"19580.98";"0";"0"
"E";"2021-09-25";"2021-09-26";"818.7743";"73.42";"0.36";"3890.29";"228.7";"1115.1921";"11527.06";"19579.66";"0";"0"
"E";"2021-09-24";"2021-09-25";"814.7736";"72.81";"0.25";"3166.06";"425.7";"1118.9921";"11503.56";"19578.33";"0";"0"
"E";"2021-09-23";"2021-09-24";"812.0252";"72.57";"0.23";"2840.6";"316.3";"1118.9921";"11504.08";"19576.97";"0";"0"
"E";"2021-09-22";"2021-09-23";"809.4897";"72.36";"0.16";"2195.01";"457.5";"1118.751";"11504.34";"19576.27";"0";"0"
"E";"2021-09-21";"2021-09-22";"807.7443";"72.2";"0.16";"2096.91";"288.6";"1118.751";"11504.35";"19576.25";"0";"0"
"E";"2021-09-20";"2021-09-21";"805.9291";"72.04";"0.18";"2459.35";"421.1";"1118.751";"11504.43";"19576.05";"0";"0"
"E";"2021-09-19";"2021-09-20";"803.882";"71.86";"0.3";"3600.74";"223.8";"1118.751";"11528.83";"19429";"0";"0"
"E";"2021-09-18";"2021-09-19";"800.4983";"71.55";"0.29";"3495.99";"225";"1118.751";"11529.25";"19427.88";"0";"0"
"E";"2021-09-17";"2021-09-18";"797.2105";"71.26";"0.2";"2500.23";"327.3";"1118.751";"11529.49";"19427.25";"0";"0"
"E";"2021-09-16";"2021-09-17";"794.9216";"71.05";"0.12";"1700.24";"347.2";"1118.751";"11529.63";"19426.87";"0";"0"
"E";"2021-09-15";"2021-09-16";"793.5583";"70.93";"0.11";"1622.77";"377.4";"1118.751";"11528.57";"19429.66";"0";"0"
"E";"2021-09-14";"2021-09-15";"792.3193";"70.82";"0.14";"1965.04";"434.3";"1118.751";"11528.49";"19429.89";"0";"0"
"E";"2021-09-13";"2021-09-14";"790.7787";"70.68";"0.17";"2384.42";"486.9";"1118.751";"11528.38";"19430.19";"0";"0"
"E";"2021-09-12";"2021-09-13";"788.8784";"70.51";"0.3";"3480.32";"178";"1118.7535";"11528.75";"19429.48";"0";"0"
"E";"2021-09-11";"2021-09-12";"785.5548";"70.22";"0.29";"3427.01";"226.8";"1118.7535";"11529.03";"19428.74";"0";"0"
"E";"2021-09-10";"2021-09-11";"782.3392";"69.93";"0.21";"2556.38";"268.2";"1118.7535";"11529.26";"19428.12";"0";"0"
"E";"2021-09-09";"2021-09-10";"780.0382";"69.72";"0.22";"2655.95";"288.2";"1118.7535";"11529.58";"19427.28";"0";"0"
"E";"2021-09-08";"2021-09-09";"777.6213";"69.51";"0.21";"2631.67";"285.9";"1118.7535";"11529.77";"19426.77";"0";"0"
"E";"2021-09-07";"2021-09-08";"775.2655";"69.3";"0.17";"2298.76";"358.8";"1118.7535";"11530.16";"19425.75";"0";"0"
"E";"2021-09-06";"2021-09-07";"773.3166";"69.12";"0.22";"2341.75";"243.7";"1118.7535";"11530.49";"19424.88";"0";"0"
"E";"2021-09-05";"2021-09-06";"770.8914";"68.79";"0.34";"3969.44";"190.7";"1120.5803";"11531.57";"19425.08";"0";"0"
"E";"2021-09-04";"2021-09-05";"767.0997";"68.46";"0.3";"3582.02";"252.1";"1120.5803";"11531.93";"19424.14";"0";"0"
"E";"2021-09-03";"2021-09-04";"763.7573";"68.16";"0.23";"2794.83";"273.2";"1120.5803";"11532.12";"19423.65";"0";"0"
"E";"2021-09-02";"2021-09-03";"761.2179";"67.93";"0.21";"2810.22";"504";"1120.5803";"11532.25";"19423.29";"0";"0"
"E";"2021-09-01";"2021-09-02";"758.9021";"67.72";"0.46";"3674.98";"292.1";"1120.5803";"11532.42";"19422.86";"0";"0"
"E";"2021-08-31";"2021-09-01";"753.8002";"67.29";"0.18";"3550.5";"438.1";"1120.2803";"11532.78";"19421.89";"0";"0"
"E";"2021-08-30";"2021-08-31";"751.7746";"67.11";"0.32";"3685.29";"190.8";"1120.2803";"11533.07";"19421.12";"0";"0"
"E";"2021-08-29";"2021-08-30";"748.2359";"66.79";"0.39";"4589.87";"171.7";"1120.2759";"11533.39";"19419.78";"0";"0"
"E";"2021-08-28";"2021-08-29";"743.8505";"66.4";"0.38";"4467.63";"185.2";"1120.2759";"11533.78";"19418.75";"0";"0"
"E";"2021-08-27";"2021-08-28";"739.5998";"66.02";"0.35";"4195.51";"257";"1120.2759";"11534.32";"19417.32";"0";"0"
"E";"2021-08-26";"2021-08-27";"735.6869";"65.67";"0.32";"3732.07";"245.5";"1120.2759";"11534.71";"19416.29";"0";"0"
"E";"2021-08-25";"2021-08-26";"732.1555";"65.35";"0.32";"3769.66";"186.4";"1120.2759";"11535.2";"19415";"0";"0"
"E";"2021-08-24";"2021-08-25";"728.5991";"65.04";"0.33";"3915.1";"197.6";"1120.2759";"11567.33";"19413.95";"0";"0"
"E";"2021-08-23";"2021-08-24";"724.8595";"64.7";"0.33";"3963.72";"262.7";"1120.2759";"11567.47";"19413.56";"0";"0"
"E";"2021-08-22";"2021-08-23";"721.1405";"64.37";"0.37";"4548.66";"373.8";"1120.2642";"11535.67";"19412.42";"0";"0"
"E";"2021-08-21";"2021-08-22";"716.9448";"64";"0.37";"4486.01";"380.1";"1120.2642";"11573.92";"19411.95";"0";"0"
"E";"2021-08-20";"2021-08-21";"712.8232";"63.63";"0.34";"4263.02";"433.8";"1120.2642";"11574";"19411.75";"0";"0"
"E";"2021-08-19";"2021-08-20";"708.9664";"63.29";"0.31";"3929.3";"475.8";"1120.2642";"11574.01";"19411.71";"0";"0"
"E";"2021-08-18";"2021-08-19";"705.4953";"62.98";"0.3";"3916.2";"513.3";"1120.2642";"11574.14";"19411.37";"0";"0"
"E";"2021-08-17";"2021-08-18";"702.0817";"62.67";"0.29";"4003.67";"549.7";"1120.2642";"11574.16";"19411.31";"0";"0"
"E";"2021-08-16";"2021-08-17";"698.822";"62.38";"0.34";"4597.54";"606.8";"1120.2642";"11574.44";"19410.59";"0";"0"
"E";"2021-08-15";"2021-08-16";"695.0051";"62.04";"0.39";"4917.53";"517.1";"1120.2711";"11574.93";"19410.08";"0";"0"
"E";"2021-08-14";"2021-08-15";"690.5919";"61.65";"0.4";"5012.71";"506";"1120.2711";"11575.35";"19408.96";"0";"0"
"E";"2021-08-13";"2021-08-14";"686.0707";"61.24";"0.34";"4478.06";"734.7";"1120.2711";"11575.76";"19407.87";"0";"0"
"E";"2021-08-12";"2021-08-13";"682.309";"60.91";"0.3";"4189.98";"804.2";"1120.2711";"11576.06";"19407.07";"0";"0"
"E";"2021-08-11";"2021-08-12";"678.9042";"60.6";"0.28";"4189.12";"744";"1120.2711";"11575.96";"19407.35";"0";"0"
"E";"2021-08-10";"2021-08-11";"675.7553";"60.32";"0.33";"4118.82";"472.9";"1120.2711";"11575.74";"19407.92";"0";"0"
"E";"2021-08-09";"2021-08-10";"672.1011";"59.99";"0.31";"3916.31";"543";"1120.2711";"11575.4";"19393.34";"0";"0"
"E";"2021-08-08";"2021-08-09";"668.6785";"59.69";"0.39";"4758.67";"411.8";"1120.2833";"11575.47";"19410.05";"0";"0"
"E";"2021-08-07";"2021-08-08";"664.3121";"59.3";"0.39";"4773.08";"401.3";"1120.2833";"11575.3";"19410.49";"0";"0"
"E";"2021-08-06";"2021-08-07";"659.925";"58.91";"0.38";"4554.17";"380.5";"1120.2833";"11575.06";"19411.13";"0";"0"
"E";"2021-08-05";"2021-08-06";"655.7198";"58.53";"0.31";"3902.53";"487";"1120.2833";"11575.12";"19556.97";"0";"0"
"E";"2021-08-04";"2021-08-05";"652.2912";"58.23";"0.29";"3649.4";"391.7";"1120.2833";"11575.01";"19557.26";"0";"0"
"E";"2021-08-03";"2021-08-04";"649.028";"57.93";"0.3";"3479.54";"405.4";"1120.2833";"11574.92";"19557.48";"0";"0"
"E";"2021-08-02";"2021-08-03";"645.6469";"57.63";"0.36";"3749.84";"359";"1120.2833";"11574.99";"19411.31";"0";"0"
"E";"2021-08-01";"2021-08-02";"641.6465";"57.28";"0.33";"4509.3";"203.6";"1120.2784";"11574.91";"19410.96";"0";"0"
"E";"2021-07-31";"2021-08-01";"637.9227";"56.83";"0.39";"5785.18";"202";"1122.4272";"11575.11";"19410.43";"0";"0"
"E";"2021-07-30";"2021-07-31";"633.5637";"56.45";"0.34";"4075.95";"237.2";"1122.4272";"11575.37";"19409.75";"0";"0"
"E";"2021-07-29";"2021-07-30";"629.6982";"56.1";"0.35";"4189.28";"241.8";"1122.3905";"11575.58";"19409.18";"0";"0"
"E";"2021-07-28";"2021-07-29";"625.7547";"55.75";"0.35";"4070.52";"170.6";"1122.3905";"11575.75";"19408.75";"0";"0"
"E";"2021-07-27";"2021-07-28";"621.8518";"55.4";"0.33";"3855.98";"193";"1122.3905";"11576.36";"19407.12";"0";"0"
"E";"2021-07-26";"2021-07-27";"618.1718";"55.08";"0.33";"3925.11";"273.8";"1122.3905";"11576.99";"19405.46";"0";"0"
"E";"2021-07-25";"2021-07-26";"614.5048";"54.75";"0.41";"4795.83";"154.7";"1122.3837";"11577.47";"19403.42";"0";"0"
"E";"2021-07-24";"2021-07-25";"609.8726";"54.34";"0.42";"4861.07";"191";"1122.3837";"11577.69";"19402.83";"0";"0"
"E";"2021-07-23";"2021-07-24";"605.1799";"53.92";"0.33";"3927.1";"164.6";"1122.3837";"11577.53";"19398.42";"0";"0"
"E";"2021-07-22";"2021-07-23";"601.4287";"53.58";"0.17";"2759.19";"801";"1122.3837";"11577.36";"19389.07";"0";"0"
"E";"2021-07-21";"2021-07-22";"599.4707";"53.41";"0.17";"2836.08";"926.4";"1122.3837";"11577.25";"19392.23";"0";"0"
"E";"2021-07-20";"2021-07-21";"597.521";"53.24";"0.18";"2755.28";"944.1";"1122.3837";"11577.13";"19372";"0";"0"
"E";"2021-07-19";"2021-07-20";"595.4542";"53.05";"0.22";"3295.67";"849.4";"1122.3837";"11576.85";"19356.53";"0";"0"
"E";"2021-07-18";"2021-07-19";"592.9821";"52.83";"0.31";"4088.39";"663.1";"1122.3778";"11576.74";"19404.69";"0";"0"
"E";"2021-07-17";"2021-07-18";"589.5373";"52.53";"0.3";"3954.27";"648.3";"1122.3778";"11576.85";"19404.39";"0";"0"
"E";"2021-07-16";"2021-07-17";"586.208";"52.23";"0.24";"3137.44";"753.7";"1122.3778";"11576.75";"19381.02";"0";"0"
"E";"2021-07-15";"2021-07-16";"583.5267";"51.94";"0.16";"2724.99";"948.2";"1123.3778";"11576.54";"19395.12";"0";"0"
"E";"2021-07-14";"2021-07-15";"581.7566";"51.74";"0.17";"2808.73";"874.3";"1124.3546";"11576.44";"19388.23";"0";"0"
"E";"2021-07-13";"2021-07-14";"579.8196";"51.57";"0.16";"2805.54";"963.5";"1124.3546";"11576.67";"19397.78";"0";"0"
"E";"2021-07-12";"2021-07-13";"578.0113";"51.41";"0.29";"3562.39";"303.5";"1124.3546";"11576.72";"19346.51";"0";"0"
"E";"2021-07-11";"2021-07-12";"574.7358";"51.12";"0.42";"4797.38";"140.5";"1124.3619";"11577.11";"19404.54";"0";"0"
"E";"2021-07-10";"2021-07-11";"570.0635";"50.7";"0.41";"4687.78";"128.3";"1124.3619";"11577.42";"19403.72";"0";"0"
"E";"2021-07-09";"2021-07-10";"565.4922";"50.29";"0.29";"3825.29";"539.1";"1124.3619";"11577.27";"19380.58";"0";"0"
"E";"2021-07-08";"2021-07-09";"562.2263";"50";"0.22";"3310.79";"803.1";"1124.3619";"11577.05";"19323.99";"0";"0"
"E";"2021-07-07";"2021-07-08";"559.7112";"49.78";"0.23";"3357.8";"763.7";"1124.3619";"11576.57";"19255.89";"0";"0"
"E";"2021-07-06";"2021-07-07";"557.1571";"49.55";"0.27";"3718.03";"691.9";"1124.3619";"11576.81";"19405.32";"0";"0"
"E";"2021-07-05";"2021-07-06";"554.1224";"49.28";"0.37";"4255.08";"194.2";"1124.3619";"11623.72";"19405.05";"0";"0"
"E";"2021-07-04";"2021-07-05";"549.9634";"48.91";"0.44";"5051.82";"117.2";"1124.358";"11623.81";"19404.36";"0";"0"
"E";"2021-07-03";"2021-07-04";"545.019";"48.47";"0.42";"4870.67";"171.9";"1124.358";"11623.97";"19403.95";"0";"0"
"E";"2021-07-02";"2021-07-03";"540.3217";"48.06";"0.26";"3244.4";"355.7";"1124.358";"11623.92";"19404.07";"0";"0"
"E";"2021-07-01";"2021-07-02";"537.4291";"47.8";"0.29";"3219.47";"339.4";"1124.358";"11623.86";"19404.24";"0";"0"
"E";"2021-06-30";"2021-07-01";"534.1234";"47.51";"0.27";"3798.25";"226.1";"1124.2088";"11623.87";"19404.21";"0";"0"
"E";"2021-06-29";"2021-06-30";"531.0474";"47.24";"0.29";"3349.52";"150.1";"1124.2088";"11623.92";"19404.07";"0";"0"
"E";"2021-06-28";"2021-06-29";"527.8429";"46.95";"0.3";"3452.98";"115.7";"1124.2088";"11624.02";"19403.81";"0";"0"
"E";"2021-06-27";"2021-06-28";"524.4934";"46.65";"0.4";"4640.21";"188.2";"1124.2215";"11624.52";"19403.94";"0";"0"
"E";"2021-06-26";"2021-06-27";"520.0434";"46.26";"0.37";"4401.34";"271.7";"1124.2215";"11624.79";"19403.22";"0";"0"
"E";"2021-06-25";"2021-06-26";"515.9164";"45.89";"0.26";"3076.81";"194.9";"1124.2215";"11624.84";"19403.09";"0";"0"
"E";"2021-06-24";"2021-06-25";"513.0258";"45.63";"0.22";"2704.91";"281.7";"1124.2215";"11624.84";"19403.08";"0";"0"
"E";"2021-06-23";"2021-06-24";"510.5949";"45.42";"0.2";"2669.58";"415.2";"1124.2215";"11624.83";"19403.13";"0";"0"
"E";"2021-06-22";"2021-06-23";"508.3495";"45.22";"0.2";"2828.68";"560.2";"1124.2215";"11624.79";"19330.31";"0";"0"
"E";"2021-06-21";"2021-06-22";"506.1188";"45.02";"0.3";"3567.01";"231";"1124.2215";"11624.71";"19403.44";"0";"0"
"E";"2021-06-20";"2021-06-21";"502.7627";"44.72";"0.4";"4576.32";"107.6";"1124.2244";"11624.85";"19403.4";"0";"0"
"E";"2021-06-19";"2021-06-20";"498.2845";"44.32";"0.39";"4568.45";"140.6";"1124.2244";"11625";"19403";"0";"0"
"E";"2021-06-18";"2021-06-19";"493.8497";"43.93";"0.34";"4003.26";"144.4";"1124.2244";"11625.1";"19402.75";"0";"0"
"E";"2021-06-17";"2021-06-18";"490.0117";"43.59";"0.28";"3446.65";"336.3";"1124.2244";"11625.17";"19402.56";"0";"0"
"E";"2021-06-16";"2021-06-17";"486.9022";"43.31";"0.28";"3368.55";"226.4";"1124.2244";"11625.24";"19402.37";"0";"0"
"E";"2021-06-15";"2021-06-16";"483.7557";"43.03";"0.29";"3582.87";"312.2";"1124.2244";"11625.19";"19402.49";"0";"0"
"E";"2021-06-14";"2021-06-15";"480.4695";"42.74";"0.35";"4126.31";"152.2";"1124.2244";"11625.26";"19402.31";"0";"0"
"E";"2021-06-13";"2021-06-14";"476.4825";"42.38";"0.46";"5169.46";"124.4";"1124.2259";"11625.36";"19402.22";"0";"0"
"E";"2021-06-12";"2021-06-13";"471.3373";"41.93";"0.43";"5024.79";"124.1";"1124.2259";"11625.38";"19402.17";"0";"0"
"E";"2021-06-11";"2021-06-12";"466.4505";"41.49";"0.32";"3891.69";"305.4";"1124.2259";"11625.38";"19402.15";"0";"0"
"E";"2021-06-10";"2021-06-11";"462.8818";"41.17";"0.29";"3690.52";"426.7";"1124.2259";"11625.52";"19401.79";"0";"0"
"E";"2021-06-09";"2021-06-10";"459.5693";"40.88";"0.22";"3183.27";"636.1";"1124.2259";"11625.45";"19277.4";"0";"0"
"E";"2021-06-08";"2021-06-09";"457.0595";"40.66";"0.31";"3757.77";"280.9";"1124.2259";"11625.6";"19401.6";"0";"0"
"E";"2021-06-07";"2021-06-08";"453.5808";"40.35";"0.32";"3849.23";"267.9";"1124.2259";"11625.11";"19402.88";"0";"0"
"E";"2021-06-06";"2021-06-07";"449.9995";"40.03";"0.44";"5027.88";"123.2";"1124.222";"11625.17";"19402.28";"0";"0"
"E";"2021-06-05";"2021-06-06";"445.0886";"39.59";"0.43";"4898.22";"112.6";"1124.222";"11625.34";"19401.82";"0";"0"
"E";"2021-06-04";"2021-06-05";"440.2905";"39.16";"0.39";"4519.3";"116.9";"1124.222";"11625.5";"19401.39";"0";"0"
"E";"2021-06-03";"2021-06-04";"435.8824";"38.77";"0.4";"4639.75";"128.8";"1124.222";"11625.7";"19400.88";"0";"0"
"E";"2021-06-02";"2021-06-03";"431.3447";"38.37";"0.42";"4824.9";"204";"1124.222";"11625.71";"19400.86";"0";"0"
"E";"2021-06-01";"2021-06-02";"426.6578";"37.95";"0.37";"4428.63";"224.4";"1124.222";"11625.76";"19400.71";"0";"0"
"E";"2021-05-31";"2021-06-01";"422.5138";"37.59";"0.23";"4706.25";"200";"1123.972";"11625.89";"19400.36";"0";"0"
"E";"2021-05-30";"2021-05-31";"419.8913";"37.36";"0.43";"4977.55";"195.8";"1123.9627";"11625.77";"19399.63";"0";"0"
"E";"2021-05-29";"2021-05-30";"415.0799";"36.93";"0.41";"4770.84";"153.7";"1123.9627";"11625.89";"19399.32";"0";"0"
"E";"2021-05-28";"2021-05-29";"410.4953";"36.52";"0.25";"3318.36";"472.3";"1123.9627";"11625.85";"19212.14";"0";"0"
"E";"2021-05-27";"2021-05-28";"407.6938";"36.27";"0.16";"2704.94";"858.6";"1123.9627";"11625.74";"19302.61";"0";"0"
"E";"2021-05-26";"2021-05-27";"405.8979";"36.11";"0.19";"2810.43";"664.5";"1123.9627";"11625.69";"19399.83";"0";"0"
"E";"2021-05-25";"2021-05-26";"403.7628";"35.92";"0.23";"3283.08";"639.4";"1123.9627";"11625.77";"19399.64";"0";"0"
"E";"2021-05-24";"2021-05-25";"401.1457";"35.69";"0.32";"3901.63";"364.5";"1123.9627";"11625.85";"19399.42";"0";"0"
"E";"2021-05-23";"2021-05-24";"397.5584";"35.37";"0.37";"4544.48";"293.6";"1123.9681";"11626.07";"19399.47";"0";"0"
"E";"2021-05-22";"2021-05-23";"393.3714";"35";"0.35";"4323.07";"326.8";"1123.9681";"11626.09";"19399.4";"0";"0"
"E";"2021-05-21";"2021-05-22";"389.3853";"34.64";"0.31";"3830.15";"337.2";"1123.9681";"11626.1";"19305.81";"0";"0"
"E";"2021-05-20";"2021-05-21";"385.8929";"34.33";"0.26";"3461.45";"570.3";"1123.9681";"11626.12";"19154.08";"0";"0"
"E";"2021-05-19";"2021-05-20";"383.0195";"34.08";"0.16";"2662.57";"846.1";"1123.9681";"11626";"19108.6";"0";"0"
"E";"2021-05-18";"2021-05-19";"381.2107";"33.92";"0.14";"2614.29";"994.4";"1123.9681";"11625.86";"19108.65";"0";"0"
"E";"2021-05-17";"2021-05-18";"379.6248";"33.78";"0.21";"3144.86";"781.4";"1123.9681";"11625.72";"19118.88";"0";"0"
"E";"2021-05-16";"2021-05-17";"377.2896";"33.57";"0.34";"4208.6";"396.3";"1123.9676";"11625.61";"19125.69";"0";"0"
"E";"2021-05-15";"2021-05-16";"373.4829";"33.29";"0.33";"4112.39";"411.4";"1121.8926";"11625.55";"19400.78";"0";"0"
"E";"2021-05-14";"2021-05-15";"369.782";"32.96";"0.31";"3692.69";"270.5";"1121.8926";"11625.56";"19400.75";"0";"0"
"E";"2021-05-13";"2021-05-14";"366.3428";"32.64";"0.33";"3957.01";"255.1";"1122.4926";"11625.63";"19360.14";"0";"0"
"E";"2021-05-12";"2021-05-13";"362.6226";"32.32";"0.28";"3515.16";"327.6";"1121.8926";"11625.63";"19400.56";"0";"0"
"E";"2021-05-11";"2021-05-12";"359.4331";"32.04";"0.31";"3756.06";"266.4";"1121.8926";"11625.66";"19400.5";"0";"0"
"E";"2021-05-10";"2021-05-11";"355.9459";"31.73";"0.37";"4222.66";"177.2";"1121.8926";"11625.8";"19400.11";"0";"0"
"E";"2021-05-09";"2021-05-10";"351.8024";"31.36";"0.4";"4701.05";"130.4";"1121.8906";"11625.76";"19399.99";"0";"0"
"E";"2021-05-08";"2021-05-09";"347.263";"30.95";"0.28";"3398.21";"241.5";"1121.8906";"11625.79";"19399.91";"0";"0"
"E";"2021-05-07";"2021-05-08";"344.1167";"30.67";"0.05";"1966.63";"1419.5";"1121.8906";"11625.62";"19271.45";"0";"0"
"E";"2021-05-06";"2021-05-07";"343.5909";"30.63";"0";"1766.37";"1796";"1121.8906";"11625.35";"19206.66";"0";"0"
"E";"2021-05-05";"2021-05-06";"343.6199";"30.63";"0.03";"1772.64";"1424.1";"1121.8905";"11625.05";"19204.22";"0";"0"
"E";"2021-05-04";"2021-05-05";"343.3034";"30.6";"0.12";"2182.85";"807";"1121.8905";"11624.93";"19336.26";"0";"0"
"E";"2021-05-03";"2021-05-04";"341.9475";"30.48";"0.1";"1978.33";"915.9";"1121.8905";"11621.83";"19402.45";"0";"0"
"E";"2021-05-02";"2021-05-03";"340.8527";"30.38";"0.22";"2804.53";"371.7";"1121.892";"11613.86";"19402.56";"0";"0"
"E";"2021-05-01";"2021-05-02";"338.4377";"30.17";"0.21";"2779.23";"352.5";"1121.892";"11520.31";"19398";"0";"0"
"E";"2021-04-30";"2021-05-01";"336.0534";"29.94";"-0.18";"1504.06";"907.7";"1122.272";"11474.89";"19499.43";"0";"0"
"E";"2021-04-29";"2021-04-30";"338.1295";"30.13";"0.09";"1702.73";"670.8";"1122.272";"11436.76";"19499.71";"0";"0"
"E";"2021-04-28";"2021-04-29";"337.1018";"30.04";"0.1";"1696.73";"607";"1122.272";"11414.79";"19499.36";"0";"0"
"E";"2021-04-27";"2021-04-28";"336.0143";"29.94";"0.08";"1535.58";"666.9";"1122.272";"11409.89";"19499.17";"0";"0"
"E";"2021-04-26";"2021-04-27";"335.1666";"29.87";"0.09";"1640.96";"604.1";"1122.272";"11436.76";"19499.15";"0";"0"
"E";"2021-04-25";"2021-04-26";"334.1302";"29.77";"0.24";"2946.69";"292.8";"1122.27";"11436.82";"19498.76";"0";"0"
"E";"2021-04-24";"2021-04-25";"331.4765";"29.56";"0.24";"2964.84";"284.2";"1121.27";"11436.92";"19498.48";"0";"0"
"E";"2021-04-23";"2021-04-24";"328.7841";"29.3";"0.08";"1579.19";"629.3";"1122.27";"11436.93";"19498.46";"0";"0"
"E";"2021-04-22";"2021-04-23";"327.8492";"29.21";"0.07";"1493.24";"760.8";"1122.27";"11436.98";"19498.34";"0";"0"
"E";"2021-04-21";"2021-04-22";"327.1148";"29.15";"0.06";"1396.7";"689.7";"1122.27";"11436.94";"19498.44";"0";"0"
"E";"2021-04-20";"2021-04-21";"326.4169";"29.09";"0";"1173.44";"1208.5";"1122.27";"11437.08";"19506.7";"0";"0"
"E";"2021-04-19";"2021-04-20";"326.4643";"29.09";"-0.05";"866.33";"1434.3";"1122.27";"11437.03";"19506.71";"0";"0"
"E";"2021-04-18";"2021-04-19";"327.024";"29.14";"0.03";"1428.4";"1013.4";"1122.2744";"11437.09";"19514.32";"0";"0"
"E";"2021-04-17";"2021-04-18";"326.6411";"29.11";"-0.01";"1125.59";"1209.5";"1122.2744";"11437";"19521.6";"0";"0"
"E";"2021-04-16";"2021-04-17";"326.7471";"29.11";"-0.14";"745.54";"2268.3";"1122.2744";"11436.84";"19493.49";"0";"0"
"E";"2021-04-15";"2021-04-16";"328.3099";"29.25";"-0.24";"355.99";"3030.8";"1122.2744";"11436.6";"19458.9";"0";"0"
"E";"2021-04-14";"2021-04-15";"331.0085";"29.49";"-0.28";"399.56";"3439.2";"1122.2744";"11436.3";"19428.42";"0";"0"
"E";"2021-04-13";"2021-04-14";"334.1632";"29.76";"-0.3";"487.81";"3798.5";"1122.7309";"11435.98";"19351.08";"0";"0"
"E";"2021-04-12";"2021-04-13";"337.5356";"30.06";"-0.26";"591.26";"3476.9";"1122.7309";"11435.62";"19434.8";"0";"0"
"E";"2021-04-11";"2021-04-12";"340.4558";"30.32";"0.01";"1465.08";"1500.5";"1122.7377";"11435.73";"19481.05";"0";"0"
"E";"2021-04-10";"2021-04-11";"340.3205";"30.31";"-0.04";"929.22";"1440.8";"1122.7377";"11435.66";"19493.88";"0";"0"
"E";"2021-04-09";"2021-04-10";"340.7722";"30.35";"-0.15";"695.12";"2361.9";"1122.7377";"11435.61";"19474.27";"0";"0"
"E";"2021-04-08";"2021-04-09";"342.483";"30.5";"-0.25";"438.43";"3178.2";"1122.7377";"11435.2";"19516.82";"0";"0"
"E";"2021-04-07";"2021-04-08";"345.25";"30.75";"-0.28";"416.72";"3531.1";"1122.7377";"11434.95";"19471.22";"0";"0"
"E";"2021-04-06";"2021-04-07";"348.4116";"31.03";"-0.17";"989.6";"2886.5";"1122.7377";"11307.88";"19538.42";"0";"0"
"E";"2021-04-05";"2021-04-06";"350.3698";"31.21";"0.08";"2023.23";"1100.1";"1122.7377";"11258.09";"19537.79";"0";"0"
"E";"2021-04-04";"2021-04-05";"349.4529";"31.13";"0.2";"2763.81";"536.6";"1122.7377";"11197.15";"19537.02";"0";"0"
"E";"2021-04-03";"2021-04-04";"347.2507";"30.93";"0.2";"2764.63";"541.5";"1122.7377";"11196.72";"19536.4";"0";"0"
"E";"2021-04-02";"2021-04-03";"345.0231";"30.73";"0.18";"2678.48";"513.6";"1122.7377";"11260.86";"19536.19";"0";"0"
"E";"2021-04-01";"2021-04-02";"343.0023";"30.55";"0.45";"2861.91";"365";"1122.7377";"11255.52";"19536.82";"0";"0"
"E";"2021-03-31";"2021-04-01";"337.9001";"29.99";"0.08";"2645.97";"1599.9";"1126.5885";"11461.03";"19549.52";"0";"0"
"E";"2021-03-30";"2021-03-31";"337.028";"30.07";"0.17";"2149.54";"1045.1";"1120.9238";"11323.94";"19291.87";"0";"0"
"E";"2021-03-29";"2021-03-30";"335.1305";"29.9";"0.02";"1699.9";"1255";"1120.9238";"11323.53";"19216.19";"0";"0"
"E";"2021-03-28";"2021-03-29";"334.9525";"29.88";"0.05";"1723.59";"1141.3";"1120.9238";"11323.23";"19298.21";"0";"0"
"E";"2021-03-27";"2021-03-28";"334.3579";"29.86";"0.04";"1697.44";"1215.4";"1119.9301";"11153.75";"19029.4";"0";"0"
"E";"2021-03-26";"2021-03-27";"333.9284";"29.79";"0.02";"1548.52";"1351.5";"1120.9238";"11317.4";"19300.37";"0";"0"
"E";"2021-03-25";"2021-03-26";"333.7216";"29.77";"-0.11";"906.02";"2119.7";"1120.9252";"11316.82";"19279.95";"0";"0"
"E";"2021-03-24";"2021-03-25";"334.927";"29.88";"-0.17";"798.34";"2677.3";"1120.9252";"11316.31";"19303.6";"0";"0"
"E";"2021-03-23";"2021-03-24";"336.8219";"30.05";"-0.24";"553.47";"3243.3";"1120.9252";"11315.64";"19260.55";"0";"0"
"E";"2021-03-22";"2021-03-23";"339.5541";"30.29";"-0.31";"323.66";"3759.3";"1120.9271";"11314.98";"19255.57";"0";"0"
"E";"2021-03-21";"2021-03-22";"343.022";"30.6";"-0.16";"790.13";"2579.6";"1120.9271";"11314.51";"19278.96";"0";"0"
"E";"2021-03-20";"2021-03-21";"344.8344";"30.76";"-0.23";"630.17";"3124";"1120.9271";"11329.94";"19282.6";"0";"0"
"E";"2021-03-19";"2021-03-20";"347.37";"30.99";"-0.33";"364.32";"4015.5";"1120.9271";"11313.57";"19304.86";"0";"0"
"E";"2021-03-18";"2021-03-19";"351.0523";"31.32";"-0.37";"261.16";"4249.3";"1120.9271";"11312.89";"19227.15";"0";"0"
"E";"2021-03-17";"2021-03-18";"355.1749";"31.69";"-0.3";"483.16";"3838.3";"1120.9271";"11312.21";"19235.79";"0";"0"
"E";"2021-03-16";"2021-03-17";"358.5754";"31.99";"-0.28";"549.89";"3644.3";"1120.9271";"11311.61";"19249.26";"0";"0"
"E";"2021-03-15";"2021-03-16";"361.7185";"32.27";"-0.21";"456.21";"3218.3";"1120.9271";"11311.11";"19304.57";"0";"0"
"E";"2021-03-14";"2021-03-15";"364.0853";"32.51";"-0.13";"731.35";"2235";"1119.7808";"11310.66";"19224.3";"0";"0"
"E";"2021-03-13";"2021-03-14";"365.5924";"32.65";"-0.11";"971.11";"2168.2";"1119.7808";"11310.17";"19229.2";"0";"0"
"E";"2021-03-12";"2021-03-13";"366.7949";"32.94";"-0.16";"827.82";"2592.9";"1113.4084";"11309.66";"19320.67";"0";"0"
"E";"2021-03-11";"2021-03-12";"368.575";"32.91";"-0.2";"766.33";"2986.2";"1119.7812";"11309.15";"19236.42";"0";"0"
"E";"2021-03-10";"2021-03-11";"370.8154";"33.11";"-0.33";"372.24";"3992.5";"1119.782";"11284.77";"19153.32";"0";"0"
"E";"2021-03-09";"2021-03-10";"374.4717";"33.44";"-0.45";"215.44";"5181.4";"1119.769";"11284.31";"19225.64";"0";"0"
"E";"2021-03-08";"2021-03-09";"379.5061";"33.89";"-0.45";"308.26";"5329.3";"1119.7828";"11283.8";"19242.72";"0";"0"
"E";"2021-03-07";"2021-03-08";"384.5949";"34.35";"-0.32";"342.92";"3914";"1119.7828";"11307.37";"19225.39";"0";"0"
"E";"2021-03-06";"2021-03-07";"388.2186";"34.67";"-0.32";"319.35";"3822.6";"1119.7828";"11306.78";"19235.47";"0";"0"
"E";"2021-03-05";"2021-03-06";"391.7639";"34.99";"-0.41";"310.6";"4947.8";"1119.7828";"11306.19";"19202.01";"0";"0"
"E";"2021-03-04";"2021-03-05";"396.3385";"35.39";"-0.38";"248.29";"4577.4";"1119.7828";"11305.55";"19208.36";"0";"0"
"E";"2021-03-03";"2021-03-04";"400.5674";"35.77";"-0.33";"252.62";"4040.8";"1119.7828";"11305.05";"19198.56";"0";"0"
"E";"2021-03-02";"2021-03-03";"404.2351";"36.1";"-0.33";"321.7";"4084.3";"1119.7828";"11304.44";"19257.34";"0";"0"
"E";"2021-03-01";"2021-03-02";"407.9084";"36.43";"-0.36";"278.61";"4326.5";"1119.7828";"11257.03";"19254";"0";"0"
"E";"2021-02-28";"2021-03-01";"411.8842";"36.78";"-0.24";"382.49";"2976.1";"1119.7828";"11256.56";"19275.25";"0";"0"
"E";"2021-02-27";"2021-02-28";"414.5626";"37.02";"-0.2";"493.99";"2674";"1119.7828";"11256.08";"19287.91";"0";"0"
"E";"2021-02-26";"2021-02-27";"416.8013";"37.22";"-0.24";"627.35";"3458.8";"1119.7828";"11255.69";"19306.37";"0";"0"
"E";"2021-02-25";"2021-02-26";"419.5405";"37.47";"-0.25";"706.46";"3470.9";"1119.7828";"11255.27";"19302.76";"0";"0"
"E";"2021-02-24";"2021-02-25";"422.3406";"37.72";"-0.19";"1208.12";"3311.9";"1119.7831";"11255.19";"18933.9";"0";"0"
"E";"2021-02-23";"2021-02-24";"424.4579";"37.91";"-0.29";"697.07";"3880.3";"1119.7833";"11254.77";"18897.53";"0";"0"
"E";"2021-02-22";"2021-02-23";"427.6689";"38.19";"-0.36";"427.36";"4443.9";"1119.7834";"11254.23";"19011.78";"0";"0"
"E";"2021-02-21";"2021-02-22";"431.7064";"38.55";"-0.2";"889.04";"3077.3";"1119.7834";"11253.71";"19048.73";"0";"0"
"E";"2021-02-20";"2021-02-21";"433.9129";"38.75";"-0.26";"802.79";"3663.5";"1119.7834";"11253.3";"19069.76";"0";"0"
"E";"2021-02-19";"2021-02-20";"436.827";"39.01";"-0.43";"295.17";"5017.6";"1119.7835";"11252.81";"19062.39";"0";"0"
"E";"2021-02-18";"2021-02-19";"441.5959";"39.44";"-0.44";"252.15";"5096.4";"1119.7836";"11252.46";"19081.61";"0";"0"
"E";"2021-02-17";"2021-02-18";"446.5736";"39.88";"-0.47";"342.99";"5567.1";"1119.7978";"11252.1";"19078.01";"0";"0"
"E";"2021-02-16";"2021-02-17";"451.8461";"40.35";"-0.6";"241.52";"6874";"1119.8261";"11251.64";"19039.07";"0";"0"
"E";"2021-02-15";"2021-02-16";"458.5666";"40.95";"-0.79";"212.73";"9045";"1119.8261";"11251.09";"19024.36";"0";"0"
"E";"2021-02-14";"2021-02-15";"467.4391";"41.74";"-0.77";"204.71";"8784.7";"1119.8262";"11250.53";"19022.88";"0";"0"
"E";"2021-02-13";"2021-02-14";"476.087";"42.51";"-0.86";"172.07";"9762.8";"1119.8263";"11249.96";"19023.8";"0";"0"
"E";"2021-02-12";"2021-02-13";"485.7231";"43.37";"-0.92";"174.4";"10394.3";"1119.8263";"11249.42";"19002.93";"0";"0"
"E";"2021-02-11";"2021-02-12";"495.9929";"44.29";"-0.9";"258.03";"10287";"1119.9028";"11249.59";"19190.51";"0";"0"
"E";"2021-02-10";"2021-02-11";"506.0321";"45.19";"-0.91";"225.13";"10336.4";"1119.9028";"11248.77";"19306.39";"0";"0"
"E";"2021-02-09";"2021-02-10";"516.1888";"46.09";"-0.89";"235.35";"10160.3";"1119.9029";"11268.45";"19305.78";"0";"0"
"E";"2021-02-08";"2021-02-09";"526.163";"46.98";"-0.83";"177.95";"9440.3";"1119.9029";"11267.78";"19363.43";"0";"0"
"E";"2021-02-07";"2021-02-08";"535.4559";"47.81";"-0.53";"337.22";"6294.6";"1119.9029";"11267.42";"19354.38";"0";"0"
"E";"2021-02-06";"2021-02-07";"541.4256";"48.35";"-0.4";"588.33";"5030.5";"1119.9029";"11267.17";"19354.85";"0";"0"
"E";"2021-02-05";"2021-02-06";"545.9073";"48.75";"-0.48";"438.78";"5818.7";"1119.9029";"11266.61";"19310.96";"0";"0"
"E";"2021-02-04";"2021-02-05";"551.3046";"49.23";"-0.51";"396.66";"6142.7";"1119.9029";"11266.1";"19296.45";"0";"0"
"E";"2021-02-03";"2021-02-04";"557.068";"49.74";"-0.47";"482.54";"5678.1";"1119.9029";"11265.74";"19284.36";"0";"0"
"E";"2021-02-02";"2021-02-03";"562.3215";"50.21";"-0.6";"342.65";"6979";"1119.9029";"11265.23";"19285.21";"0";"0"
"E";"2021-02-01";"2021-02-02";"568.9971";"50.81";"-0.67";"458.93";"8414.9";"1119.9029";"11264.56";"19281.8";"0";"0"
"E";"2021-01-31";"2021-02-01";"576.4815";"51.48";"-0.58";"394.51";"6770.9";"1119.9029";"11263.84";"19304.99";"0";"0"
"E";"2021-01-30";"2021-01-31";"582.9579";"52.05";"-0.51";"470.83";"6356.2";"1119.9029";"11263.16";"19306.13";"0";"0"
"E";"2021-01-29";"2021-01-30";"588.6843";"52.57";"-0.55";"575.76";"6728.2";"1119.9029";"11262.62";"19320.22";"0";"0"
"E";"2021-01-28";"2021-01-29";"594.8405";"53.12";"-0.66";"458.99";"7888.8";"1119.9029";"11261.97";"19285.04";"0";"0"
"E";"2021-01-27";"2021-01-28";"602.1993";"53.77";"-0.79";"225.83";"9011.6";"1119.9029";"11261.31";"19281.42";"0";"0"
"E";"2021-01-26";"2021-01-27";"611.0161";"54.55";"-0.78";"280.07";"9016.3";"1120.011";"11260.12";"19279.58";"0";"0"
"E";"2021-01-25";"2021-01-26";"619.7549";"55.33";"-0.79";"164.31";"9176.4";"1120.011";"11259.49";"19280.54";"0";"0"
"E";"2021-01-24";"2021-01-25";"628.6504";"56.13";"-0.57";"371.21";"6858.3";"1120.011";"11259.03";"19263.76";"0";"0"
"E";"2021-01-23";"2021-01-24";"634.9859";"56.69";"-0.54";"410.97";"6467.7";"1120.011";"11258.31";"19257.35";"0";"0"
"E";"2021-01-22";"2021-01-23";"641.0833";"57.24";"-0.59";"350.66";"7201";"1120.011";"11257.21";"19401.14";"0";"0"
"E";"2021-01-21";"2021-01-22";"647.7463";"57.83";"-0.57";"628.26";"7030.1";"1120.011";"11256.08";"19488.17";"0";"0"
"E";"2021-01-20";"2021-01-21";"654.1584";"58.41";"-0.66";"273.02";"7638";"1120.011";"11255.04";"19510.9";"0";"0"
"E";"2021-01-19";"2021-01-20";"661.575";"59.07";"-0.81";"196.42";"9239.4";"1120.011";"11253.9";"19513.93";"0";"0"
"E";"2021-01-18";"2021-01-19";"670.6721";"59.88";"-0.93";"134.22";"10520.1";"1120.011";"11252.69";"19516.94";"0";"0"
"E";"2021-01-17";"2021-01-18";"681.0721";"60.81";"-0.81";"255.84";"9283.4";"1120.011";"11251.51";"19520.22";"0";"0"
"E";"2021-01-16";"2021-01-17";"690.1831";"61.62";"-0.85";"180.83";"9692.8";"1120.011";"11250.3";"19523.44";"0";"0"
"E";"2021-01-15";"2021-01-16";"699.7224";"62.47";"-0.96";"149.33";"10871.1";"1120.011";"11249.06";"19526.71";"0";"0"
"E";"2021-01-14";"2021-01-15";"710.5084";"63.44";"-0.9";"133.07";"10179.5";"1120.011";"11201.02";"19529.98";"0";"0"
"E";"2021-01-13";"2021-01-14";"720.5865";"64.34";"-0.84";"227.26";"9860.9";"1120.011";"11199.83";"19533.12";"0";"0"
"E";"2021-01-12";"2021-01-13";"729.9468";"65.17";"-0.87";"117.38";"9904.2";"1120.011";"11198.87";"19550.65";"0";"0"
"E";"2021-01-11";"2021-01-12";"739.7254";"66.05";"-0.9";"112.48";"10236.6";"1120.011";"11197.93";"19553.14";"0";"0"
"E";"2021-01-10";"2021-01-11";"749.8406";"66.95";"-0.77";"200.38";"8737.5";"1120.011";"11197.06";"19555.44";"0";"0"
"E";"2021-01-09";"2021-01-10";"758.4266";"67.72";"-0.79";"161.26";"8956.6";"1120.011";"11196.12";"19557.92";"0";"0"
"E";"2021-01-08";"2021-01-09";"767.2417";"68.5";"-0.89";"120.83";"10006.9";"1120.011";"11195.22";"19560.29";"0";"0"
"E";"2021-01-07";"2021-01-08";"777.2378";"69.4";"-0.88";"149.65";"9936.1";"1120.011";"11194.65";"19425.81";"0";"0"
"E";"2021-01-06";"2021-01-07";"787.1214";"70.28";"-0.79";"162.83";"9379.2";"1120.011";"11193.72";"19554.64";"0";"0"
"E";"2021-01-05";"2021-01-06";"795.9524";"71.07";"-0.82";"139.01";"9296.5";"1120.011";"11192.79";"19566.7";"0";"0"
"E";"2021-01-04";"2021-01-05";"805.1843";"71.89";"-0.76";"167.23";"8689.8";"1120.011";"11191.92";"19569.02";"0";"0"
"E";"2021-01-03";"2021-01-04";"813.714";"72.65";"-0.57";"262.76";"6551.3";"1120.011";"11191.23";"19570.84";"0";"0"
"E";"2021-01-02";"2021-01-03";"820.0704";"73.22";"-0.53";"299.7";"6298.4";"1120.011";"11190.67";"19572.32";"0";"0"
"E";"2021-01-01";"2021-01-02";"825.9856";"73.75";"0";"431.54";"5711";"1119.9887";"11189.49";"19574.66";"0";"0"
"E";"2020-12-31";"2021-01-01";"830.2783";"74.13";"-1.66";"395.97";"5502.3";"1119.9887";"11188.22";"19597.29";"0";"0"
"E";"2020-12-30";"2020-12-31";"848.9146";"74.79";"-0.52";"283.73";"6271.8";"1135.0849";"11996.29";"20571.24";"0";"0"
"E";"2020-12-29";"2020-12-30";"854.8547";"75.31";"-0.52";"297.79";"6034.8";"1135.0849";"11995.35";"20573.71";"0";"0"
"E";"2020-12-28";"2020-12-29";"860.7284";"75.83";"-0.51";"307.85";"6084.9";"1135.0849";"12008.16";"20572.24";"0";"0"
"E";"2020-12-27";"2020-12-28";"866.5272";"76.34";"-0.38";"459.63";"4730.4";"1135.0849";"12007.31";"20574.53";"0";"0"
"E";"2020-12-26";"2020-12-27";"870.8091";"76.72";"-0.29";"756.96";"4091.3";"1135.0849";"12006.47";"20576.72";"0";"0"
"E";"2020-12-25";"2020-12-26";"874.137";"77.01";"-0.29";"745.88";"3557.1";"1135.0849";"12005.8";"20578.45";"0";"0"
"E";"2020-12-24";"2020-12-25";"877.4457";"77.3";"-0.2";"803.05";"2963.7";"1135.0849";"12012.76";"20580.67";"0";"0"
"E";"2020-12-23";"2020-12-24";"879.717";"77.51";"-0.22";"913.44";"3584.3";"1135.0085";"12012.59";"20583.5";"0";"0"
"E";"2020-12-22";"2020-12-23";"882.2674";"77.73";"-0.33";"562.07";"4303.9";"1135.0849";"12005.89";"20585.36";"0";"0"
"E";"2020-12-21";"2020-12-22";"885.9878";"78.05";"-0.39";"491.82";"4918.2";"1135.0849";"12005.05";"20587.58";"0";"0"
"E";"2020-12-20";"2020-12-21";"890.3934";"78.44";"-0.28";"853.83";"4001.1";"1135.0849";"12024.53";"20588.94";"0";"0"
"E";"2020-12-19";"2020-12-20";"893.5449";"78.72";"-0.24";"982.79";"3769.6";"1135.0849";"12023.91";"20590.57";"0";"0"
"E";"2020-12-18";"2020-12-19";"896.3221";"78.97";"-0.37";"674.33";"4853.3";"1135.0849";"12022.77";"20576.32";"0";"0"
"E";"2020-12-17";"2020-12-18";"900.4851";"79.33";"-0.42";"334.31";"5095";"1135.0849";"12026.9";"20578.6";"0";"0"
"E";"2020-12-16";"2020-12-17";"905.252";"79.75";"-0.44";"309.82";"5235.2";"1135.0849";"12025.55";"20582.16";"0";"0"
"E";"2020-12-15";"2020-12-16";"910.2929";"80.2";"-0.49";"326.85";"5488.2";"1135.0085";"12024.53";"20584.86";"0";"0"
"E";"2020-12-14";"2020-12-15";"915.8699";"80.62";"-0.44";"289.3";"5436.3";"1136.0368";"12023.65";"20587.19";"0";"0"
"E";"2020-12-13";"2020-12-14";"920.8906";"81.07";"-0.36";"610.82";"4706";"1135.8905";"12028.52";"20585.37";"0";"0"
"E";"2020-12-12";"2020-12-13";"924.9929";"81.43";"-0.45";"380.19";"5535.1";"1135.8905";"12022.07";"20587.35";"0";"0"
"E";"2020-12-11";"2020-12-12";"930.157";"81.89";"-0.6";"228.7";"7049.5";"1135.8905";"12020.71";"20605.24";"0";"0"
"E";"2020-12-10";"2020-12-11";"936.9971";"82.49";"-0.64";"232.57";"7796.8";"1135.8905";"12019.52";"20509.37";"0";"0"
"E";"2020-12-09";"2020-12-10";"944.3071";"83.13";"-0.71";"177.56";"7805.3";"1135.8905";"12018.37";"20512.42";"0";"0"
"E";"2020-12-08";"2020-12-09";"952.3295";"83.84";"-0.56";"243.72";"6595.8";"1135.8905";"12017.36";"20515.08";"0";"0"
"E";"2020-12-07";"2020-12-08";"958.7017";"84.4";"-0.6";"280.72";"7036.4";"1135.8905";"12016.27";"20517.94";"0";"0"
"E";"2020-12-06";"2020-12-07";"965.4959";"85";"-0.44";"496.66";"5429.8";"1135.8905";"11982.21";"20525.75";"0";"0"
"E";"2020-12-05";"2020-12-06";"970.4564";"85.44";"-0.43";"488.61";"5706.4";"1135.8905";"11980.97";"20529.02";"0";"0"
"E";"2020-12-04";"2020-12-05";"975.3924";"85.87";"-0.59";"283.94";"6932.7";"1135.8905";"11979.75";"20532.26";"0";"0"
"E";"2020-12-03";"2020-12-04";"982.0512";"86.46";"-0.65";"221.7";"7546.8";"1135.8905";"11978.83";"20534.68";"0";"0"
"E";"2020-12-02";"2020-12-03";"989.4642";"87.11";"-0.67";"223.22";"7838.7";"1135.8905";"11978.05";"20536.75";"0";"0"
"E";"2020-12-01";"2020-12-02";"997.0613";"87.78";"-0.58";"203.24";"7454.3";"1135.8905";"11977.11";"20539.22";"0";"0"
"E";"2020-11-30";"2020-12-01";"1003.6207";"88.38";"-0.55";"353.88";"7159.9";"1135.5495";"11977.17";"20667.06";"0";"0"
"E";"2020-11-29";"2020-11-30";"1009.8108";"88.93";"-0.44";"452.37";"5446.5";"1135.5495";"11976.38";"20670.15";"0";"0"
"E";"2020-11-28";"2020-11-29";"1014.8239";"89.37";"-0.43";"244.52";"5038.2";"1135.5495";"11975.6";"20673.22";"0";"0"
"E";"2020-11-27";"2020-11-28";"1019.7617";"89.8";"-0.52";"190.43";"6109.1";"1135.5495";"11969.77";"20675.31";"0";"0"
"E";"2020-11-26";"2020-11-27";"1025.692";"90.33";"-0.52";"122.59";"5995.7";"1135.5495";"11968.68";"20678.19";"0";"0"
"E";"2020-11-25";"2020-11-26";"1031.58";"90.84";"-0.48";"150.14";"5540.2";"1135.5495";"11968.02";"20679.91";"0";"0"
"E";"2020-11-24";"2020-11-25";"1036.9906";"91.32";"-0.39";"278.64";"4692.6";"1135.5495";"11967.68";"20680.83";"0";"0"
"E";"2020-11-23";"2020-11-24";"1041.4326";"91.71";"-0.35";"254.71";"4235.7";"1135.5495";"11967.75";"20680.64";"0";"0"
"E";"2020-11-22";"2020-11-23";"1045.4507";"92.07";"-0.23";"511.36";"3133.5";"1135.5495";"11967.61";"20681.01";"0";"0"
"E";"2020-11-21";"2020-11-22";"1048.1";"92.3";"-0.2";"600.18";"2878.6";"1135.5495";"11967.54";"20681.19";"0";"0"
"E";"2020-11-20";"2020-11-21";"1050.3908";"92.5";"-0.31";"446.55";"3851.9";"1135.5495";"11967.23";"20641.99";"0";"0"
"E";"2020-11-19";"2020-11-20";"1053.8632";"92.81";"-0.2";"495.56";"2781.1";"1135.5495";"11943.17";"20556.48";"0";"0"
"E";"2020-11-18";"2020-11-19";"1056.1233";"93.01";"-0.11";"883.33";"2158.4";"1135.5495";"11943.33";"20556.05";"0";"0"
"E";"2020-11-17";"2020-11-18";"1057.3976";"93.12";"-0.15";"492.87";"2246.7";"1135.5495";"11943.32";"20556.08";"0";"0"
"E";"2020-11-16";"2020-11-17";"1059.1473";"93.27";"-0.14";"456.1";"2079.7";"1135.5495";"11943.42";"20641.51";"0";"0"
"E";"2020-11-15";"2020-11-16";"1060.7559";"93.41";"0.03";"1491.12";"1182.4";"1135.5495";"11967.73";"20640.69";"0";"0"
"E";"2020-11-14";"2020-11-15";"1060.414";"93.38";"-0.01";"1221.56";"1380.2";"1135.5495";"11967.68";"20640.82";"0";"0"
"E";"2020-11-13";"2020-11-14";"1060.5728";"93.4";"-0.18";"347.41";"2414.3";"1135.5495";"11967.58";"20641.08";"0";"0"
"E";"2020-11-12";"2020-11-13";"1062.638";"93.58";"-0.19";"353.3";"2550.7";"1135.5495";"11967.46";"20641.41";"0";"0"
"E";"2020-11-11";"2020-11-12";"1064.8264";"93.77";"-0.19";"340.06";"2535.5";"1135.5495";"11967.34";"20641.72";"0";"0"
"E";"2020-11-10";"2020-11-11";"1067.0249";"93.97";"-0.27";"227.63";"3087.7";"1135.5495";"11966.6";"20643.67";"0";"0"
"E";"2020-11-09";"2020-11-10";"1070.0663";"94.23";"-0.18";"352.72";"2543.7";"1135.5546";"11966.4";"20644.41";"0";"0"
"E";"2020-11-08";"2020-11-09";"1072.1488";"94.42";"-0.02";"779.11";"1025";"1135.5546";"11966.46";"20684.24";"0";"0"
"E";"2020-11-07";"2020-11-08";"1072.3949";"94.44";"-0.06";"630.63";"1263.6";"1135.5546";"11966.41";"20684.37";"0";"0"
"E";"2020-11-06";"2020-11-07";"1073.0243";"94.49";"-0.15";"490.32";"2114";"1135.5546";"11966.29";"20684.7";"0";"0"
"E";"2020-11-05";"2020-11-06";"1074.6716";"94.64";"-0.21";"307.35";"2686.5";"1135.5546";"11965.99";"20685.49";"0";"0"
"E";"2020-11-04";"2020-11-05";"1077.0668";"94.85";"-0.19";"308.5";"2359";"1135.5546";"11966.11";"20657.16";"0";"0"
"E";"2020-11-03";"2020-11-04";"1079.1693";"95.03";"-0.1";"574.17";"1649.7";"1135.5546";"11966.48";"20656.2";"0";"0"
"E";"2020-11-02";"2020-11-03";"1080.2665";"95.13";"0.06";"1807.14";"1184.1";"1135.5546";"11967.2";"20654.28";"0";"0"
"E";"2020-11-01";"2020-11-02";"1079.6009";"95.08";"0.18";"2266.08";"748";"1135.5046";"11968.02";"20652.14";"0";"0"
"E";"2020-10-31";"2020-11-01";"1077.5593";"94.72";"0.11";"2036.98";"380";"1137.6136";"11918.77";"20646.34";"0";"0"
"E";"2020-10-30";"2020-10-31";"1076.3161";"94.61";"0.04";"595.56";"805.5";"1137.6136";"11918.8";"20646.27";"0";"0"
"E";"2020-10-29";"2020-10-30";"1075.8781";"94.57";"-0.09";"419.47";"1391.3";"1137.6136";"11918.81";"20617.23";"0";"0"
"E";"2020-10-28";"2020-10-29";"1076.8633";"94.62";"-0.08";"394.96";"1276.2";"1138.1136";"11942.71";"20617.51";"0";"0"
"E";"2020-10-27";"2020-10-28";"1077.7706";"94.7";"-0.15";"343.4";"2041.1";"1138.1136";"11941.87";"20619.73";"0";"0"
"E";"2020-10-26";"2020-10-27";"1079.4882";"94.85";"-0.01";"626.43";"1097.6";"1138.1136";"11941.79";"20619.94";"0";"0"
"E";"2020-10-25";"2020-10-26";"1079.6235";"94.86";"0.11";"1863.51";"489.3";"1138.1136";"11942.02";"20598.32";"0";"0"
"E";"2020-10-24";"2020-10-25";"1078.3696";"94.67";"0.12";"1908.09";"523.3";"1139.099";"12117.31";"20805.08";"0";"0"
"E";"2020-10-23";"2020-10-24";"1076.9835";"94.63";"-0.04";"665.03";"1160";"1138.1136";"11941.15";"20582.77";"0";"0"
"E";"2020-10-22";"2020-10-23";"1077.472";"94.67";"-0.05";"561.91";"1148.6";"1138.1136";"11900.06";"20236.4";"0";"0"
"E";"2020-10-21";"2020-10-22";"1078.0575";"94.72";"-0.04";"594.57";"1065.7";"1138.1136";"11900.07";"20236.36";"0";"0"
"E";"2020-10-20";"2020-10-21";"1078.521";"94.76";"-0.09";"580.4";"1586.6";"1138.1136";"11875.34";"20238.29";"0";"0"
"E";"2020-10-19";"2020-10-20";"1079.5377";"94.85";"-0.13";"504.72";"1927.4";"1138.1136";"11874.75";"20239.86";"0";"0"
"E";"2020-10-18";"2020-10-19";"1080.9761";"94.97";"0.11";"696.28";"989.8";"1138.1966";"11899.75";"20242.54";"0";"0"
"E";"2020-10-17";"2020-10-18";"1079.7627";"94.87";"-0.23";"511.01";"1531.6";"1138.1966";"11899.33";"20243.67";"0";"0"
"E";"2020-10-16";"2020-10-17";"1082.3353";"95.09";"-0.17";"320.13";"2274";"1138.1966";"11898.49";"20245.87";"0";"0"
"E";"2020-10-15";"2020-10-16";"1084.2949";"95.26";"-0.16";"424.99";"2268.7";"1138.1966";"11898.14";"20246.8";"0";"0"
"E";"2020-10-14";"2020-10-15";"1086.1493";"95.43";"-0.11";"495.5";"1882.4";"1138.1966";"12003.17";"20000.72";"0";"0"
"E";"2020-10-13";"2020-10-14";"1087.4478";"95.54";"-0.11";"506.2";"1700.4";"1138.1966";"12003.11";"20000.88";"0";"0"
"E";"2020-10-12";"2020-10-13";"1088.6767";"95.86";"-0.06";"679.52";"1385.8";"1135.6966";"12003.48";"19999.9";"0";"0"
"E";"2020-10-11";"2020-10-12";"1089.3375";"95.92";"0.1";"1737.51";"416.8";"1135.7275";"12004.49";"19941.21";"0";"0"
"E";"2020-10-10";"2020-10-11";"1088.1709";"95.87";"0.23";"2174.64";"227.2";"1135.009";"12005";"19891.16";"0";"0"
"E";"2020-10-09";"2020-10-10";"1085.5221";"95.64";"0.06";"1121.22";"487.8";"1135.009";"12005.46";"19889.96";"0";"0"
"E";"2020-10-08";"2020-10-09";"1084.8765";"95.58";"0.04";"1060.41";"459.7";"1135.009";"12005.74";"19889.21";"0";"0"
"E";"2020-10-07";"2020-10-08";"1084.385";"95.54";"0.04";"1151.21";"659.7";"1135.009";"12005.95";"19888.66";"0";"0"
"E";"2020-10-06";"2020-10-07";"1083.8886";"95.5";"0.07";"1227.99";"487.6";"1135.009";"12006.33";"19887.66";"0";"0"
"E";"2020-10-05";"2020-10-06";"1083.15";"95.43";"0.05";"1289.84";"677.2";"1134.9693";"12006.76";"19886.53";"0";"0"
"E";"2020-10-04";"2020-10-05";"1082.5286";"95.38";"0.22";"2794.68";"358.6";"1134.9963";"12008.1";"19816.88";"0";"0"
"E";"2020-10-03";"2020-10-04";"1080.0721";"95.16";"0.2";"2711.81";"379";"1134.9963";"12008.84";"19855.09";"0";"0"
"E";"2020-10-02";"2020-10-03";"1077.7767";"94.96";"0.15";"1725.32";"424.9";"1134.9963";"12009.4";"19921.44";"0";"0"
"E";"2020-10-01";"2020-10-02";"1076.1302";"94.81";"0.03";"1235.63";"777";"1134.9963";"11985.32";"19967.5";"0";"0"
"E";"2020-09-30";"2020-10-01";"1075.7962";"94.78";"-0.1";"1290.5";"1852.7";"1135.0563";"11985.54";"19966.92";"0";"0"
"E";"2020-09-29";"2020-09-30";"1076.9034";"94.88";"-0.04";"1276.12";"1554.5";"1135.0563";"12009.12";"19940.01";"0";"0"
"E";"2020-09-28";"2020-09-29";"1077.4019";"94.92";"-0.05";"1134.89";"1727.9";"1135.0546";"12008.9";"19940.59";"0";"0"
"E";"2020-09-27";"2020-09-28";"1078.0181";"94.98";"0.12";"2079.99";"716.7";"1135.0063";"12008.56";"19938.39";"0";"0"
"E";"2020-09-26";"2020-09-27";"1076.6648";"94.86";"0.14";"2192.11";"589.2";"1135.0013";"12008.96";"19937.33";"0";"0"
"E";"2020-09-25";"2020-09-26";"1075.0633";"94.72";"0.12";"2072.83";"762.1";"1135.0013";"12008.98";"19937.28";"0";"0"
"E";"2020-09-24";"2020-09-25";"1073.7495";"94.6";"0.12";"2062.94";"678.2";"1135.0013";"11646.61";"19327.13";"0";"0"
"E";"2020-09-23";"2020-09-24";"1072.3628";"94.48";"0.09";"1548.68";"575.8";"1135.0014";"11646.61";"19327.14";"0";"0"
"E";"2020-09-22";"2020-09-23";"1071.3425";"94.39";"0.08";"1620.72";"470";"1135.0016";"11622.62";"19241.47";"0";"0"
"E";"2020-09-21";"2020-09-22";"1070.4003";"94.31";"0.08";"1659.8";"861.6";"1135.0016";"12009.71";"19935.43";"0";"0"
"E";"2020-09-20";"2020-09-21";"1069.4611";"94.22";"0.2";"2366.61";"190.2";"1135.0093";"12010.21";"19934.59";"0";"0"
"E";"2020-09-19";"2020-09-20";"1067.2275";"94.03";"0.19";"2554.41";"193.6";"1135.0093";"12010.65";"19933.46";"0";"0"
"E";"2020-09-18";"2020-09-19";"1065.0621";"93.84";"0.14";"1966.62";"345.2";"1135.0093";"12011.01";"19932.48";"0";"0"
"E";"2020-09-17";"2020-09-18";"1063.4467";"93.69";"-0.04";"1809.12";"362.7";"1135.0093";"12011.33";"19931.66";"0";"0"
"E";"2020-09-16";"2020-09-17";"1063.8505";"93.73";"0.1";"1658.13";"444.6";"1135.0093";"12011.73";"19930.59";"0";"0"
"E";"2020-09-15";"2020-09-16";"1062.7098";"93.63";"0.11";"1693.3";"535.7";"1135.0093";"12012.17";"19929.41";"0";"0"
"E";"2020-09-14";"2020-09-15";"1061.4875";"93.52";"0.14";"2025.88";"495";"1135.0093";"12012.4";"19928.81";"0";"0"
"E";"2020-09-13";"2020-09-14";"1059.9492";"93.4";"0.27";"3157.84";"127.2";"1134.8873";"12012.51";"19924.57";"0";"0"
"E";"2020-09-12";"2020-09-13";"1056.903";"93.13";"0.26";"3203.85";"164.9";"1134.8873";"12013.55";"19921.8";"0";"0"
"E";"2020-09-11";"2020-09-12";"1053.9484";"92.87";"0.14";"2049.84";"434.8";"1134.8873";"12013.21";"19922.71";"0";"0"
"E";"2020-09-10";"2020-09-11";"1052.3105";"92.72";"0.1";"1976.43";"813.8";"1134.8873";"12013.62";"19921.62";"0";"0"
"E";"2020-09-09";"2020-09-10";"1051.1459";"92.63";"0.13";"2100.03";"677.8";"1134.8373";"12013.8";"19921.14";"0";"0"
"E";"2020-09-08";"2020-09-09";"1049.6973";"92.5";"0.11";"2054.18";"670.3";"1134.8373";"12014.02";"19920.58";"0";"0"
"E";"2020-09-07";"2020-09-08";"1048.4508";"92.39";"0.12";"1999.44";"659.4";"1134.8373";"12014.41";"19919.53";"0";"0"
"E";"2020-09-06";"2020-09-07";"1047.1305";"92.27";"0.23";"2871.01";"255.1";"1134.8259";"12015.4";"19919.4";"0";"0"
"E";"2020-09-05";"2020-09-06";"1044.5213";"92.04";"0.24";"3049.43";"212.6";"1134.8259";"12015.82";"19918.29";"0";"0"
"E";"2020-09-04";"2020-09-05";"1041.7917";"91.8";"0.15";"2171.39";"448.2";"1134.8259";"12015.9";"19918.08";"0";"0"
"E";"2020-09-03";"2020-09-04";"1040.0678";"91.65";"0.15";"2053.75";"390.9";"1134.8259";"12016.17";"19917.36";"0";"0"
"E";"2020-09-02";"2020-09-03";"1038.3836";"91.5";"0.27";"2004.46";"789.4";"1134.8259";"12028.91";"19918.16";"0";"0"
"E";"2020-09-01";"2020-09-02";"1035.3501";"91.23";"0.02";"1868.93";"929.9";"1134.8259";"12028.3";"19919.76";"0";"0"
"E";"2020-08-31";"2020-09-01";"1035.1478";"91.24";"-0.24";"1967.37";"1594.2";"1134.4931";"12040.76";"19920.22";"0";"0"
"E";"2020-08-30";"2020-08-31";"1037.8369";"91.49";"0.15";"2645.96";"1056.9";"1134.3511";"12040.72";"19922.08";"0";"0"
"E";"2020-08-29";"2020-08-30";"1036.1598";"91.34";"0.13";"2647.38";"1009.6";"1134.3511";"12045.24";"19923.34";"0";"0"
"E";"2020-08-28";"2020-08-29";"1034.6344";"91.21";"-0.04";"2334.24";"1121.4";"1134.3011";"12044.61";"19925.02";"0";"0"
"E";"2020-08-27";"2020-08-28";"1035.0896";"91.28";"0.06";"1837.17";"1145.9";"1133.9254";"12044.17";"19926.19";"0";"0"
"E";"2020-08-26";"2020-08-27";"1034.4057";"91.22";"0.12";"2439.06";"902.6";"1133.9254";"12043.74";"19927.32";"0";"0"
"E";"2020-08-25";"2020-08-26";"1033.0561";"91.1";"0.14";"2356.88";"776.9";"1133.9254";"12043.37";"19928.29";"0";"0"
"E";"2020-08-24";"2020-08-25";"1031.4799";"90.97";"0.12";"2386.5";"1018.8";"1133.9254";"12043.21";"19928.71";"0";"0"
"E";"2020-08-23";"2020-08-24";"1030.1421";"90.85";"0.29";"3663.8";"425.6";"1133.8425";"12042.61";"19928.3";"0";"0"
"E";"2020-08-22";"2020-08-23";"1026.8716";"90.57";"0.3";"3713.06";"245.7";"1133.8425";"12042.3";"19929.14";"0";"0"
"E";"2020-08-21";"2020-08-22";"1023.4872";"90.27";"0.24";"3197.98";"528";"1133.8425";"12041.89";"19930.21";"0";"0"
"E";"2020-08-20";"2020-08-21";"1020.8104";"90.03";"0.17";"2700.07";"594.1";"1133.8425";"12041.45";"19931.38";"0";"0"
"E";"2020-08-19";"2020-08-20";"1018.8419";"89.86";"0.18";"2748.54";"641.7";"1133.8425";"12041.17";"19932.12";"0";"0"
"E";"2020-08-18";"2020-08-19";"1016.7926";"89.68";"0.19";"2682";"555.4";"1133.8425";"12041.03";"19932.49";"0";"0"
"E";"2020-08-17";"2020-08-18";"1014.672";"89.49";"0.21";"2848.97";"496.9";"1133.8425";"12041.03";"19932.5";"0";"0"
"E";"2020-08-16";"2020-08-17";"1012.2902";"89.28";"0.29";"3560.09";"271.9";"1133.8999";"12043.33";"19935.84";"0";"0"
"E";"2020-08-15";"2020-08-16";"1008.992";"88.98";"0.27";"3461.45";"336.3";"1133.8966";"12043.2";"19936.2";"0";"0"
"E";"2020-08-14";"2020-08-15";"1005.9104";"88.71";"0.22";"3149.41";"424.9";"1133.8966";"12052.82";"19937.19";"0";"0"
"E";"2020-08-13";"2020-08-14";"1003.3717";"88.49";"0.18";"2908.53";"706.2";"1133.8966";"12052.48";"19938.08";"0";"0"
"E";"2020-08-12";"2020-08-13";"1001.2839";"88.3";"0.19";"2645.51";"522.2";"1133.8966";"12029.17";"19938.9";"0";"0"
"E";"2020-08-11";"2020-08-12";"999.1492";"88.12";"0.23";"2596.57";"640";"1133.8966";"12029.24";"19938.73";"0";"0"
"E";"2020-08-10";"2020-08-11";"996.5017";"87.88";"0.12";"2909.38";"361.8";"1133.8966";"12029.47";"19938.13";"0";"0"
"E";"2020-08-09";"2020-08-10";"995.1531";"87.77";"0.32";"3869";"239.3";"1133.8019";"12045.57";"19935.74";"0";"0"
"E";"2020-08-08";"2020-08-09";"991.5143";"87.45";"0.29";"3695.86";"312.9";"1133.8019";"12045.41";"19936.16";"0";"0"
"E";"2020-08-07";"2020-08-08";"988.1902";"87.16";"0.22";"2990.74";"575.4";"1133.802";"12027.63";"19936.89";"0";"0"
"E";"2020-08-06";"2020-08-07";"985.7305";"86.94";"0.18";"2738.75";"662.2";"1133.7973";"12027.4";"19937.53";"0";"0"
"E";"2020-08-05";"2020-08-06";"983.6366";"86.76";"0.16";"3063.14";"621";"1133.7975";"12027.27";"19937.93";"0";"0"
"E";"2020-08-04";"2020-08-05";"981.8453";"86.6";"0.18";"2739.03";"672.6";"1133.7975";"12027.28";"19937.92";"0";"0"
"E";"2020-08-03";"2020-08-04";"979.7741";"86.42";"0.19";"2640.4";"495";"1133.7975";"12027.33";"19937.78";"0";"0"
"E";"2020-08-02";"2020-08-03";"977.6267";"86.22";"0.29";"3516.19";"281.4";"1133.84";"12045.51";"19938.71";"0";"0"
"E";"2020-08-01";"2020-08-02";"974.3948";"85.94";"0.54";"3402.81";"280.7";"1133.84";"12045.54";"19938.65";"0";"0"
"E";"2020-07-31";"2020-08-01";"968.2178";"85.43";"-0.15";"2675.3";"453.2";"1133.315";"12007.17";"19937.61";"0";"0"
"E";"2020-07-30";"2020-07-31";"969.8782";"85.58";"0.15";"2353.88";"619.9";"1133.315";"12007.53";"19936.65";"0";"0"
"E";"2020-07-29";"2020-07-30";"968.1498";"85.43";"0.18";"2663.14";"615.1";"1133.315";"12007.91";"19935.65";"0";"0"
"E";"2020-07-28";"2020-07-29";"966.0989";"85.25";"0.27";"2838.25";"511.1";"1133.315";"12008.31";"19934.61";"0";"0"
"E";"2020-07-27";"2020-07-28";"963.0317";"85.06";"0.21";"2866.66";"579.1";"1132.2152";"12008.74";"19933.5";"0";"0"
"E";"2020-07-26";"2020-07-27";"960.6868";"84.85";"0.3";"3877.71";"440.9";"1132.1708";"12025.25";"19728.6";"0";"0"
"E";"2020-07-25";"2020-07-26";"957.2477";"84.55";"0.05";"2938.2";"1349.8";"1132.1708";"12025.14";"19933.56";"0";"0"
"E";"2020-07-24";"2020-07-25";"956.659";"84.5";"0.07";"2346.6";"1531.7";"1132.1708";"12007.49";"19933.96";"0";"0"
"E";"2020-07-23";"2020-07-24";"955.8466";"84.43";"0.04";"2236.12";"1768";"1132.1708";"12007.14";"19934.89";"0";"0"
"E";"2020-07-22";"2020-07-23";"955.3475";"84.38";"0.04";"2370.18";"1856";"1132.1708";"12006.77";"19935.86";"0";"0"
"E";"2020-07-21";"2020-07-22";"954.8536";"84.36";"0.03";"2328.69";"1959.9";"1131.8418";"12027.37";"19936.92";"0";"0"
"E";"2020-07-20";"2020-07-21";"954.5264";"84.33";"0.08";"2597.73";"1675.9";"1131.8418";"12026.92";"19938.1";"0";"0"
"E";"2020-07-19";"2020-07-20";"953.5801";"84.25";"0.17";"3291.39";"1466.1";"1131.8038";"12043.34";"19938.46";"0";"0"
"E";"2020-07-18";"2020-07-19";"951.6459";"84.08";"0.13";"3043.81";"1567.1";"1131.8038";"12042.7";"19940.15";"0";"0"
"E";"2020-07-17";"2020-07-18";"950.202";"83.95";"0.08";"2638.59";"1791.5";"1131.8038";"12024.6";"19941.75";"0";"0"
"E";"2020-07-16";"2020-07-17";"949.3386";"83.88";"0.07";"2649.73";"1874.3";"1131.8038";"12024.07";"19943.14";"0";"0"
"E";"2020-07-15";"2020-07-16";"948.5719";"83.81";"-0.03";"2291.24";"1879.1";"1131.8039";"12023.65";"19944.27";"0";"0"
"E";"2020-07-14";"2020-07-15";"948.903";"83.84";"0.08";"2463.22";"1599.8";"1131.8042";"12023.74";"19944.09";"0";"0"
"E";"2020-07-13";"2020-07-14";"948.0108";"83.75";"0.26";"3210.74";"303.9";"1131.9182";"12023.8";"19943.95";"0";"0"
"E";"2020-07-12";"2020-07-13";"945.0734";"83.49";"0.37";"4341";"136.9";"1131.9582";"12024.56";"19944.56";"0";"0"
"E";"2020-07-11";"2020-07-12";"940.8834";"83.12";"0.32";"3783.69";"166.2";"1131.9582";"12024.01";"19946.01";"0";"0"
"E";"2020-07-10";"2020-07-11";"937.2954";"82.8";"0.19";"2897.87";"830.4";"1131.9582";"12023.5";"19947.36";"0";"0"
"E";"2020-07-09";"2020-07-10";"935.1672";"82.61";"0.11";"2461.52";"1232.4";"1131.9582";"12023.11";"19948.39";"0";"0"
"E";"2020-07-08";"2020-07-09";"933.9476";"82.51";"0.1";"2431.53";"1319.8";"1131.9583";"12022.47";"19950.08";"0";"0"
"E";"2020-07-07";"2020-07-08";"932.8199";"82.41";"0.13";"2562";"1128";"1131.9586";"12021.98";"19951.45";"0";"0"
"E";"2020-07-06";"2020-07-07";"931.395";"82.28";"0.21";"3272.05";"714.9";"1131.9586";"12022.11";"19951.14";"0";"0"
"E";"2020-07-05";"2020-07-06";"929.0343";"82.07";"0.39";"4587.64";"206.2";"1131.9852";"11975.09";"19951.15";"0";"0"
"E";"2020-07-04";"2020-07-05";"924.6604";"81.68";"0.38";"4452.73";"197.4";"1131.9852";"11975.32";"19950.54";"0";"0"
"E";"2020-07-03";"2020-07-04";"920.3976";"81.31";"0.29";"3275.36";"257.7";"1131.9852";"11975.51";"19950.06";"0";"0"
"E";"2020-07-02";"2020-07-03";"917.0613";"81.01";"0.19";"2525.36";"357.6";"1131.9852";"11975.28";"19950.65";"0";"0"
"E";"2020-07-01";"2020-07-02";"914.889";"80.82";"0.31";"2534.33";"518.4";"1131.9852";"11975.73";"19949.47";"0";"0"
"E";"2020-06-30";"2020-07-01";"911.4124";"80.64";"0.1";"3088.56";"352.2";"1130.1852";"12023.82";"19870.36";"0";"0"
"E";"2020-06-29";"2020-06-30";"910.2987";"80.54";"0.25";"3132.23";"253.4";"1130.1852";"11976.59";"19947.19";"0";"0"
"E";"2020-06-28";"2020-06-29";"907.4189";"80.29";"0.36";"4187.95";"116.4";"1130.1624";"11976.77";"19945.23";"0";"0"
"E";"2020-06-27";"2020-06-28";"903.3443";"79.93";"0.34";"3969.44";"147.8";"1130.1624";"11977.29";"19943.85";"0";"0"
"E";"2020-06-26";"2020-06-27";"899.5159";"79.59";"0.25";"3059.13";"218.1";"1130.1624";"11977.75";"19942.66";"0";"0"
"E";"2020-06-25";"2020-06-26";"896.6595";"79.34";"0.21";"2711.78";"326.1";"1130.1627";"11978.11";"19941.71";"0";"0"
"E";"2020-06-24";"2020-06-25";"894.2662";"79.13";"0.21";"2755.12";"368.7";"1130.163";"11978.53";"19940.7";"0";"0"
"E";"2020-06-23";"2020-06-24";"891.8868";"78.92";"0.23";"2908.86";"369.6";"1130.1633";"11978.96";"19939.64";"0";"0"
"E";"2020-06-22";"2020-06-23";"889.3315";"78.69";"0.26";"3313.01";"322.9";"1130.1637";"11979.57";"19938.16";"0";"0"
"E";"2020-06-21";"2020-06-22";"886.3549";"78.43";"0.36";"4344.02";"256.2";"1130.0724";"11957.83";"19934.17";"0";"0"
"E";"2020-06-20";"2020-06-21";"882.2541";"78.07";"0.34";"4114.87";"324.8";"1130.0724";"11958.49";"19932.48";"0";"0"
"E";"2020-06-19";"2020-06-20";"878.4603";"77.73";"0.23";"2945.27";"401.4";"1130.0724";"11958.91";"19931.32";"0";"0"
"E";"2020-06-18";"2020-06-19";"875.9147";"77.51";"0.21";"2829.26";"506.7";"1130.0724";"11972.36";"19930.16";"0";"0"
"E";"2020-06-17";"2020-06-18";"873.5957";"77.3";"0.18";"2630.24";"642.6";"1130.0724";"11972.62";"19929.45";"0";"0"
"E";"2020-06-16";"2020-06-17";"871.616";"77.13";"0.19";"2720.98";"611.5";"1130.0465";"11972.97";"19928.52";"0";"0"
"E";"2020-06-15";"2020-06-16";"869.5235";"76.95";"0.2";"3114.61";"447.5";"1130.0465";"11973.39";"19927.43";"0";"0"
"E";"2020-06-14";"2020-06-15";"867.319";"76.74";"0.35";"4196.48";"200.7";"1130.132";"11975.26";"19928.08";"0";"0"
"E";"2020-06-13";"2020-06-14";"863.3108";"76.39";"0.36";"4220.05";"158.4";"1130.132";"11975.82";"19926.6";"0";"0"
"E";"2020-06-12";"2020-06-13";"859.2267";"76.03";"0.27";"3455.35";"430.4";"1130.132";"11976.34";"19925.23";"0";"0"
"E";"2020-06-11";"2020-06-12";"856.2025";"75.76";"0.23";"3062.21";"449.5";"1130.132";"11976.69";"19924.3";"0";"0"
"E";"2020-06-10";"2020-06-11";"853.5921";"75.53";"0.16";"2474.09";"695";"1130.132";"11976.93";"19923.65";"0";"0"
"E";"2020-06-09";"2020-06-10";"851.8144";"75.37";"0.15";"2580.35";"881.8";"1130.132";"11977.28";"19922.72";"0";"0"
"E";"2020-06-08";"2020-06-09";"850.1192";"75.22";"0.21";"3023.79";"658.9";"1130.132";"11977.73";"19921.53";"0";"0"
"E";"2020-06-07";"2020-06-08";"847.7299";"75.06";"0.34";"4022.17";"163.7";"1129.3356";"12004.03";"19913.45";"0";"0"
"E";"2020-06-06";"2020-06-07";"843.8851";"74.72";"0.34";"4028.46";"217.1";"1129.3356";"12004.85";"19913.31";"0";"0"
"E";"2020-06-05";"2020-06-06";"840.0774";"74.39";"0.27";"3389.11";"351.6";"1129.3356";"11990.58";"19914.38";"0";"0"
"E";"2020-06-04";"2020-06-05";"837.0602";"74.14";"0.26";"3324.19";"363.6";"1128.9756";"11991.24";"19912.62";"0";"0"
"E";"2020-06-03";"2020-06-04";"834.1006";"73.88";"0.25";"3107.02";"322.5";"1128.9756";"11990.4";"19913.86";"0";"0"
"E";"2020-06-02";"2020-06-03";"831.3015";"73.63";"0.25";"3162.27";"305.9";"1128.9756";"11990.86";"19912.62";"0";"0"
"E";"2020-06-01";"2020-06-02";"828.472";"73.38";"0.33";"4052.49";"332.8";"1128.9756";"11991.08";"19912.04";"0";"0"
"E";"2020-05-31";"2020-06-01";"824.7736";"73.14";"0.34";"4108.66";"230.3";"1127.6051";"11961.27";"19858.68";"0";"0"
"E";"2020-05-30";"2020-05-31";"820.9301";"72.8";"0.32";"4070.07";"248.3";"1127.6052";"11961.62";"19852.78";"0";"0"
"E";"2020-05-29";"2020-05-30";"817.2837";"72.48";"0.25";"3274.16";"431";"1127.6059";"11961.93";"19856.89";"0";"0"
"E";"2020-05-28";"2020-05-29";"814.4393";"72.23";"0.24";"3112.2";"674";"1127.6069";"11962.3";"19856.18";"0";"0"
"E";"2020-05-27";"2020-05-28";"811.7655";"71.82";"0.2";"3027.48";"766.7";"1130.3009";"11957.61";"19855.44";"0";"0"
"E";"2020-05-26";"2020-05-27";"809.4891";"71.62";"0.27";"3443.95";"390.7";"1130.3009";"11957.9";"19849.68";"0";"0"
"E";"2020-05-25";"2020-05-26";"806.4038";"71.34";"0.33";"4168.23";"444.8";"1130.3009";"11988.16";"19849.18";"0";"0"
"E";"2020-05-24";"2020-05-25";"802.7048";"71.01";"0.39";"4611.7";"452";"1130.4605";"11991.06";"19851.94";"0";"0"
"E";"2020-05-23";"2020-05-24";"798.3186";"70.62";"0.43";"5187.8";"334.1";"1130.4605";"11991.44";"19846.97";"0";"0"
"E";"2020-05-22";"2020-05-23";"793.4565";"70.2";"0.44";"5311.82";"257.8";"1130.2572";"11966.86";"19849.65";"0";"0"
"E";"2020-05-21";"2020-05-22";"788.4556";"69.76";"0.37";"4484.09";"304.3";"1130.2572";"11972.31";"19844.45";"0";"0"
"E";"2020-05-20";"2020-05-21";"784.2667";"69.39";"0.23";"3966.83";"261.6";"1130.2573";"11972.58";"19843.75";"0";"0"
"E";"2020-05-19";"2020-05-20";"781.6641";"69.13";"0.3";"3786.66";"407.2";"1130.7276";"11967.97";"19841.98";"0";"0"
"E";"2020-05-18";"2020-05-19";"778.3039";"68.83";"0.34";"4097.02";"269";"1130.7276";"11968.51";"19840.92";"0";"0"
"E";"2020-05-17";"2020-05-18";"774.4521";"68.5";"0.41";"4744.6";"167.3";"1130.6402";"12002.48";"19823.65";"0";"0"
"E";"2020-05-16";"2020-05-17";"769.8684";"68.09";"0.36";"4387.03";"329.5";"1130.6402";"12002.97";"19823.37";"0";"0"
"E";"2020-05-15";"2020-05-16";"765.7442";"67.73";"0.24";"3510.44";"620.1";"1130.6402";"11957.47";"19835.04";"0";"0"
"E";"2020-05-14";"2020-05-15";"763.0521";"67.49";"0.21";"3436.29";"1002.8";"1130.6402";"11957.78";"19834.22";"0";"0"
"E";"2020-05-13";"2020-05-14";"760.6326";"67.27";"0.19";"3334.31";"1149.8";"1130.6402";"11958.14";"19833.27";"0";"0"
"E";"2020-05-12";"2020-05-13";"758.4621";"67.08";"0.14";"2968.37";"1333.9";"1130.6337";"11947.25";"19832.98";"0";"0"
"E";"2020-05-11";"2020-05-12";"756.8306";"66.94";"0.33";"4190.19";"556.1";"1130.6337";"11947.81";"19826.5";"0";"0"
"E";"2020-05-10";"2020-05-11";"753.1237";"66.61";"0.41";"5749.37";"131.3";"1130.6641";"11987.89";"19825.64";"0";"0"
"E";"2020-05-09";"2020-05-10";"748.4553";"66.2";"0.49";"5647.14";"115.7";"1130.6641";"11988.45";"19824.17";"0";"0"
"E";"2020-05-08";"2020-05-09";"742.8921";"65.7";"0.41";"4898.34";"248.8";"1130.6641";"11988.92";"19822.93";"0";"0"
"E";"2020-05-07";"2020-05-08";"738.2356";"65.29";"0.33";"4014.29";"301.9";"1130.6612";"11965.28";"19849.76";"0";"0"
"E";"2020-05-06";"2020-05-07";"734.5208";"64.96";"0.29";"3840.28";"585.4";"1130.6612";"11965.75";"19848.52";"0";"0"
"E";"2020-05-05";"2020-05-06";"731.2534";"64.67";"0.29";"3737.34";"433.6";"1130.6612";"11966.14";"19818.49";"0";"0"
"E";"2020-05-04";"2020-05-05";"727.9681";"64.38";"0.32";"4000.3";"372.5";"1130.6612";"11956.54";"19817.43";"0";"0"
"E";"2020-05-03";"2020-05-04";"724.3343";"64.07";"0.35";"4445.3";"448.8";"1130.5472";"11944.64";"19813.69";"0";"0"
"E";"2020-05-02";"2020-05-03";"720.3377";"63.72";"0.36";"4554.89";"365";"1130.5472";"11924.08";"19812.52";"0";"0"
"E";"2020-05-01";"2020-05-02";"716.2604";"63.36";"0.56";"4774";"531.6";"1130.5472";"11924.5";"19811.42";"0";"0"
"E";"2020-04-30";"2020-05-01";"709.9297";"62.78";"0.31";"4643.93";"323.5";"1130.8877";"11893.39";"19955.38";"0";"0"
"E";"2020-04-29";"2020-04-30";"706.438";"62.47";"0.31";"3933.3";"415.6";"1130.8877";"11893.67";"19954.64";"0";"0"
"E";"2020-04-28";"2020-04-29";"702.8977";"62.15";"0.26";"3517.42";"594.6";"1130.8877";"11940.67";"19954.13";"0";"0"
"E";"2020-04-27";"2020-04-28";"699.9373";"61.89";"0.29";"3645.9";"283.4";"1130.8877";"11940.93";"19953.44";"0";"0"
"E";"2020-04-26";"2020-04-27";"696.6012";"61.6";"0.35";"4315.8";"213.1";"1130.8459";"11940.59";"19951.6";"0";"0"
"E";"2020-04-25";"2020-04-26";"692.5996";"61.25";"0.37";"4539.35";"227";"1130.8459";"11940.93";"19950.7";"0";"0"
"E";"2020-04-24";"2020-04-25";"688.3671";"60.87";"0.36";"4278.67";"153.9";"1130.8459";"11941.35";"19949.61";"0";"0"
"E";"2020-04-23";"2020-04-24";"684.3271";"60.51";"0.91";"3803.04";"135.5";"1130.8459";"11941.66";"19948.79";"0";"0"
"E";"2020-04-22";"2020-04-23";"674.0614";"59.61";"-0.25";"3195.92";"329.6";"1130.8459";"11942.2";"19947.37";"0";"0"
"E";"2020-04-21";"2020-04-22";"676.9208";"59.86";"0.34";"4150.55";"188.5";"1130.8459";"11942.74";"19945.92";"0";"0"
"E";"2020-04-20";"2020-04-21";"673.0792";"59.52";"0.27";"4038.91";"291.7";"1130.8459";"11943.23";"19944.64";"0";"0"
"E";"2020-04-19";"2020-04-20";"670.0005";"59.25";"0.4";"4771.83";"221.1";"1130.8041";"11943.07";"19942.32";"0";"0"
"E";"2020-04-18";"2020-04-19";"665.5218";"58.85";"0.38";"4604.78";"304.5";"1130.8041";"11943.57";"19941";"0";"0"
"E";"2020-04-17";"2020-04-18";"661.1824";"58.47";"0.31";"3748.55";"237.5";"1130.8041";"11943.89";"19940.15";"0";"0"
"E";"2020-04-16";"2020-04-17";"657.712";"58.16";"0.29";"3468.87";"285.3";"1130.8041";"11944.07";"19939.69";"0";"0"
"E";"2020-04-15";"2020-04-16";"654.4831";"57.88";"0.21";"3018.78";"602.6";"1130.8041";"11944.16";"19939.45";"0";"0"
"E";"2020-04-14";"2020-04-15";"652.0928";"57.67";"0.27";"2934.74";"617.4";"1130.8041";"11944.39";"19938.83";"0";"0"
"E";"2020-04-13";"2020-04-14";"649.0719";"57.4";"0.27";"4179.79";"198.9";"1130.8041";"11944.76";"19937.87";"0";"0"
"E";"2020-04-12";"2020-04-13";"645.9644";"57.13";"0.46";"5097.93";"114";"1130.7395";"11944.26";"19934.96";"0";"0"
"E";"2020-04-11";"2020-04-12";"640.8174";"56.67";"0.38";"4643.58";"130.2";"1130.7395";"11944.67";"19933.89";"0";"0"
"E";"2020-04-10";"2020-04-11";"636.4942";"56.27";"0.35";"4262.28";"180.8";"1131.2088";"11956.29";"19944.52";"0";"0"
"E";"2020-04-09";"2020-04-10";"632.5731";"55.92";"0.32";"4050.71";"248.6";"1131.2088";"11956.71";"19943.42";"0";"0"
"E";"2020-04-08";"2020-04-09";"628.925";"55.6";"0.27";"3481.77";"332.9";"1131.2088";"11957.03";"19942.57";"0";"0"
"E";"2020-04-07";"2020-04-08";"625.8642";"55.33";"0.22";"2997.53";"415";"1131.2088";"11957.36";"19941.7";"0";"0"
"E";"2020-04-06";"2020-04-07";"623.3844";"55.11";"0.2";"2770.56";"480";"1131.2088";"11957.69";"19940.83";"0";"0"
"E";"2020-04-05";"2020-04-06";"621.1582";"54.84";"0.22";"3040.74";"509.7";"1132.724";"11958.29";"19940.24";"0";"0"
"E";"2020-04-04";"2020-04-05";"618.651";"54.62";"0.15";"2426";"732.8";"1132.724";"11958.39";"19939.98";"0";"0"
"E";"2020-04-03";"2020-04-04";"616.9061";"54.46";"0";"1586.27";"1494";"1132.724";"11958.43";"19939.87";"0";"0"
"E";"2020-04-02";"2020-04-03";"616.8513";"54.46";"0";"1245.19";"1784.5";"1132.724";"11958.48";"19939.74";"0";"0"
"E";"2020-04-01";"2020-04-02";"616.8787";"54.49";"0.09";"1834.87";"2653.3";"1132.056";"11947.25";"19912.24";"0";"0"
"E";"2020-03-31";"2020-04-01";"615.8062";"54.32";"-0.32";"574.7";"3994.4";"1133.6891";"11988.58";"19935.79";"0";"0"
"E";"2020-03-30";"2020-03-31";"619.3996";"54.62";"-0.19";"568.57";"3631.4";"1133.9932";"11947.5";"19950.37";"0";"0"
"E";"2020-03-29";"2020-03-30";"621.6017";"54.81";"-0.1";"830.89";"1964.8";"1134.007";"11947.49";"19951.28";"0";"0"
"E";"2020-03-28";"2020-03-29";"622.7343";"54.95";"-0.03";"928.24";"1283.3";"1133.177";"11769.95";"19680.19";"0";"0"
"E";"2020-03-27";"2020-03-28";"623.0789";"54.94";"-0.13";"611.98";"2103";"1134.007";"11947.33";"19951.71";"0";"0"
"E";"2020-03-26";"2020-03-27";"624.5714";"55.08";"-0.24";"488.25";"3237.8";"1134.007";"11947.18";"19952.11";"0";"0"
"E";"2020-03-25";"2020-03-26";"627.3276";"55.32";"-0.26";"468.1";"3426.4";"1134.007";"11947.02";"19952.51";"0";"0"
"E";"2020-03-24";"2020-03-25";"630.3091";"55.58";"-0.24";"531.91";"3188.3";"1134.0065";"11946.6";"19953.62";"0";"0"
"E";"2020-03-23";"2020-03-24";"632.9782";"55.82";"-0.24";"602.06";"3279.6";"1134.0065";"11946.38";"19954.22";"0";"0"
"E";"2020-03-22";"2020-03-23";"635.7275";"56.06";"-0.08";"1258.88";"2205.6";"1134.0026";"11946.27";"19954.25";"0";"0"
"E";"2020-03-21";"2020-03-22";"636.6722";"56.14";"0.05";"1680.54";"1754.9";"1134.0026";"11946.21";"19954.4";"0";"0"
"E";"2020-03-20";"2020-03-21";"636.1143";"56.25";"-0.05";"1192.31";"1783.5";"1130.8675";"11856.95";"19964.08";"0";"0"
"E";"2020-03-19";"2020-03-20";"636.7046";"56.3";"-0.1";"867.84";"2008.9";"1130.8674";"11856.27";"19965.84";"0";"0"
"E";"2020-03-18";"2020-03-19";"637.8341";"56.4";"-0.1";"750.76";"1882.7";"1130.8674";"11855.72";"19967.28";"0";"0"
"E";"2020-03-17";"2020-03-18";"638.9513";"56.5";"-0.12";"837.82";"2209.7";"1130.8674";"11855.15";"19968.8";"0";"0"
"E";"2020-03-16";"2020-03-17";"640.3144";"56.67";"-0.17";"739.48";"2684.7";"1129.9658";"11854.35";"19970.89";"0";"0"
"E";"2020-03-15";"2020-03-16";"642.277";"56.84";"-0.05";"897.69";"1979.7";"1129.9382";"11853.23";"19972.12";"0";"0"
"E";"2020-03-14";"2020-03-15";"642.8412";"56.89";"-0.15";"865.39";"2478.4";"1129.9382";"11852.54";"19973.96";"0";"0"
"E";"2020-03-13";"2020-03-14";"644.4851";"57.04";"-0.23";"391.71";"3025.9";"1129.9382";"11866.26";"19937.74";"0";"0"
"E";"2020-03-12";"2020-03-13";"647.1269";"57.27";"-0.13";"792.26";"2250.3";"1129.9382";"11851.23";"19977.4";"0";"0"
"E";"2020-03-11";"2020-03-12";"648.5719";"57.4";"-0.14";"863.41";"2496.5";"1129.9382";"11850.55";"19979.19";"0";"0"
"E";"2020-03-10";"2020-03-11";"650.206";"57.54";"-0.24";"532.19";"3235.5";"1129.9382";"11849.82";"20008.14";"0";"0"
"E";"2020-03-09";"2020-03-10";"652.9241";"57.78";"-0.34";"396.22";"3866.7";"1129.9382";"11849.1";"20010.02";"0";"0"
"E";"2020-03-08";"2020-03-09";"656.7644";"58.1";"-0.15";"875.24";"2527.2";"1130.3942";"11889.47";"20377.42";"0";"0"
"E";"2020-03-07";"2020-03-08";"658.413";"58.25";"-0.18";"578.52";"2991.5";"1130.3942";"11888.8";"20379.18";"0";"0"
"E";"2020-03-06";"2020-03-07";"660.4823";"58.43";"-0.36";"416.4";"4479";"1130.3941";"11887.7";"20382.06";"0";"0"
"E";"2020-03-05";"2020-03-06";"664.5606";"58.79";"-0.43";"328.4";"5190.4";"1130.3941";"11886.59";"20384.99";"0";"0"
"E";"2020-03-04";"2020-03-05";"669.4575";"59.25";"-0.46";"274.96";"5459.5";"1129.8919";"11901.47";"20411.3";"0";"0"
"E";"2020-03-03";"2020-03-04";"674.6701";"59.66";"-0.42";"291.54";"5065.6";"1130.7919";"11834.94";"20297.82";"0";"0"
"E";"2020-03-02";"2020-03-03";"679.4609";"60.09";"-0.43";"335.78";"5065.7";"1130.7919";"11834.9";"20218.31";"0";"0"
"E";"2020-03-01";"2020-03-02";"684.3587";"60.52";"-0.17";"940.92";"3343";"1130.7703";"11834.58";"20138.2";"0";"0"
"E";"2020-02-29";"2020-03-01";"686.2543";"60.73";"-0.21";"1050.66";"3389.7";"1129.9753";"11885.15";"20389.92";"0";"0"
"E";"2020-02-28";"2020-02-29";"688.6444";"60.94";"-0.45";"491.62";"5552.6";"1129.9753";"11885.16";"20303.88";"0";"0"
"E";"2020-02-27";"2020-02-28";"693.7583";"61.4";"-0.55";"280.66";"6612";"1129.9753";"11884.97";"20242.69";"0";"0"
"E";"2020-02-26";"2020-02-27";"699.9329";"61.94";"-0.51";"221.6";"6019.7";"1129.9752";"11884.62";"20391.29";"0";"0"
"E";"2020-02-25";"2020-02-26";"705.7424";"62.46";"-0.31";"440.44";"3943.4";"1129.9752";"11884.58";"20391.39";"0";"0"
"E";"2020-02-24";"2020-02-25";"709.2964";"62.77";"-0.3";"450.73";"3752.6";"1129.9752";"11884.49";"20391.62";"0";"0"
"E";"2020-02-23";"2020-02-24";"712.6942";"63.07";"-0.17";"799.54";"2664.9";"1129.9732";"11884.48";"20391.52";"0";"0"
"E";"2020-02-22";"2020-02-23";"714.5796";"63.24";"-0.21";"759.98";"3161.7";"1129.9732";"11884.51";"20391.46";"0";"0"
"E";"2020-02-21";"2020-02-22";"717.0058";"63.45";"-0.36";"521.86";"4597.6";"1129.9732";"11884.46";"20391.59";"0";"0"
"E";"2020-02-20";"2020-02-21";"721.1215";"63.82";"-0.35";"403.39";"4801.6";"1129.9735";"11884.41";"20391.72";"0";"0"
"E";"2020-02-19";"2020-02-20";"725.0605";"64.17";"-0.42";"382.22";"5096.9";"1129.9734";"11884.34";"20403.46";"0";"0"
"E";"2020-02-18";"2020-02-19";"729.7984";"64.59";"-0.38";"387.97";"4656.1";"1129.9734";"11884.33";"20403.48";"0";"0"
"E";"2020-02-17";"2020-02-18";"734.0642";"64.96";"-0.32";"353.22";"3902.3";"1129.9734";"11884.34";"20403.46";"0";"0"
"E";"2020-02-16";"2020-02-17";"737.6289";"65.28";"-0.15";"833.07";"2503.2";"1129.9734";"11884.29";"20403.57";"0";"0"
"E";"2020-02-15";"2020-02-16";"739.2953";"65.43";"-0.2";"688.96";"2946.4";"1129.9734";"11884.27";"20403.64";"0";"0"
"E";"2020-02-14";"2020-02-15";"741.5443";"65.62";"-0.43";"215.9";"5145.9";"1129.9734";"11883.89";"20404.64";"0";"0"
"E";"2020-02-13";"2020-02-14";"746.4323";"66.06";"-0.53";"254.31";"6180.4";"1129.9734";"11883.32";"20406.14";"0";"0"
"E";"2020-02-12";"2020-02-13";"752.3974";"66.59";"-0.5";"275.91";"5803.2";"1129.9734";"11882.76";"20407.63";"0";"0"
"E";"2020-02-11";"2020-02-12";"758.0185";"67.17";"-0.47";"219.85";"5467.4";"1128.4439";"11882.4";"20408.57";"0";"0"
"E";"2020-02-10";"2020-02-11";"763.2795";"67.55";"-0.34";"323.77";"4647.2";"1129.9734";"11882.21";"20409.07";"0";"0"
"E";"2020-02-09";"2020-02-10";"767.1215";"67.89";"-0.29";"630.5";"3865.6";"1129.9734";"11882.02";"20420.57";"0";"0"
"E";"2020-02-08";"2020-02-09";"770.3505";"68.17";"-0.4";"469.64";"4891.8";"1129.9734";"11881.69";"20421.43";"0";"0"
"E";"2020-02-07";"2020-02-08";"774.8668";"68.57";"-0.51";"184.72";"6031.4";"1129.9734";"11881.38";"20422.26";"0";"0"
"E";"2020-02-06";"2020-02-07";"780.665";"69.09";"-0.63";"193.53";"7306";"1129.9734";"11927.61";"20423.77";"0";"0"
"E";"2020-02-05";"2020-02-06";"787.8058";"69.72";"-0.55";"282.05";"6509.4";"1129.9734";"11880.2";"20425.38";"0";"0"
"E";"2020-02-04";"2020-02-05";"794.0407";"70.27";"-0.45";"249.27";"5336";"1129.9733";"11678.08";"20426.8";"0";"0"
"E";"2020-02-03";"2020-02-04";"799.1545";"70.72";"-0.37";"331.88";"4488.7";"1129.9733";"11879.38";"20427.52";"0";"0"
"E";"2020-02-02";"2020-02-03";"803.3191";"71.09";"-0.2";"831.61";"3064.1";"1129.9733";"11879.31";"20427.71";"0";"0"
"E";"2020-02-01";"2020-02-02";"805.5468";"71.29";"-0.18";"871.53";"3315";"1129.9733";"11879.24";"20427.9";"0";"0"
"E";"2020-01-31";"2020-02-01";"807.5919";"71.47";"-0.44";"479.36";"5060.7";"1129.9733";"11879.07";"20486.14";"0";"0"
"E";"2020-01-30";"2020-01-31";"812.5622";"71.97";"-0.49";"231.77";"6689.1";"1128.9733";"11878.59";"20487.42";"0";"0"
"E";"2020-01-29";"2020-01-30";"818.0579";"72.4";"-0.64";"194.48";"7444.1";"1129.9733";"11877.92";"20489.19";"0";"0"
"E";"2020-01-28";"2020-01-29";"825.2882";"73.04";"-0.73";"230.42";"7499.1";"1129.9733";"11877.42";"20490.49";"0";"0"
"E";"2020-01-27";"2020-01-28";"833.5269";"73.77";"-0.61";"255.39";"7121.7";"1129.9733";"11876.8";"20492.15";"0";"0"
"E";"2020-01-26";"2020-01-27";"840.425";"74.38";"-0.52";"396.65";"6257.6";"1129.9694";"11876.08";"20493.8";"0";"0"
"E";"2020-01-25";"2020-01-26";"846.3214";"74.9";"-0.61";"254.25";"7113.1";"1129.9694";"11875.39";"20495.61";"0";"0"
"E";"2020-01-24";"2020-01-25";"853.2052";"75.51";"-0.74";"219.2";"8576.6";"1129.9694";"11874.62";"20497.64";"0";"0"
"E";"2020-01-23";"2020-01-24";"861.5652";"76.25";"-0.74";"178.66";"8559.9";"1129.9693";"11873.9";"20499.53";"0";"0"
"E";"2020-01-22";"2020-01-23";"869.9594";"76.99";"-0.76";"201.59";"8729";"1129.9413";"11872.97";"20500.97";"0";"0"
"E";"2020-01-21";"2020-01-22";"878.534";"77.75";"-0.77";"184.96";"8868.7";"1129.9693";"11873.63";"20500.25";"0";"0"
"E";"2020-01-20";"2020-01-21";"887.2117";"78.52";"-0.68";"172.84";"8376.6";"1129.9693";"11873.06";"20501.75";"0";"0"
"E";"2020-01-19";"2020-01-20";"894.9291";"79.2";"-0.61";"187.7";"7016.6";"1129.9654";"11872.42";"20503.2";"0";"0"
"E";"2020-01-18";"2020-01-19";"901.7984";"79.81";"-0.55";"175.93";"6391.5";"1129.9654";"11871.88";"20504.63";"0";"0"
"E";"2020-01-17";"2020-01-18";"908.0663";"80.36";"-0.56";"135.2";"6440.5";"1129.9654";"11871.34";"20506.05";"0";"0"
"E";"2020-01-16";"2020-01-17";"914.3617";"80.92";"-0.55";"188.76";"6380.8";"1129.9654";"11870.79";"20507.49";"0";"0"
"E";"2020-01-15";"2020-01-16";"920.5596";"81.47";"-0.53";"229.28";"6154.6";"1129.9654";"11870.3";"20508.79";"0";"0"
"E";"2020-01-14";"2020-01-15";"926.5273";"82";"-0.53";"223.24";"6152.4";"1129.9654";"11869.8";"20510.1";"0";"0"
"E";"2020-01-13";"2020-01-14";"932.4796";"82.53";"-0.5";"259.26";"5899.3";"1129.9134";"11868.72";"20510.96";"0";"0"
"E";"2020-01-12";"2020-01-13";"938.1535";"83.03";"-0.42";"325.08";"5037.8";"1129.8859";"11867.97";"20511.2";"0";"0"
"E";"2020-01-11";"2020-01-12";"942.8671";"83.45";"-0.43";"296.31";"5159.8";"1129.8859";"11867.6";"20512.19";"0";"0"
"E";"2020-01-10";"2020-01-11";"947.7217";"83.88";"-0.43";"187.33";"5475.3";"1129.8859";"11867.15";"20513.37";"0";"0"
"E";"2020-01-09";"2020-01-10";"952.5388";"84.3";"-0.5";"216.47";"5870.7";"1129.8859";"11866.61";"20514.8";"0";"0"
"E";"2020-01-08";"2020-01-09";"958.1949";"84.8";"-0.53";"235.36";"6185.3";"1129.8859";"11866.15";"20516.01";"0";"0"
"E";"2020-01-07";"2020-01-08";"964.1846";"85.33";"-0.56";"262.45";"6624";"1129.9379";"11866.1";"20518.13";"0";"0"
"E";"2020-01-06";"2020-01-07";"970.5409";"85.9";"-0.52";"126.98";"6041.4";"1129.888";"11865.21";"20518.49";"0";"0"
"E";"2020-01-05";"2020-01-06";"976.4443";"86.42";"-0.39";"281.67";"4717.2";"1129.8998";"11865.01";"20519.76";"0";"0"
"E";"2020-01-04";"2020-01-05";"980.9069";"86.81";"-0.37";"315.24";"4587.9";"1129.8998";"11864.75";"20520.44";"0";"0"
"E";"2020-01-03";"2020-01-04";"985.1286";"87.19";"-0.4";"321.83";"4807.7";"1129.8998";"11864.31";"20521.61";"0";"0"
"E";"2020-01-02";"2020-01-03";"989.6235";"87.59";"-0.47";"325.91";"5797.1";"1129.8998";"11863.84";"20522.86";"0";"0"
"E";"2020-01-01";"2020-01-02";"994.9453";"88.06";"0";"509.22";"4647.2";"1129.8998";"11863.46";"20523.85";"0";"0"
"E";"2019-12-31";"2020-01-01";"998.8394";"88.4";"-0.28";"481.24";"3624.2";"1129.8998";"11863.17";"20540.61";"0";"0"
"E";"2019-12-30";"2019-12-31";"1001.988";"88.68";"-0.3";"391.59";"3751.5";"1129.8998";"11862.89";"20541.37";"0";"0"
"E";"2019-12-29";"2019-12-30";"1005.4233";"88.98";"-0.23";"553.4";"3114.3";"1129.8958";"11862.64";"20541.78";"0";"0"
"E";"2019-12-28";"2019-12-29";"1007.981";"89.21";"-0.18";"677.45";"2643.4";"1129.8958";"11862.5";"20542.14";"0";"0"
"E";"2019-12-27";"2019-12-28";"1010.0328";"89.39";"-0.15";"697.47";"2333.4";"1129.8958";"11862.37";"20542.49";"0";"0"
"E";"2019-12-26";"2019-12-27";"1011.7511";"89.54";"-0.04";"1022.18";"1439.5";"1129.8958";"11862.45";"20542.27";"0";"0"
"E";"2019-12-25";"2019-12-26";"1012.2048";"89.58";"0.01";"1158.25";"1032.4";"1129.8958";"11862.57";"20541.95";"0";"0"
"E";"2019-12-24";"2019-12-25";"1012.1142";"89.58";"0";"1344.89";"1299.5";"1129.8958";"11862.67";"20541.68";"0";"0"
"E";"2019-12-23";"2019-12-24";"1012.066";"89.57";"0";"1211.11";"1509.3";"1129.8958";"11862.71";"20541.59";"0";"0"
"E";"2019-12-22";"2019-12-23";"1012.1027";"89.57";"0.03";"1625.89";"1285.8";"1129.8978";"11862.9";"20541.21";"0";"0"
"E";"2019-12-21";"2019-12-22";"1011.7488";"89.54";"0.03";"1491.93";"1193.8";"1129.8978";"11863.08";"20540.74";"0";"0"
"E";"2019-12-20";"2019-12-21";"1011.4356";"89.52";"-0.06";"992.86";"1619.8";"1129.8978";"11863.12";"20540.64";"0";"0"
"E";"2019-12-19";"2019-12-20";"1012.0701";"89.57";"-0.07";"1079.75";"1853.5";"1129.8978";"11863.41";"20539.86";"0";"0"
"E";"2019-12-18";"2019-12-19";"1012.8398";"89.64";"-0.18";"498.76";"2535";"1129.8978";"11863.33";"20540.08";"0";"0"
"E";"2019-12-17";"2019-12-18";"1014.8886";"89.87";"-0.22";"612.23";"3051";"1129.2803";"11863.3";"20540.16";"0";"0"
"E";"2019-12-16";"2019-12-17";"1017.3286";"90.09";"-0.25";"463.54";"3296.3";"1129.2773";"11863.31";"20540.14";"0";"0"
"E";"2019-12-15";"2019-12-16";"1020.199";"90.34";"-0.11";"1075.9";"2339.5";"1129.2753";"11863.29";"20540.06";"0";"0"
"E";"2019-12-14";"2019-12-15";"1021.471";"90.45";"-0.15";"846.06";"2529.2";"1129.2753";"11863.35";"20539.89";"0";"0"
"E";"2019-12-13";"2019-12-14";"1023.158";"90.6";"-0.34";"404.71";"4199.2";"1129.2753";"11863.21";"20540.28";"0";"0"
"E";"2019-12-12";"2019-12-13";"1026.9839";"90.94";"-0.44";"303.78";"5192.8";"1129.2576";"11862.87";"20541.16";"0";"0"
"E";"2019-12-11";"2019-12-12";"1031.9303";"91.38";"-0.42";"268.48";"4918.4";"1129.2576";"11862.47";"20542.22";"0";"0"
"E";"2019-12-10";"2019-12-11";"1036.6232";"91.8";"-0.35";"346.98";"4286.2";"1129.2576";"11862.22";"20542.88";"0";"0"
"E";"2019-12-09";"2019-12-10";"1040.5622";"92.15";"-0.27";"530.15";"3585.1";"1129.2576";"11862.07";"20543.28";"0";"0"
"E";"2019-12-08";"2019-12-09";"1043.6051";"92.41";"-0.02";"1630.91";"1828.5";"1129.2655";"11862.52";"20542.59";"0";"0"
"E";"2019-12-07";"2019-12-08";"1043.7781";"92.43";"-0.13";"1052.53";"2532.6";"1129.2655";"11862.63";"20542.29";"0";"0"
"E";"2019-12-06";"2019-12-07";"1045.2687";"92.56";"-0.27";"528.24";"4133.6";"1129.2655";"11862.2";"20543.44";"0";"0"
"E";"2019-12-05";"2019-12-06";"1048.3326";"92.83";"-0.39";"258.48";"4688.7";"1129.2655";"11863.14";"20540.96";"0";"0"
"E";"2019-12-04";"2019-12-05";"1052.7912";"93.23";"-0.37";"361.46";"4492";"1129.2655";"11862.8";"20541.85";"0";"0"
"E";"2019-12-03";"2019-12-04";"1056.9312";"93.59";"-0.32";"435.9";"3976.6";"1129.2655";"11862.69";"20542.14";"0";"0"
"E";"2019-12-02";"2019-12-03";"1060.4904";"93.91";"-0.34";"217.53";"3881.9";"1129.2655";"11862.2";"20543.43";"0";"0"
"E";"2019-12-01";"2019-12-02";"1064.2946";"94.25";"0.03";"606.06";"2484.1";"1129.2773";"11862.31";"20543.89";"0";"0"
"E";"2019-11-30";"2019-12-01";"1063.91";"94.22";"-0.26";"602.31";"2106.5";"1129.1723";"11862.43";"20506.26";"0";"0"
"E";"2019-11-29";"2019-11-30";"1066.7951";"94.48";"-0.05";"554.62";"1719.9";"1129.1723";"11862.27";"20506.67";"0";"0"
"E";"2019-11-28";"2019-11-29";"1067.3902";"94.53";"-0.03";"989.46";"1357.8";"1129.1723";"11862.37";"20506.41";"0";"0"
"E";"2019-11-27";"2019-11-28";"1067.7534";"94.56";"-0.05";"1216.49";"1825.3";"1129.1723";"11862.81";"20505.27";"0";"0"
"E";"2019-11-26";"2019-11-27";"1068.3456";"94.61";"-0.07";"960.88";"1729.6";"1129.1698";"11887.38";"20506.4";"0";"0"
"E";"2019-11-25";"2019-11-26";"1069.116";"94.68";"-0.13";"684.73";"2208.5";"1129.1698";"11887.15";"20507.01";"0";"0"
"E";"2019-11-24";"2019-11-25";"1070.6391";"94.82";"-0.01";"1247.51";"1322.1";"1129.177";"11887.61";"20478.64";"0";"0"
"E";"2019-11-23";"2019-11-24";"1070.7169";"94.82";"-0.02";"1297.12";"1520.9";"1129.1638";"11887.82";"20478.09";"0";"0"
"E";"2019-11-22";"2019-11-23";"1070.9434";"94.84";"-0.21";"430.36";"2794.1";"1129.1528";"11887.32";"20479.43";"0";"0"
"E";"2019-11-21";"2019-11-22";"1073.3148";"95.06";"-0.36";"187.43";"4222.8";"1129.1291";"11886.56";"20481.43";"0";"0"
"E";"2019-11-20";"2019-11-21";"1077.3317";"95.41";"-0.43";"221.08";"4013";"1129.1291";"11885.77";"20483.5";"0";"0"
"E";"2019-11-19";"2019-11-20";"1082.1324";"95.84";"-0.32";"264.92";"3864.5";"1129.1156";"11885.18";"20485.07";"0";"0"
"E";"2019-11-18";"2019-11-19";"1085.749";"96.16";"-0.23";"314.67";"2906.5";"1129.1021";"11884.83";"20485.99";"0";"0"
"E";"2019-11-17";"2019-11-18";"1088.3338";"96.39";"-0.1";"535.97";"1662";"1129.069";"11884.55";"20485.49";"0";"0"
"E";"2019-11-16";"2019-11-17";"1089.4626";"96.49";"-0.13";"403.92";"1831.3";"1129.061";"11884.54";"20485.51";"0";"0"
"E";"2019-11-15";"2019-11-16";"1090.911";"96.62";"-0.14";"236.19";"2484.9";"1129.061";"11884.53";"20485.55";"0";"0"
"E";"2019-11-14";"2019-11-15";"1092.5137";"96.76";"-0.21";"247.87";"2606.3";"1129.061";"11874.46";"20329.02";"0";"0"
"E";"2019-11-13";"2019-11-14";"1094.8725";"96.97";"-0.19";"285.5";"2367.7";"1129.061";"11964.37";"20279.29";"0";"0"
"E";"2019-11-12";"2019-11-13";"1096.9843";"97.16";"-0.17";"282.77";"2163.7";"1129.061";"11964.38";"20279.25";"0";"0"
"E";"2019-11-11";"2019-11-12";"1098.87";"97.33";"-0.13";"355.83";"1784.7";"1129.061";"11967.19";"20290.48";"0";"0"
"E";"2019-11-10";"2019-11-11";"1100.3112";"97.45";"-0.02";"505.52";"754.4";"1129.0865";"11988.6";"20365.97";"0";"0"
"E";"2019-11-09";"2019-11-10";"1100.564";"97.47";"0";"674.42";"710.1";"1129.0865";"11988.62";"20365.92";"0";"0"
"E";"2019-11-08";"2019-11-09";"1100.604";"97.48";"-0.07";"310.65";"1192.8";"1129.0865";"11988.57";"20366.05";"0";"0"
"E";"2019-11-07";"2019-11-08";"1101.4393";"97.55";"-0.02";"279.36";"722";"1129.0865";"11988.55";"20366.09";"0";"0"
"E";"2019-11-06";"2019-11-07";"1101.6763";"97.57";"-0.03";"447.18";"556.5";"1129.0866";"11988.56";"20366.08";"0";"0"
"E";"2019-11-05";"2019-11-06";"1102.0239";"97.6";"-0.01";"496.86";"608.3";"1129.0845";"11988.55";"20366.09";"0";"0"
"E";"2019-11-04";"2019-11-05";"1102.1714";"97.62";"0.04";"805.74";"329.4";"1129.0001";"11988.59";"20366";"0";"0"
"E";"2019-11-03";"2019-11-04";"1101.6831";"97.58";"0.12";"1604.81";"267.6";"1129.0001";"11988.86";"20365.27";"0";"0"
"E";"2019-11-02";"2019-11-03";"1100.3317";"97.46";"0.13";"1834.38";"381.2";"1129.0001";"11989.24";"20364.26";"0";"0"
"E";"2019-11-01";"2019-11-02";"1098.8637";"97.32";"0.06";"647.77";"862.8";"1129.1028";"11989.28";"20364.18";"0";"0"
"E";"2019-10-31";"2019-11-01";"1098.1605";"97.27";"-0.36";"543.35";"2098.3";"1128.9889";"11989.23";"20364.29";"0";"0"
"E";"2019-10-30";"2019-10-31";"1102.1968";"97.63";"-0.11";"489.11";"1712.1";"1128.9889";"11988.92";"20365.12";"0";"0"
"E";"2019-10-29";"2019-10-30";"1103.405";"97.73";"-0.1";"417.81";"1524.6";"1128.9833";"11988.65";"20365.83";"0";"0"
"E";"2019-10-28";"2019-10-29";"1104.5378";"97.84";"0";"555.88";"835.2";"1128.9271";"11988.54";"20366.13";"0";"0"
"E";"2019-10-27";"2019-10-28";"1104.5617";"97.84";"0.11";"1341.4";"180.5";"1128.9192";"11988.45";"20365.87";"0";"0"
"E";"2019-10-26";"2019-10-27";"1103.3128";"97.65";"0.15";"1868.62";"148";"1129.866";"12157.38";"20633.35";"0";"0"
"E";"2019-10-25";"2019-10-26";"1101.6668";"97.59";"0.04";"904.41";"403.6";"1128.9032";"11988.57";"20365.54";"0";"0"
"E";"2019-10-24";"2019-10-25";"1101.162";"97.54";"0.05";"649.72";"371.1";"1128.902";"11988.58";"20365.52";"0";"0"
"E";"2019-10-23";"2019-10-24";"1100.6428";"97.5";"-0.06";"590.71";"476.8";"1128.902";"11988.57";"20365.55";"0";"0"
"E";"2019-10-22";"2019-10-23";"1101.3015";"97.56";"-0.01";"581.84";"651.5";"1128.896";"11988.57";"20365.55";"0";"0"
"E";"2019-10-21";"2019-10-22";"1101.3723";"97.56";"0.02";"713.74";"468.2";"1128.896";"11988.58";"20365.51";"0";"0"
"E";"2019-10-20";"2019-10-21";"1101.144";"97.54";"-0.02";"1474.63";"223.6";"1128.8763";"11988.56";"20320.19";"0";"0"
"E";"2019-10-19";"2019-10-20";"1101.4035";"97.57";"0.09";"1291.98";"225.4";"1128.8763";"11988.64";"20319.98";"0";"0"
"E";"2019-10-18";"2019-10-19";"1100.3575";"97.47";"0.01";"813.79";"691.9";"1128.8763";"11988.65";"20319.97";"0";"0"
"E";"2019-10-17";"2019-10-18";"1100.2592";"97.47";"0.03";"761.25";"498.5";"1128.875";"11988.66";"20319.95";"0";"0"
"E";"2019-10-16";"2019-10-17";"1099.9134";"97.44";"0.05";"876.47";"289.3";"1128.7998";"11975.67";"20273.49";"0";"0"
"E";"2019-10-15";"2019-10-16";"1099.3996";"97.46";"0.05";"898.15";"279.2";"1128.0648";"11964.73";"20234.07";"0";"0"
"E";"2019-10-14";"2019-10-15";"1098.8033";"97.41";"0.06";"1033.22";"310.1";"1128.0621";"11967.75";"20244.74";"0";"0"
"E";"2019-10-13";"2019-10-14";"1098.1648";"97.35";"0.18";"2190.22";"153.9";"1128.0817";"11989.39";"20291.76";"0";"0"
"E";"2019-10-12";"2019-10-13";"1096.1419";"97.17";"0.12";"1805.56";"455.9";"1128.0817";"11989.68";"20290.98";"0";"0"
"E";"2019-10-11";"2019-10-12";"1094.758";"97.05";"0.06";"1215.55";"550.6";"1128.0817";"11989.45";"20291.59";"0";"0"
"E";"2019-10-10";"2019-10-11";"1094.1185";"97";"0.58";"1071.81";"653.1";"1128.0037";"11988.64";"20286.62";"0";"0"
"E";"2019-10-09";"2019-10-10";"1087.5438";"97.28";"0.01";"954.82";"871.4";"1117.9722";"11988.45";"20287.12";"0";"0"
"E";"2019-10-08";"2019-10-09";"1087.4707";"97.27";"0.01";"833.94";"745.2";"1117.9673";"11988.39";"20287.27";"0";"0"
"E";"2019-10-07";"2019-10-08";"1087.4011";"97.27";"-0.05";"900.21";"862.4";"1117.9581";"11988.28";"20235.08";"0";"0"
"E";"2019-10-06";"2019-10-07";"1087.9604";"97.32";"0.15";"1829.42";"316.8";"1117.9521";"11988.53";"20234.66";"0";"0"
"E";"2019-10-05";"2019-10-06";"1086.3335";"97.17";"0.12";"1591.53";"298.2";"1117.9521";"11988.58";"20234.52";"0";"0"
"E";"2019-10-04";"2019-10-05";"1085.0216";"97.05";"0.01";"1090.64";"1020.9";"1117.9521";"11988.41";"20234.97";"0";"0"
"E";"2019-10-03";"2019-10-04";"1084.943";"97.05";"0.02";"1121.78";"933";"1117.8958";"11988.39";"20235.02";"0";"0"
"E";"2019-10-02";"2019-10-03";"1084.7558";"97.04";"0.12";"1347.65";"505";"1117.8958";"11988.41";"20234.97";"0";"0"
"E";"2019-10-01";"2019-10-02";"1083.3939";"96.92";"0.27";"1774.47";"317";"1117.8396";"11988.59";"20234.5";"0";"0"
"E";"2019-09-30";"2019-10-01";"1080.3771";"96.68";"0";"1786.11";"239.2";"1117.454";"11986.45";"20233.72";"0";"0"
"E";"2019-09-29";"2019-09-30";"1080.3918";"96.69";"0.23";"2719.61";"200";"1117.3684";"11985.63";"20230.8";"0";"0"
"E";"2019-09-28";"2019-09-29";"1077.8755";"96.47";"0.21";"2516.63";"199.7";"1117.3684";"11985.74";"20230.53";"0";"0"
"E";"2019-09-27";"2019-09-28";"1075.579";"96.26";"0.14";"1835.85";"294.2";"1117.3684";"11985.84";"20230.25";"0";"0"
"E";"2019-09-26";"2019-09-27";"1074.0232";"96.12";"0.11";"1629.13";"459.3";"1117.3413";"11631.26";"19599.52";"0";"0"
"E";"2019-09-25";"2019-09-26";"1072.8199";"96.02";"0.05";"1588.14";"1039.9";"1117.3413";"11631.26";"19599.52";"0";"0"
"E";"2019-09-24";"2019-09-25";"1072.2704";"95.97";"0.12";"1723.01";"701.2";"1117.3413";"11631.26";"19599.52";"0";"0"
"E";"2019-09-23";"2019-09-24";"1070.9174";"95.85";"0.1";"1784.72";"618.3";"1117.3413";"11985.77";"20230.44";"0";"0"
"E";"2019-09-22";"2019-09-23";"1069.7483";"95.74";"0.21";"2588.38";"247.3";"1117.3315";"11985.79";"20229.78";"0";"0"
"E";"2019-09-21";"2019-09-22";"1067.4401";"95.53";"0.2";"2587.39";"273.2";"1117.3315";"11985.77";"20229.83";"0";"0"
"E";"2019-09-20";"2019-09-21";"1065.1524";"95.33";"0.09";"1799.53";"660.5";"1117.3315";"11985.55";"20230.41";"0";"0"
"E";"2019-09-19";"2019-09-20";"1064.1433";"95.24";"0.05";"1691.53";"1094.4";"1117.3315";"11985.23";"20231.26";"0";"0"
"E";"2019-09-18";"2019-09-19";"1063.601";"95.2";"0.09";"1843.36";"796.7";"1117.2125";"11985.28";"20231.11";"0";"0"
"E";"2019-09-17";"2019-09-18";"1062.5962";"95.11";"0.14";"1920.49";"359";"1117.2125";"11985.29";"20231.09";"0";"0"
"E";"2019-09-16";"2019-09-17";"1061.0522";"94.97";"0.2";"2098.61";"303.5";"1117.2125";"11985.45";"20230.65";"0";"0"
"E";"2019-09-15";"2019-09-16";"1058.7833";"94.78";"0.25";"2944.65";"224.4";"1117.1269";"11986.03";"20230.13";"0";"0"
"E";"2019-09-14";"2019-09-15";"1056.0434";"94.53";"0.23";"2985.79";"346.6";"1117.1269";"11972.65";"20253.82";"0";"0"
"E";"2019-09-13";"2019-09-14";"1053.4351";"94.3";"0.16";"2210.51";"375.5";"1117.1269";"11972.73";"20253.6";"0";"0"
"E";"2019-09-12";"2019-09-13";"1051.6285";"94.14";"0.17";"2253.59";"302.1";"1117.1269";"11972.77";"20253.49";"0";"0"
"E";"2019-09-11";"2019-09-12";"1049.7036";"93.96";"0.16";"2207.57";"358.2";"1117.1269";"11972.82";"20253.36";"0";"0"
"E";"2019-09-10";"2019-09-11";"1047.8848";"93.81";"0.13";"2009.98";"536.3";"1117.0707";"11972.66";"20253.78";"0";"0"
"E";"2019-09-09";"2019-09-10";"1046.4202";"93.68";"0.1";"2030.83";"836.3";"1117.0707";"11972.6";"20253.95";"0";"0"
"E";"2019-09-08";"2019-09-09";"1045.2615";"93.59";"0.16";"2320.61";"457";"1116.7955";"11973.39";"20254.95";"0";"0"
"E";"2019-09-07";"2019-09-08";"1043.4286";"93.43";"0.15";"2255.77";"457.5";"1116.7955";"11973.48";"20254.72";"0";"0"
"E";"2019-09-06";"2019-09-07";"1041.724";"93.28";"0.15";"2174.71";"621.2";"1116.7955";"11973.45";"20254.79";"0";"0"
"E";"2019-09-05";"2019-09-06";"1040.0679";"93.15";"0.16";"2229.31";"430.3";"1116.5999";"11972.87";"20253.35";"0";"0"
"E";"2019-09-04";"2019-09-05";"1038.2305";"92.98";"0.19";"2448.12";"376.3";"1116.5999";"11972.92";"20253.23";"0";"0"
"E";"2019-09-03";"2019-09-04";"1036.1379";"92.79";"0.16";"2526.14";"448.8";"1116.5999";"11973.04";"20252.9";"0";"0"
"E";"2019-09-02";"2019-09-03";"1034.3428";"92.63";"0.22";"2563.96";"285.5";"1116.5999";"11973.14";"20252.65";"0";"0"
"E";"2019-09-01";"2019-09-02";"1031.9205";"92.42";"0.58";"3354.03";"257.5";"1116.5419";"11972.45";"20250.74";"0";"0"
"E";"2019-08-31";"2019-09-01";"1025.4499";"91.84";"0.21";"3284.31";"327.7";"1116.5419";"11972.45";"20250.74";"0";"0"
"E";"2019-08-30";"2019-08-31";"1023.1187";"91.63";"0.22";"2789.7";"324.8";"1116.5419";"11972.45";"20250.74";"0";"0"
"E";"2019-08-29";"2019-08-30";"1020.7119";"91.42";"0.19";"2534.26";"382.4";"1116.5419";"11972.47";"20250.69";"0";"0"
"E";"2019-08-28";"2019-08-29";"1018.6387";"91.25";"0.16";"2514.66";"647.7";"1116.2819";"11972.52";"20250.55";"0";"0"
"E";"2019-08-27";"2019-08-28";"1016.8211";"91.09";"0.16";"2573.25";"705.1";"1116.2319";"11972.52";"20250.55";"0";"0"
"E";"2019-08-26";"2019-08-27";"1015.0269";"90.93";"0.22";"3102.75";"510.8";"1116.3207";"11973.26";"20255.73";"0";"0"
"E";"2019-08-25";"2019-08-26";"1012.5357";"90.86";"0.32";"3750.62";"190.4";"1114.4089";"11972.64";"20249.38";"0";"0"
"E";"2019-08-24";"2019-08-25";"1009.0206";"90.54";"0.3";"3603.65";"216.9";"1114.4089";"11972.87";"20248.78";"0";"0"
"E";"2019-08-23";"2019-08-24";"1005.6962";"90.24";"0.16";"3574.87";"242.6";"1114.4089";"11973.02";"20248.37";"0";"0"
"E";"2019-08-22";"2019-08-23";"1003.8645";"90.15";"0.3";"3605.05";"262.4";"1113.5331";"11973.22";"20237.04";"0";"0"
"E";"2019-08-21";"2019-08-22";"1000.5247";"89.86";"0.31";"3662.12";"274";"1113.4537";"11973.31";"20236.8";"0";"0"
"E";"2019-08-20";"2019-08-21";"997.1132";"89.56";"0.29";"3657.69";"416.5";"1113.3142";"11973.53";"20236.22";"0";"0"
"E";"2019-08-19";"2019-08-20";"993.8797";"89.27";"0.37";"3958.53";"400";"1113.3142";"11973.64";"20235.93";"0";"0"
"E";"2019-08-18";"2019-08-19";"989.743";"88.89";"0.43";"4330.74";"292.9";"1113.4398";"11975.85";"20238.15";"0";"0"
"E";"2019-08-17";"2019-08-18";"984.9369";"88.46";"0.39";"4630.48";"314.5";"1113.4398";"11976.1";"20237.5";"0";"0"
"E";"2019-08-16";"2019-08-17";"980.6399";"88.07";"0.34";"4087.46";"327.8";"1113.4398";"11976.23";"20237.16";"0";"0"
"E";"2019-08-15";"2019-08-16";"976.879";"87.74";"0.34";"4079.08";"237.7";"1113.4398";"11976.39";"20236.72";"0";"0"
"E";"2019-08-14";"2019-08-15";"973.0461";"87.39";"0.29";"3650.63";"353.5";"1113.4398";"11976.49";"20236.46";"0";"0"
"E";"2019-08-13";"2019-08-14";"969.7951";"87.1";"0.27";"3655.46";"614";"1113.4398";"11976.57";"20236.27";"0";"0"
"E";"2019-08-12";"2019-08-13";"966.752";"86.83";"0.3";"3769.63";"418.2";"1113.4398";"11976.67";"20236";"0";"0"
"E";"2019-08-11";"2019-08-12";"963.459";"86.53";"0.39";"4639.83";"282";"1113.4843";"11977.55";"20236.52";"0";"0"
"E";"2019-08-10";"2019-08-11";"959.0721";"86.13";"0.38";"4809.19";"294.9";"1113.4843";"11977.78";"20235.9";"0";"0"
"E";"2019-08-09";"2019-08-10";"954.8903";"85.76";"0.38";"4244.6";"355.5";"1113.4843";"11978.01";"20235.31";"0";"0"
"E";"2019-08-08";"2019-08-09";"950.6655";"85.38";"0.31";"3813.49";"348.9";"1113.4843";"11978.33";"20234.45";"0";"0"
"E";"2019-08-07";"2019-08-08";"947.2225";"84.71";"0.33";"3910.65";"341.9";"1118.1843";"11978.65";"20233.61";"0";"0"
"E";"2019-08-06";"2019-08-07";"943.5812";"84.39";"0.3";"3819.63";"461";"1118.1843";"11978.95";"20232.83";"0";"0"
"E";"2019-08-05";"2019-08-06";"940.2634";"84.09";"0.3";"3684.54";"395.2";"1118.1843";"11979.05";"20232.55";"0";"0"
"E";"2019-08-04";"2019-08-05";"936.861";"83.8";"0.36";"4341.61";"283.3";"1118.0026";"11976.34";"20228.04";"0";"0"
"E";"2019-08-03";"2019-08-04";"932.8032";"83.52";"0.35";"4205.13";"333.9";"1116.8549";"11976.45";"20227.76";"0";"0"
"E";"2019-08-02";"2019-08-03";"928.9418";"83.17";"0.29";"3801.78";"493.5";"1116.8549";"11976.67";"20227.19";"0";"0"
"E";"2019-08-01";"2019-08-02";"925.6516";"82.88";"0.2";"3601.66";"615.4";"1116.8549";"11977.18";"20225.83";"0";"0"
"E";"2019-07-31";"2019-08-01";"923.4669";"82.7";"0.35";"3809.64";"553";"1116.6359";"11977.78";"20224.26";"0";"0"
"E";"2019-07-30";"2019-07-31";"919.5842";"82.35";"0.32";"4166.75";"382.4";"1116.6359";"11978.12";"20223.35";"0";"0"
"E";"2019-07-29";"2019-07-30";"915.9807";"82.05";"0.3";"3722.6";"310.4";"1116.4119";"11978.17";"20223.23";"0";"0"
"E";"2019-07-28";"2019-07-29";"912.6181";"82.1";"0.39";"4565.9";"165";"1111.6202";"11979.98";"20225.4";"0";"0"
"E";"2019-07-27";"2019-07-28";"908.2563";"81.71";"0.35";"4205.1";"239.6";"1111.6202";"11979.99";"20225.37";"0";"0"
"E";"2019-07-26";"2019-07-27";"904.3272";"81.36";"0.25";"3436.3";"594.6";"1111.5801";"11979.96";"20225.44";"0";"0"
"E";"2019-07-25";"2019-07-26";"901.5095";"80.96";"0.28";"3545.64";"444.9";"1113.4801";"11981.91";"20228.49";"0";"0"
"E";"2019-07-24";"2019-07-25";"898.4363";"80.69";"0.26";"3441.84";"484.7";"1113.4801";"11995.73";"20249.41";"0";"0"
"E";"2019-07-23";"2019-07-24";"895.4897";"80.42";"0.3";"3771.49";"463.3";"1113.4801";"11995.75";"20249.35";"0";"0"
"E";"2019-07-22";"2019-07-23";"892.201";"80.13";"0.28";"3637.41";"430.9";"1113.4801";"11995.75";"20249.37";"0";"0"
"E";"2019-07-21";"2019-07-22";"889.0308";"79.84";"0.38";"4474.29";"224.1";"1113.4473";"11995.34";"20248.34";"0";"0"
"E";"2019-07-20";"2019-07-21";"884.7826";"79.46";"0.36";"4394.56";"305.6";"1113.4473";"11995.4";"20248.18";"0";"0"
"E";"2019-07-19";"2019-07-20";"880.7415";"79.1";"0.26";"3581.76";"634";"1113.4473";"11995.34";"20248.33";"0";"0"
"E";"2019-07-18";"2019-07-19";"877.8406";"78.85";"0.26";"3567.32";"715";"1113.2473";"12010.61";"20248.3";"0";"0"
"E";"2019-07-17";"2019-07-18";"874.9741";"78.6";"0.23";"3467.16";"904.4";"1113.172";"11999.99";"20266.21";"0";"0"
"E";"2019-07-16";"2019-07-17";"872.3884";"78.37";"0.24";"3547.27";"833.3";"1113.172";"11995.41";"20266.14";"0";"0"
"E";"2019-07-15";"2019-07-16";"869.7305";"78.13";"0.32";"3994.56";"262.4";"1113.172";"11995.48";"20265.97";"0";"0"
"E";"2019-07-14";"2019-07-15";"866.1476";"77.81";"0.43";"5043.21";"191.9";"1113.1239";"12069.66";"20265.2";"0";"0"
"E";"2019-07-13";"2019-07-14";"861.3231";"77.38";"0.42";"4867.27";"230";"1113.1239";"12069.86";"20264.68";"0";"0"
"E";"2019-07-12";"2019-07-13";"856.6841";"76.96";"0.35";"4221.13";"262";"1113.1239";"12069.98";"20264.37";"0";"0"
"E";"2019-07-11";"2019-07-12";"852.7659";"76.61";"0.3";"3806.12";"454.6";"1113.1239";"12070.01";"20264.29";"0";"0"
"E";"2019-07-10";"2019-07-11";"849.3712";"76.31";"0.29";"3737";"468.2";"1113.1239";"12069.98";"20264.36";"0";"0"
"E";"2019-07-09";"2019-07-10";"846.1289";"76.03";"0.23";"3325.45";"658.2";"1112.8988";"12069.84";"20264.75";"0";"0"
"E";"2019-07-08";"2019-07-09";"843.5156";"75.8";"0.3";"3665.9";"451.6";"1112.7888";"12069.87";"20264.65";"0";"0"
"E";"2019-07-07";"2019-07-08";"840.2178";"75.51";"0.44";"5082.93";"191.8";"1112.7966";"12070.21";"20264.26";"0";"0"
"E";"2019-07-06";"2019-07-07";"835.3321";"75.07";"0.44";"4859.83";"269.3";"1112.7966";"12070.35";"20263.88";"0";"0"
"E";"2019-07-05";"2019-07-06";"830.4045";"74.62";"0.33";"4310.66";"297.6";"1112.7966";"12070.48";"20263.54";"0";"0"
"E";"2019-07-04";"2019-07-05";"826.7853";"74.3";"0.31";"3754.23";"300.5";"1112.7966";"12070.55";"20263.35";"0";"0"
"E";"2019-07-03";"2019-07-04";"823.3647";"73.99";"0.31";"3751.32";"587.9";"1112.7966";"12070.63";"20263.14";"0";"0"
"E";"2019-07-02";"2019-07-03";"819.9363";"73.68";"0.29";"3873.56";"469.8";"1112.799";"12070.76";"20263.01";"0";"0"
"E";"2019-07-01";"2019-07-02";"816.6866";"73.39";"0.37";"4410.21";"221.1";"1112.799";"12070.86";"20262.76";"0";"0"
"E";"2019-06-30";"2019-07-01";"812.5332";"73.12";"0.44";"5713.64";"531.5";"1111.1573";"12063.1";"20241.47";"0";"0"
"E";"2019-06-29";"2019-06-30";"807.5932";"72.68";"0.45";"5390.44";"332.3";"1111.1573";"12063.45";"20240.54";"0";"0"
"E";"2019-06-28";"2019-06-29";"802.5783";"72.23";"0.39";"4749.03";"414.5";"1111.1573";"12063.78";"20239.67";"0";"0"
"E";"2019-06-27";"2019-06-28";"798.2602";"71.85";"0.38";"4778.93";"508.2";"1111.058";"12064.15";"20238.69";"0";"0"
"E";"2019-06-26";"2019-06-27";"794.0241";"71.47";"0.39";"4856.21";"458.5";"1111.058";"12064.59";"20237.53";"0";"0"
"E";"2019-06-25";"2019-06-26";"789.6712";"71.07";"0.4";"4904.96";"503";"1111.058";"12065";"20236.45";"0";"0"
"E";"2019-06-24";"2019-06-25";"785.2702";"70.68";"0.39";"4697.43";"330.4";"1111.058";"12065.29";"20235.7";"0";"0"
"E";"2019-06-23";"2019-06-24";"780.9144";"70.29";"0.52";"5911.74";"148.1";"1111.0232";"12065.25";"20233.57";"0";"0"
"E";"2019-06-22";"2019-06-23";"775.1533";"69.77";"0.47";"5420.36";"221.1";"1111.0232";"12065.72";"20232.31";"0";"0"
"E";"2019-06-21";"2019-06-22";"769.9659";"69.3";"0.39";"4666.59";"313.4";"1111.0232";"12066.04";"20231.48";"0";"0"
"E";"2019-06-20";"2019-06-21";"765.6154";"68.91";"0.39";"4719.85";"364.7";"1111.0232";"12066.34";"20230.69";"0";"0"
"E";"2019-06-19";"2019-06-20";"761.2726";"68.52";"0.35";"4403.29";"450.7";"1111.0232";"12066.36";"20230.62";"0";"0"
"E";"2019-06-18";"2019-06-19";"757.333";"68.17";"0.37";"4538.43";"465.3";"1111.0232";"12066.62";"20229.95";"0";"0"
"E";"2019-06-17";"2019-06-18";"753.2541";"67.8";"0.42";"5210.14";"493.9";"1111.0232";"12066.98";"20228.99";"0";"0"
"E";"2019-06-16";"2019-06-17";"748.5474";"67.38";"0.47";"5703.23";"143.3";"1110.9459";"12066.17";"20226.16";"0";"0"
"E";"2019-06-15";"2019-06-16";"743.3503";"66.91";"0.49";"5664.04";"185.5";"1110.9459";"12066.55";"20225.16";"0";"0"
"E";"2019-06-14";"2019-06-15";"737.9138";"66.42";"0.39";"5116.36";"542.4";"1110.9459";"12066.89";"20224.26";"0";"0"
"E";"2019-06-13";"2019-06-14";"733.5547";"66.03";"0.4";"5012.33";"532.7";"1110.9459";"12067.2";"20223.44";"0";"0"
"E";"2019-06-12";"2019-06-13";"729.1107";"65.63";"0.39";"5014.31";"624.6";"1110.9458";"12067.52";"20222.59";"0";"0"
"E";"2019-06-11";"2019-06-12";"724.7613";"65.24";"0.38";"4804.78";"621.2";"1110.9458";"12067.84";"20221.74";"0";"0"
"E";"2019-06-10";"2019-06-11";"720.5547";"64.86";"0.44";"5361.24";"309.5";"1110.9458";"12068.19";"20220.8";"0";"0"
"E";"2019-06-09";"2019-06-10";"715.6523";"64.42";"0.48";"5692.01";"308.4";"1110.9864";"12069.24";"20220.65";"0";"0"
"E";"2019-06-08";"2019-06-09";"710.2771";"63.93";"0.49";"5718.01";"281.8";"1110.9864";"12069.63";"20219.61";"0";"0"
"E";"2019-06-07";"2019-06-08";"704.8472";"63.45";"0.44";"5273.97";"402.5";"1110.8764";"12070.05";"20218.51";"0";"0"
"E";"2019-06-06";"2019-06-07";"699.9754";"63.01";"0.43";"4903.75";"346.8";"1110.8764";"12030.48";"20217.37";"0";"0"
"E";"2019-06-05";"2019-06-06";"695.1613";"62.58";"0.39";"5040.94";"432.5";"1110.8764";"12030.96";"20216.11";"0";"0"
"E";"2019-06-04";"2019-06-05";"690.7815";"62.18";"0.42";"5152.58";"380.2";"1110.8764";"11957.92";"20214.88";"0";"0"
"E";"2019-06-03";"2019-06-04";"686.0637";"61.71";"0.46";"5444.2";"258.3";"1111.7507";"11958.36";"20213.74";"0";"0"
"E";"2019-06-02";"2019-06-03";"680.942";"61.24";"0.58";"6518.45";"98.3";"1111.8663";"11908.32";"20215.31";"0";"0"
"E";"2019-06-01";"2019-06-02";"674.5413";"60.67";"0.55";"6332.45";"138.5";"1111.8663";"11908.82";"20213.97";"0";"0"
"E";"2019-05-31";"2019-06-01";"668.4075";"60.27";"0.49";"5554.16";"139";"1109.0637";"11866.23";"20284.84";"0";"0"
"E";"2019-05-30";"2019-05-31";"662.9416";"59.77";"0.47";"5493.01";"307.6";"1109.0637";"11866.8";"20283.34";"0";"0"
"E";"2019-05-29";"2019-05-30";"657.752";"59.31";"0.38";"4531.11";"258.5";"1109.0637";"11867.18";"20282.34";"0";"0"
"E";"2019-05-28";"2019-05-29";"653.4837";"58.92";"0.33";"4132.25";"338.7";"1109.0637";"11867.56";"20281.32";"0";"0"
"E";"2019-05-27";"2019-05-28";"649.8033";"58.59";"0.4";"4807.46";"173";"1109.0636";"12023.02";"20206.61";"0";"0"
"E";"2019-05-26";"2019-05-27";"645.3806";"58.19";"0.58";"5870.56";"102.6";"1109.0829";"12023.86";"20205.61";"0";"0"
"E";"2019-05-25";"2019-05-26";"638.9046";"57.61";"0.49";"5593.43";"119.1";"1109.0829";"12024.38";"20204.26";"0";"0"
"E";"2019-05-24";"2019-05-25";"633.4193";"57.11";"0.45";"5160.08";"131.1";"1109.0829";"12011.83";"20156.63";"0";"0"
"E";"2019-05-23";"2019-05-24";"628.408";"56.66";"0.41";"4799.52";"260.1";"1109.0829";"12001.03";"20116.85";"0";"0"
"E";"2019-05-22";"2019-05-23";"623.8824";"56.25";"0.39";"4597.63";"285.3";"1109.0829";"12001.35";"20115.99";"0";"0"
"E";"2019-05-21";"2019-05-22";"619.5249";"55.86";"0.38";"4424.62";"225.9";"1109.0829";"12001.73";"20115";"0";"0"
"E";"2019-05-20";"2019-05-21";"615.2967";"55.48";"0.37";"4377.03";"321.8";"1109.0829";"12004.99";"20125.02";"0";"0"
"E";"2019-05-19";"2019-05-20";"611.2092";"55.11";"0.44";"5149.38";"290.9";"1109.0114";"11996.32";"20197.17";"0";"0"
"E";"2019-05-18";"2019-05-19";"606.3012";"54.67";"0.44";"5044.04";"280.9";"1109.0114";"11996.74";"20196.07";"0";"0"
"E";"2019-05-17";"2019-05-18";"601.4611";"54.23";"0.3";"3814.45";"557.9";"1109.0114";"11996.93";"20195.56";"0";"0"
"E";"2019-05-16";"2019-05-17";"598.0818";"53.93";"0.24";"3185.2";"459.2";"1109.0114";"11997.07";"20195.18";"0";"0"
"E";"2019-05-15";"2019-05-16";"595.3857";"53.69";"0.22";"2977.4";"555";"1109.0114";"11997.32";"20194.52";"0";"0"
"E";"2019-05-14";"2019-05-15";"592.9545";"53.49";"0.25";"3366.03";"571.3";"1108.4571";"11997.57";"20193.86";"0";"0"
"E";"2019-05-13";"2019-05-14";"590.1492";"53.24";"0.26";"3354.99";"567.3";"1108.4571";"11997.86";"20193.08";"0";"0"
"E";"2019-05-12";"2019-05-13";"587.3065";"52.98";"0.36";"4315.26";"309.6";"1108.5634";"11999.83";"20194.71";"0";"0"
"E";"2019-05-11";"2019-05-12";"583.3131";"52.62";"0.36";"4368.13";"415.8";"1108.5634";"12000.12";"20193.93";"0";"0"
"E";"2019-05-10";"2019-05-11";"579.3225";"52.26";"0.28";"3849.11";"743.9";"1108.5633";"12000.29";"20193.48";"0";"0"
"E";"2019-05-09";"2019-05-10";"576.2299";"51.98";"0.26";"3751.88";"894.9";"1108.5631";"11954.5";"20192.87";"0";"0"
"E";"2019-05-08";"2019-05-09";"573.3523";"51.72";"0.27";"3467.98";"426.4";"1108.5631";"11954.63";"20192.51";"0";"0"
"E";"2019-05-07";"2019-05-08";"570.313";"51.45";"0.22";"3304.67";"807.8";"1108.5631";"11954.63";"20192.51";"0";"0"
"E";"2019-05-06";"2019-05-07";"567.8192";"51.22";"0.18";"2983.43";"1024.2";"1108.5631";"11954.7";"20192.34";"0";"0"
"E";"2019-05-05";"2019-05-06";"565.8727";"51.05";"0.32";"4036.46";"454.5";"1108.5591";"11954.93";"20191.47";"0";"0"
"E";"2019-05-04";"2019-05-05";"562.3555";"50.73";"0.36";"4348.05";"280.8";"1108.5589";"11955.19";"20190.75";"0";"0"
"E";"2019-05-03";"2019-05-04";"558.3286";"50.36";"0.35";"4217.22";"464.3";"1108.736";"11955.35";"20190.28";"0";"0"
"E";"2019-05-02";"2019-05-03";"554.4487";"50.01";"0.36";"4312.73";"316.3";"1108.7353";"11906.99";"20189.8";"0";"0"
"E";"2019-05-01";"2019-05-02";"550.4622";"49.65";"0.44";"5279.09";"246.8";"1108.7353";"11907.25";"20189";"0";"0"
"E";"2019-04-30";"2019-05-01";"545.5536";"49.2";"0.29";"3757.43";"526.6";"1108.7477";"11888.1";"20274.52";"0";"0"
"E";"2019-04-29";"2019-04-30";"542.3535";"48.92";"0.26";"3538.69";"660.5";"1108.7477";"11888.2";"20274.28";"0";"0"
"E";"2019-04-28";"2019-04-29";"539.5228";"48.66";"0.36";"4491.47";"410.9";"1108.6956";"11887.62";"20272.4";"0";"0"
"E";"2019-04-27";"2019-04-28";"535.4887";"48.3";"0.43";"4958.25";"202.4";"1108.6956";"11887.91";"20271.62";"0";"0"
"E";"2019-04-26";"2019-04-27";"530.7327";"47.87";"0.43";"4850.96";"378.9";"1108.6956";"11888.17";"20270.96";"0";"0"
"E";"2019-04-25";"2019-04-26";"525.9931";"47.44";"0.43";"5013.46";"239.7";"1108.6956";"11888.46";"20275.48";"0";"0"
"E";"2019-04-24";"2019-04-25";"521.267";"47.02";"0.46";"5258.83";"169.8";"1108.6956";"11889";"20274.04";"0";"0"
"E";"2019-04-23";"2019-04-24";"516.1629";"46.56";"0.45";"5163.09";"207.3";"1108.6956";"11889.39";"20273.02";"0";"0"
"E";"2019-04-22";"2019-04-23";"511.1763";"46.11";"0.58";"6513.68";"108";"1108.6956";"11889.84";"20271.91";"0";"0"
"E";"2019-04-21";"2019-04-22";"504.7394";"45.53";"0.58";"6492.41";"85";"1108.6627";"11889.79";"20269.93";"0";"0"
"E";"2019-04-20";"2019-04-21";"498.2976";"44.95";"0.52";"5873.57";"145.8";"1108.6627";"11890.23";"20273.97";"0";"0"
"E";"2019-04-19";"2019-04-20";"492.4844";"44.42";"0.47";"5448.22";"197.6";"1108.6627";"11890.62";"20272.9";"0";"0"
"E";"2019-04-18";"2019-04-19";"487.2423";"43.95";"0.37";"4505.41";"326.7";"1108.6627";"11891.11";"20271.52";"0";"0"
"E";"2019-04-17";"2019-04-18";"483.109";"43.58";"0.25";"3392.99";"516";"1108.6627";"11866.39";"20270.74";"0";"0"
"E";"2019-04-16";"2019-04-17";"480.3359";"43.33";"0.18";"2969.25";"938.8";"1108.6627";"11866.84";"20269.69";"0";"0"
"E";"2019-04-15";"2019-04-16";"478.3079";"43.14";"1.38";"2212.62";"847.1";"1108.6627";"11866.99";"20275.26";"0";"0"
"E";"2019-04-14";"2019-04-15";"463.0402";"41.82";"-1.13";"2267.65";"1019.1";"1107.2917";"11865.64";"20233.28";"0";"0"
"E";"2019-04-13";"2019-04-14";"475.5362";"42.95";"0.09";"2186.74";"1204.3";"1107.2917";"11865.73";"20247.32";"0";"0"
"E";"2019-04-12";"2019-04-13";"474.5573";"42.86";"-0.02";"1845.34";"2011.8";"1107.2917";"11865.77";"20247.22";"0";"0"
"E";"2019-04-11";"2019-04-12";"474.7658";"44.85";"0.03";"1907.26";"1639";"1058.4803";"11865.75";"20247.26";"0";"0"
"E";"2019-04-10";"2019-04-11";"474.4709";"44.82";"0.08";"2196.53";"1380.9";"1058.5257";"11892.64";"20265.73";"0";"0"
"E";"2019-04-09";"2019-04-10";"473.6493";"44.75";"0.13";"2186.47";"832";"1058.5257";"11892.81";"20265.3";"0";"0"
"E";"2019-04-08";"2019-04-09";"472.3013";"44.62";"0.16";"2166.14";"496.8";"1058.5257";"11892.94";"20264.87";"0";"0"
"E";"2019-04-07";"2019-04-08";"470.5836";"44.45";"0.29";"3349.32";"269.3";"1058.6049";"11864.81";"20248";"0";"0"
"E";"2019-04-06";"2019-04-07";"467.4853";"44.16";"0.24";"2905.93";"405.7";"1058.6049";"11865.07";"20247.35";"0";"0"
"E";"2019-04-05";"2019-04-06";"464.9704";"43.92";"0.04";"1907.65";"1470.2";"1058.6049";"11865.11";"20254.62";"0";"0"
"E";"2019-04-04";"2019-04-05";"464.5317";"43.88";"-0.12";"1942.16";"2112.6";"1058.6049";"11865.02";"20275.85";"0";"0"
"E";"2019-04-03";"2019-04-04";"465.7695";"44";"0.07";"2104.18";"1435.2";"1058.6049";"11865.25";"20275.27";"0";"0"
"E";"2019-04-02";"2019-04-03";"465.0355";"43.93";"1.79";"2574.12";"781.9";"1058.6049";"11865.45";"20274.75";"0";"0"
"E";"2019-04-01";"2019-04-02";"446.0338";"44";"0.49";"2263.88";"731.6";"1013.687";"11519.26";"19693.98";"0";"0"
"E";"2019-03-31";"2019-04-01";"441.0747";"41.39";"-1.65";"2497.09";"601.4";"1065.571";"11491.48";"19677.97";"0";"0"
"E";"2019-03-30";"2019-03-31";"458.6639";"41.28";"0.2";"2731.52";"521.8";"1111.1177";"11668.68";"19956.02";"0";"0"
"E";"2019-03-29";"2019-03-30";"456.4818";"41.05";"0.08";"1868.88";"964.8";"1111.9792";"11845.15";"20241.02";"0";"0"
"E";"2019-03-28";"2019-03-29";"455.5469";"40.9";"-0.02";"1176.62";"1423.3";"1113.7792";"11881.57";"20311.24";"0";"0"
"E";"2019-03-27";"2019-03-28";"455.7984";"40.92";"-0.07";"1118.24";"1917.8";"1113.7792";"11881.5";"20311.32";"0";"0"
"E";"2019-03-26";"2019-03-27";"456.6333";"41";"-0.05";"1450.94";"2018.9";"1113.7792";"11881.87";"20310.39";"0";"0"
"E";"2019-03-25";"2019-03-26";"457.1736";"41.05";"0.22";"1730.2";"1570.6";"1113.7792";"11882.73";"20316.06";"0";"0"
"E";"2019-03-24";"2019-03-25";"454.7648";"40.83";"0.02";"3059.11";"978";"1113.7978";"11883.57";"20314.86";"0";"0"
"E";"2019-03-23";"2019-03-24";"454.5927";"40.81";"0.16";"2848.92";"1024.2";"1113.7978";"11884.19";"20313.26";"0";"0"
"E";"2019-03-22";"2019-03-23";"452.7735";"40.65";"0.04";"1734.09";"1328.5";"1113.7978";"11884.69";"20311.85";"0";"0"
"E";"2019-03-21";"2019-03-22";"452.3499";"40.61";"-0.07";"1230.25";"2044.9";"1113.7978";"11885.09";"20310.83";"0";"0"
"E";"2019-03-20";"2019-03-21";"453.1498";"40.69";"-0.15";"989.95";"2622.7";"1113.7978";"11885.22";"20310.44";"0";"0"
"E";"2019-03-19";"2019-03-20";"454.7946";"40.85";"-0.2";"979.78";"3201.5";"1113.2385";"11873.92";"20298.96";"0";"0"
"E";"2019-03-18";"2019-03-19";"457.047";"41.06";"-0.18";"1076.73";"3065.4";"1113.2385";"11874.3";"20294.66";"0";"0"
"E";"2019-03-17";"2019-03-18";"459.0411";"41.23";"0.04";"1720.66";"1382.6";"1113.3045";"11875.65";"20294.7";"0";"0"
"E";"2019-03-16";"2019-03-17";"458.5671";"41.19";"0.02";"1724.68";"1337.8";"1113.3045";"11876.18";"20293.29";"0";"0"
"E";"2019-03-15";"2019-03-16";"458.3445";"41.17";"-0.05";"1232.23";"1794";"1113.3045";"11876.68";"20291.99";"0";"0"
"E";"2019-03-14";"2019-03-15";"458.9121";"41.22";"-0.16";"976.64";"2698.8";"1113.3045";"11876.83";"20291.58";"0";"0"
"E";"2019-03-13";"2019-03-14";"460.638";"41.38";"-0.2";"847.48";"3026.4";"1113.3045";"11876.46";"20292.62";"0";"0"
"E";"2019-03-12";"2019-03-13";"462.8326";"41.57";"-0.21";"707.61";"3027.5";"1113.3045";"11876.13";"20312.88";"0";"0"
"E";"2019-03-11";"2019-03-12";"465.162";"41.78";"-0.16";"859.99";"2627.4";"1113.3045";"11876.07";"20313.07";"0";"0"
"E";"2019-03-10";"2019-03-11";"466.9353";"41.94";"0.02";"1497.99";"1230.4";"1113.2117";"11875";"20310.72";"0";"0"
"E";"2019-03-09";"2019-03-10";"466.675";"41.92";"0.03";"1374.55";"1053.6";"1113.2117";"11875.18";"20310.32";"0";"0"
"E";"2019-03-08";"2019-03-09";"466.3289";"41.89";"-0.06";"1072.38";"1718.5";"1113.2117";"11875.27";"20310.07";"0";"0"
"E";"2019-03-07";"2019-03-08";"466.9849";"41.95";"-0.08";"1296.63";"2020.8";"1113.2117";"11875.36";"20309.82";"0";"0"
"E";"2019-03-06";"2019-03-07";"467.8396";"42.03";"-0.07";"1271.21";"1946.2";"1113.2117";"11875.52";"20309.38";"0";"0"
"E";"2019-03-05";"2019-03-06";"468.6372";"42.1";"-0.12";"1158.08";"2459.9";"1113.2117";"11875.57";"20309.28";"0";"0"
"E";"2019-03-04";"2019-03-05";"469.9562";"42.22";"-0.08";"1292.35";"2088.2";"1113.2117";"11875.35";"20309.85";"0";"0"
"E";"2019-03-03";"2019-03-04";"470.8121";"42.29";"0.04";"1770.92";"1352.7";"1113.1828";"11875.11";"20308.87";"0";"0"
"E";"2019-03-02";"2019-03-03";"470.3943";"42.26";"0.03";"1665.26";"1305.2";"1113.1828";"11875.16";"20308.8";"0";"0"
"E";"2019-03-01";"2019-03-02";"470.041";"42.22";"-0.12";"939.29";"2222.4";"1113.1828";"11875.06";"20309.04";"0";"0"
"E";"2019-02-28";"2019-03-01";"471.3267";"42.34";"-0.19";"900.73";"2791.1";"1113.1828";"11868.55";"20343.42";"0";"0"
"E";"2019-02-27";"2019-02-28";"473.4398";"42.53";"-0.18";"702.57";"2627.6";"1113.1828";"11868.36";"20343.93";"0";"0"
"E";"2019-02-26";"2019-02-27";"475.4128";"42.71";"-0.17";"666.52";"2943.9";"1113.1828";"11868.16";"20344.45";"0";"0"
"E";"2019-02-25";"2019-02-26";"477.3255";"42.88";"-0.27";"736.38";"3574.1";"1113.1828";"11867.98";"20344.85";"0";"0"
"E";"2019-02-24";"2019-02-25";"480.3183";"43.15";"-0.18";"1097.06";"3041.5";"1113.2096";"11868.15";"20345.89";"0";"0"
"E";"2019-02-23";"2019-02-24";"482.2954";"43.32";"-0.18";"1017.74";"2951.8";"1113.2096";"11868.04";"20346.17";"0";"0"
"E";"2019-02-22";"2019-02-23";"484.2746";"43.5";"0.12";"663.58";"3428.7";"1113.2096";"11868.02";"20346.24";"0";"0"
"E";"2019-02-21";"2019-02-22";"482.903";"43.58";"-1.32";"720.11";"3358.6";"1108.2096";"11867.62";"19987.28";"0";"0"
"E";"2019-02-20";"2019-02-21";"497.538";"44.69";"-0.29";"431.71";"3530.6";"1113.2096";"11867.24";"20355.76";"0";"0"
"E";"2019-02-19";"2019-02-20";"500.7326";"44.98";"-0.26";"522.23";"3418.8";"1113.2096";"11866.97";"20356.48";"0";"0"
"E";"2019-02-18";"2019-02-19";"503.6499";"45.24";"0.11";"534.7";"3300.5";"1113.2096";"11868.43";"20357.42";"0";"0"
"E";"2019-02-17";"2019-02-18";"502.4509";"45.14";"-0.48";"1225.1";"2507";"1113.1663";"11867.67";"20357.09";"0";"0"
"E";"2019-02-16";"2019-02-17";"507.8117";"45.62";"-0.16";"1065.73";"2843.7";"1113.1663";"11867.47";"20357.74";"0";"0"
"E";"2019-02-15";"2019-02-16";"509.6433";"45.78";"-0.32";"584.74";"3923.3";"1113.1663";"11866.96";"20358.94";"0";"0"
"E";"2019-02-14";"2019-02-15";"513.1575";"46.1";"-0.39";"329.92";"4589.5";"1113.1663";"11865.97";"20361.83";"0";"0"
"E";"2019-02-13";"2019-02-14";"517.4869";"46.49";"-0.46";"300.9";"5264.4";"1113.1663";"11865.63";"20363.07";"0";"0"
"E";"2019-02-12";"2019-02-13";"522.6178";"46.95";"-0.45";"346.18";"5297.4";"1113.1663";"11864.88";"20368.39";"0";"0"
"E";"2019-02-11";"2019-02-12";"527.6168";"47.4";"-0.51";"310.85";"5838.2";"1113.1663";"11864.4";"20369.88";"0";"0"
"E";"2019-02-10";"2019-02-11";"533.3342";"47.91";"-0.26";"660.55";"3538.4";"1113.1725";"11864.02";"20371.43";"0";"0"
"E";"2019-02-09";"2019-02-10";"536.2444";"48.17";"-0.27";"723.22";"3762.2";"1113.1725";"11863.63";"20372.75";"0";"0"
"E";"2019-02-08";"2019-02-09";"539.302";"48.45";"-0.4";"460.8";"4818.8";"1113.1725";"11863.03";"20374.44";"0";"0"
"E";"2019-02-07";"2019-02-08";"543.7703";"48.85";"-0.07";"308.17";"5194.2";"1113.1725";"11848.25";"20376.16";"0";"0"
"E";"2019-02-06";"2019-02-07";"544.594";"49.14";"-0.9";"268.31";"6174";"1108.1725";"11847.89";"20017.29";"0";"0"
"E";"2019-02-05";"2019-02-06";"554.548";"49.82";"-0.59";"221.3";"6743";"1113.1725";"11847.18";"20378.74";"0";"0"
"E";"2019-02-04";"2019-02-05";"561.0861";"50.4";"-0.61";"206.88";"7001.3";"1113.1725";"11846.49";"20380.7";"0";"0"
"E";"2019-02-03";"2019-02-04";"567.8978";"51.02";"-0.44";"375.61";"5336.2";"1113.1704";"11845.81";"20382.41";"0";"0"
"E";"2019-02-02";"2019-02-03";"572.8444";"51.46";"-0.46";"501.9";"5413.4";"1113.1704";"11845.12";"20384.23";"0";"0"
"E";"2019-02-01";"2019-02-02";"577.9804";"51.92";"-0.62";"228.92";"7048.8";"1113.1704";"11844.36";"20386.27";"0";"0"
"E";"2019-01-31";"2019-02-01";"584.8362";"52.54";"-0.72";"208.62";"8067.1";"1113.1704";"11845.33";"20426.21";"0";"0"
"E";"2019-01-30";"2019-01-31";"592.8086";"53.25";"-0.72";"212.54";"8166.5";"1113.1704";"11844.76";"20427.78";"0";"0"
"E";"2019-01-29";"2019-01-30";"600.7965";"53.97";"-0.68";"256.06";"7763.2";"1113.1704";"11844.2";"20429.42";"0";"0"
"E";"2019-01-28";"2019-01-29";"608.3469";"54.65";"-0.63";"251.46";"7214.3";"1113.1704";"11828.55";"20431.66";"0";"0"
"E";"2019-01-27";"2019-01-28";"615.3748";"55.28";"-0.4";"759.37";"5177";"1113.1746";"11819.13";"20433.13";"0";"0"
"E";"2019-01-26";"2019-01-27";"619.7954";"55.68";"-0.45";"894.35";"5816.9";"1113.1746";"11818.67";"20434.5";"0";"0"
"E";"2019-01-25";"2019-01-26";"624.8415";"56.13";"-0.73";"390.23";"8429.2";"1113.1746";"11818.15";"20435.81";"0";"0"
"E";"2019-01-24";"2019-01-25";"632.9298";"56.86";"-0.42";"164.61";"9356.8";"1113.1746";"11817.54";"20437.55";"0";"0"
"E";"2019-01-23";"2019-01-24";"637.6092";"57.54";"-1.25";"171.79";"9242.8";"1108.1746";"11816.89";"20079.34";"0";"0"
"E";"2019-01-22";"2019-01-23";"651.4284";"58.52";"-0.82";"162.22";"9287.2";"1113.1746";"11807.53";"20441.04";"0";"0"
"E";"2019-01-21";"2019-01-22";"660.5889";"59.34";"-0.78";"193.16";"8825.9";"1113.1746";"11815.64";"20442.87";"0";"0"
"E";"2019-01-20";"2019-01-21";"669.2957";"60.13";"-0.63";"252.89";"7174.6";"1113.1478";"11814.63";"20492.67";"0";"0"
"E";"2019-01-19";"2019-01-20";"676.2688";"60.75";"-0.6";"257.13";"6937.5";"1113.1478";"11813.99";"20494.46";"0";"0"
"E";"2019-01-18";"2019-01-19";"682.9845";"61.36";"-0.66";"215.04";"7515";"1113.1478";"11814.13";"20494.24";"0";"0"
"E";"2019-01-17";"2019-01-18";"690.339";"62.02";"-0.56";"348.48";"6383.7";"1113.1478";"11813.35";"20496.38";"0";"0"
"E";"2019-01-16";"2019-01-17";"696.6277";"62.58";"-0.53";"371.38";"6289.7";"1113.1478";"11812.6";"20499.48";"0";"0"
"E";"2019-01-15";"2019-01-16";"702.5552";"63.11";"-0.45";"252.93";"5728.4";"1113.1478";"11811.76";"20501.82";"0";"0"
"E";"2019-01-14";"2019-01-15";"707.5361";"63.85";"-0.8";"381.97";"4322.6";"1108.1478";"11813.99";"20143.67";"0";"0"
"E";"2019-01-13";"2019-01-14";"716.4189";"64.37";"-0.17";"901.61";"2743.4";"1112.9166";"11803.33";"20503.05";"0";"0"
"E";"2019-01-12";"2019-01-13";"718.2653";"64.54";"-0.25";"601.29";"3457.3";"1112.9166";"11802.83";"20504.17";"0";"0"
"E";"2019-01-11";"2019-01-12";"721.1019";"64.79";"-0.46";"174.56";"5249.3";"1112.9166";"11802.23";"20510.88";"0";"0"
"E";"2019-01-10";"2019-01-11";"726.2117";"65.25";"-0.68";"153.5";"7718.3";"1112.9166";"11801.57";"20511.73";"0";"0"
"E";"2019-01-09";"2019-01-10";"733.8037";"65.94";"-0.61";"160.51";"6858.8";"1112.9166";"11800.95";"20513.47";"0";"0"
"E";"2019-01-08";"2019-01-09";"740.5491";"66.54";"-0.46";"270.99";"5320.4";"1112.9166";"11800.55";"20515.84";"0";"0"
"E";"2019-01-07";"2019-01-08";"745.636";"67";"-0.49";"379.66";"5795.4";"1112.9166";"11800.29";"20516.44";"0";"0"
"E";"2019-01-06";"2019-01-07";"751.0854";"67.49";"-0.38";"571.47";"4863.4";"1112.9207";"11799.83";"20517.65";"0";"0"
"E";"2019-01-05";"2019-01-06";"755.3546";"67.87";"-0.41";"348.08";"4918";"1112.9207";"11799.29";"20518.86";"0";"0"
"E";"2019-01-04";"2019-01-05";"759.9235";"68.28";"-0.54";"229.76";"6565.6";"1112.9207";"11798.6";"20520.43";"0";"0"
"E";"2019-01-03";"2019-01-04";"765.8848";"68.83";"-0.57";"239.3";"6519.4";"1112.7602";"11797.86";"20522.69";"0";"0"
"E";"2019-01-02";"2019-01-03";"772.2183";"69.4";"-0.37";"303.79";"5005.9";"1112.7602";"11797.76";"20521.72";"0";"0"
"E";"2019-01-01";"2019-01-02";"776.3186";"69.77";"0";"1115.35";"2912.3";"1112.7602";"11780.73";"20504.97";"0";"0"
"E";"2018-12-31";"2019-01-01";"776.9541";"69.89";"-0.21";"811.8";"2809.2";"1111.6802";"11741.08";"20365.27";"0";"0"
"E";"2018-12-30";"2018-12-31";"779.2631";"70.08";"-0.14";"999.73";"2546.1";"1111.9911";"11811.97";"20509.96";"0";"0"
"E";"2018-12-29";"2018-12-30";"780.8126";"70.22";"-0.21";"823.89";"3139.1";"1111.9911";"11812.14";"20509.52";"0";"0"
"E";"2018-12-28";"2018-12-29";"783.1351";"70.44";"-0.36";"521.14";"4533.7";"1111.7967";"11795.03";"20190.42";"0";"0"
"E";"2018-12-27";"2018-12-28";"787.1602";"70.8";"-0.39";"481.77";"4760.5";"1111.7967";"11794.62";"20493.72";"0";"0"
"E";"2018-12-26";"2018-12-27";"791.4438";"71.19";"-0.28";"769.75";"3912.8";"1111.7967";"11794.35";"20494.42";"0";"0"
"E";"2018-12-25";"2018-12-26";"794.5766";"71.47";"-0.21";"998.34";"3296.6";"1111.7967";"11794.09";"20495.05";"0";"0"
"E";"2018-12-24";"2018-12-25";"796.8857";"71.68";"-0.24";"508.26";"3152.8";"1111.7967";"11793.82";"20495.57";"0";"0"
"E";"2018-12-23";"2018-12-24";"799.5368";"71.91";"-0.2";"752.58";"2913.7";"1111.8689";"11794.35";"20498.44";"0";"0"
"E";"2018-12-22";"2018-12-23";"801.706";"72.1";"-0.18";"991.75";"2978.1";"1111.8689";"11793.97";"20499.52";"0";"0"
"E";"2018-12-21";"2018-12-22";"803.6957";"72.28";"-0.32";"636.44";"4183.8";"1111.8689";"11793.4";"20501.2";"0";"0"
"E";"2018-12-20";"2018-12-21";"807.2043";"72.6";"-0.49";"200.66";"5633.5";"1111.8689";"11792.73";"20503.13";"0";"0"
"E";"2018-12-19";"2018-12-20";"812.6823";"73.09";"-0.53";"164.21";"6051.3";"1111.8689";"11792.12";"20504.94";"0";"0"
"E";"2018-12-18";"2018-12-19";"818.5875";"73.62";"-0.57";"225.78";"6568.7";"1111.8689";"11791.43";"20506.94";"0";"0"
"E";"2018-12-17";"2018-12-18";"824.9486";"74.19";"-0.56";"154.99";"6700.1";"1111.8689";"11790.68";"20508.87";"0";"0"
"E";"2018-12-16";"2018-12-17";"831.2034";"74.76";"-0.54";"315.63";"6030.1";"1111.8503";"11789.79";"20510.52";"0";"0"
"E";"2018-12-15";"2018-12-16";"837.2593";"75.3";"-0.57";"211.22";"6261.3";"1111.8503";"11829.14";"20152.54";"0";"0"
"E";"2018-12-14";"2018-12-15";"843.5474";"75.87";"-0.69";"156.3";"7565.9";"1111.8503";"11828.38";"20154.69";"0";"0"
"E";"2018-12-13";"2018-12-14";"851.1949";"76.56";"-0.2";"147.97";"7093.6";"1111.8503";"11827.65";"20156.78";"0";"0"
"E";"2018-12-12";"2018-12-13";"853.4537";"77.11";"-1.04";"164.71";"6628.2";"1106.8503";"11786.94";"20153.81";"0";"0"
"E";"2018-12-11";"2018-12-12";"864.9212";"77.79";"-0.5";"127.32";"5633.8";"1111.8503";"11786.5";"20514.92";"0";"0"
"E";"2018-12-10";"2018-12-11";"870.5113";"78.29";"-0.43";"184.01";"4778.7";"1111.8503";"11786.3";"20515.45";"0";"0"
"E";"2018-12-09";"2018-12-10";"875.3081";"78.73";"-0.14";"788.61";"2433.3";"1111.84";"11786.35";"20515.82";"0";"0"
"E";"2018-12-08";"2018-12-09";"876.8886";"78.87";"-0.13";"962.09";"2472.1";"1111.84";"11786.55";"20515.35";"0";"0"
"E";"2018-12-07";"2018-12-08";"878.2817";"78.99";"0.22";"731.62";"3232.3";"1111.84";"11786.7";"20515.06";"0";"0"
"E";"2018-12-06";"2018-12-07";"875.8779";"78.78";"-0.72";"550.49";"3665.3";"1111.84";"11786.42";"20514.88";"0";"0"
"E";"2018-12-05";"2018-12-06";"883.9338";"79.5";"-0.39";"296.26";"4610.3";"1111.84";"11785.93";"20517.17";"0";"0"
"E";"2018-12-04";"2018-12-05";"888.2541";"79.89";"-0.34";"413.67";"4147.2";"1111.84";"11785.7";"20532.06";"0";"0"
"E";"2018-12-03";"2018-12-04";"891.9915";"80.23";"-0.22";"776.95";"3221.7";"1111.8619";"11785.69";"20517.8";"0";"0"
"E";"2018-12-02";"2018-12-03";"894.4396";"80.45";"-0.11";"1199.88";"2767.1";"1111.8145";"11785.04";"20538";"0";"0"
"E";"2018-12-01";"2018-12-02";"895.6885";"80.56";"-0.28";"559.53";"3676";"1111.8145";"11784.97";"20538.14";"0";"0"
"E";"2018-11-30";"2018-12-01";"898.7525";"80.84";"-0.37";"336.67";"4226.8";"1111.8145";"11744.95";"20481.26";"0";"0"
"E";"2018-11-29";"2018-11-30";"902.8289";"81.2";"-0.34";"406.47";"4180.7";"1111.8145";"11744.83";"20481.42";"0";"0"
"E";"2018-11-28";"2018-11-29";"906.6026";"81.64";"-0.38";"312.21";"4561.1";"1110.4745";"11734.62";"20467.15";"0";"0"
"E";"2018-11-27";"2018-11-28";"910.8711";"81.93";"-0.01";"265.2";"5246.9";"1111.8145";"11744.36";"20469.98";"0";"0"
"E";"2018-11-26";"2018-11-27";"911.0253";"82.31";"-0.87";"339.48";"4895.2";"1106.8145";"11744.56";"20110.74";"0";"0"
"E";"2018-11-25";"2018-11-26";"920.6003";"82.79";"-0.27";"485.83";"3455.8";"1111.9156";"11745.37";"20474.43";"0";"0"
"E";"2018-11-24";"2018-11-25";"923.5747";"83.06";"-0.3";"507.44";"3831.3";"1111.9156";"11744.91";"20475.9";"0";"0"
"E";"2018-11-23";"2018-11-24";"926.9311";"83.36";"-0.46";"293.27";"5325.8";"1111.9156";"11741.66";"20490.83";"0";"0"
"E";"2018-11-22";"2018-11-23";"932.0278";"83.82";"-0.52";"255.18";"5994.6";"1111.9156";"11734.58";"20492.5";"0";"0"
"E";"2018-11-21";"2018-11-22";"937.8402";"84.34";"-0.51";"308.71";"5896.5";"1111.9156";"11734.03";"20494.11";"0";"0"
"E";"2018-11-20";"2018-11-21";"943.4993";"84.87";"-0.51";"282.1";"5695.6";"1111.6906";"11733.51";"20495.4";"0";"0"
"E";"2018-11-19";"2018-11-20";"949.122";"85.38";"-0.4";"321.22";"4804";"1111.6906";"11733.14";"20496.25";"0";"0"
"E";"2018-11-18";"2018-11-19";"953.6127";"85.78";"-0.24";"501.71";"3005.9";"1111.7029";"11733.04";"20497.13";"0";"0"
"E";"2018-11-17";"2018-11-18";"956.2847";"86.02";"-0.21";"596.38";"2880.8";"1111.7029";"11733.03";"20497.11";"0";"0"
"E";"2018-11-16";"2018-11-17";"958.5923";"86.23";"-0.23";"439.77";"3062.4";"1111.7029";"11732.91";"20497.3";"0";"0"
"E";"2018-11-15";"2018-11-16";"961.2046";"86.46";"-0.16";"454.41";"2204.2";"1111.7029";"11732.92";"20497.25";"0";"0"
"E";"2018-11-14";"2018-11-15";"962.9421";"86.62";"-0.1";"548.72";"1694.2";"1111.7029";"11732.95";"20497.19";"0";"0"
"E";"2018-11-13";"2018-11-14";"964.0746";"86.72";"-0.09";"594.75";"1428.6";"1111.7029";"11732.99";"20497.13";"0";"0"
"E";"2018-11-12";"2018-11-13";"965.0444";"86.81";"-0.04";"803.25";"1385.4";"1111.7029";"11732.46";"20498.55";"0";"0"
"E";"2018-11-11";"2018-11-12";"965.5424";"86.85";"0.09";"1653.96";"642.7";"1111.7566";"11742.49";"20499.41";"0";"0"
"E";"2018-11-10";"2018-11-11";"964.5343";"86.76";"0.06";"1484.66";"779.7";"1111.7566";"11742.63";"20499.16";"0";"0"
"E";"2018-11-09";"2018-11-10";"963.9013";"86.7";"-0.01";"834.52";"969.2";"1111.7566";"11742.63";"20490.64";"0";"0"
"E";"2018-11-08";"2018-11-09";"964.0366";"86.71";"-0.13";"466.46";"2036.4";"1111.7566";"11702.43";"20461.01";"0";"0"
"E";"2018-11-07";"2018-11-08";"965.504";"86.84";"-0.04";"685.37";"1090.9";"1111.7566";"11702.43";"20460.98";"0";"0"
"E";"2018-11-06";"2018-11-07";"965.9593";"86.89";"0.01";"906.42";"1002.9";"1111.7552";"11702.46";"20460.92";"0";"0"
"E";"2018-11-05";"2018-11-06";"965.8083";"86.85";"-0.02";"784.83";"811";"1112.0392";"11702.5";"20442.81";"0";"0"
"E";"2018-11-04";"2018-11-05";"965.9778";"86.9";"0.04";"1165.41";"748.5";"1111.6349";"11701.1";"20439.95";"0";"0"
"E";"2018-11-03";"2018-11-04";"965.5633";"86.86";"0.03";"1164.62";"827";"1111.6349";"11701.19";"20439.77";"0";"0"
"E";"2018-11-02";"2018-11-03";"965.2791";"86.83";"0.01";"881.4";"906.7";"1111.6349";"11701.26";"20439.62";"0";"0"
"E";"2018-11-01";"2018-11-02";"965.1312";"86.7";"-0.01";"1558.98";"1094";"1113.2117";"11701.31";"20287.87";"0";"0"
"E";"2018-10-31";"2018-11-01";"965.204";"86.76";"-0.11";"585.22";"1918.3";"1112.5563";"11713.75";"20277.93";"0";"0"
"E";"2018-10-30";"2018-10-31";"966.4729";"86.87";"0.04";"681.41";"2036.1";"1112.5563";"11753.4";"19918.78";"0";"0"
"E";"2018-10-29";"2018-10-30";"965.9913";"86.83";"-0.14";"581.83";"2157.1";"1112.5563";"11753.32";"19918.95";"0";"0"
"E";"2018-10-28";"2018-10-29";"967.5429";"86.97";"-0.01";"840.53";"977.8";"1112.5516";"11753.78";"19917.69";"0";"0"
"E";"2018-10-27";"2018-10-28";"967.693";"86.91";"0.04";"1000.38";"537.2";"1113.4132";"11924.86";"20197.16";"0";"0"
"E";"2018-10-26";"2018-10-27";"967.2259";"86.94";"0.01";"855.12";"645.4";"1112.5516";"11755.76";"19912.49";"0";"0"
"E";"2018-10-25";"2018-10-26";"967.0702";"86.92";"0.04";"1111.63";"676.5";"1112.5461";"11761.5";"19918.88";"0";"0"
"E";"2018-10-24";"2018-10-25";"966.6422";"86.89";"0.07";"1505.44";"711.3";"1112.5461";"11762.53";"19916.3";"0";"0"
"E";"2018-10-23";"2018-10-24";"965.8826";"86.82";"0.08";"1323.46";"385.1";"1112.5461";"11811.39";"19910.84";"0";"0"
"E";"2018-10-22";"2018-10-23";"964.9509";"86.73";"0.09";"1437.97";"437.4";"1112.5461";"11808.71";"19917.82";"0";"0"
"E";"2018-10-21";"2018-10-22";"963.9523";"86.65";"0.24";"2891.05";"195.5";"1112.5296";"11809.23";"19915.62";"0";"0"
"E";"2018-10-20";"2018-10-21";"961.2507";"86.4";"0.26";"2846.58";"195.8";"1112.5296";"11809.82";"19914.25";"0";"0"
"E";"2018-10-19";"2018-10-20";"958.3567";"86.14";"0.15";"2059.03";"332.7";"1112.5296";"11810.58";"19912.25";"0";"0"
"E";"2018-10-18";"2018-10-19";"956.6677";"85.99";"0.15";"2219.93";"523.9";"1112.5296";"11811.53";"19815.35";"0";"0"
"E";"2018-10-17";"2018-10-18";"955.0131";"85.84";"0.17";"2103.99";"213.1";"1112.5296";"11812.5";"19812.89";"0";"0"
"E";"2018-10-16";"2018-10-17";"953.0989";"85.67";"0.22";"2507.76";"200.2";"1112.5296";"11813.15";"19811.24";"0";"0"
"E";"2018-10-15";"2018-10-16";"950.6905";"85.45";"0.24";"2777.87";"201.2";"1112.5296";"11812.5";"19813.15";"0";"0"
"E";"2018-10-14";"2018-10-15";"948.0644";"85.22";"0.37";"4311.47";"142";"1112.5523";"11878.69";"19849.67";"0";"0"
"E";"2018-10-13";"2018-10-14";"943.988";"84.85";"0.41";"4438.85";"131.5";"1112.5524";"11879.6";"19847.27";"0";"0"
"E";"2018-10-12";"2018-10-13";"939.4089";"84.44";"0.31";"3700.41";"181.1";"1112.5523";"11906.86";"19843.95";"0";"0"
"E";"2018-10-11";"2018-10-12";"935.9929";"84.13";"0.25";"3001.71";"193.6";"1112.5523";"12014.13";"19841.92";"0";"0"
"E";"2018-10-10";"2018-10-11";"933.1934";"83.88";"0.19";"2449.51";"211.7";"1112.5523";"12014.79";"19840.27";"0";"0"
"E";"2018-10-09";"2018-10-10";"931.096";"83.69";"0.14";"1901.15";"332.2";"1112.5523";"12015.46";"19838.57";"0";"0"
"E";"2018-10-08";"2018-10-09";"929.5676";"83.55";"0.16";"2102.45";"336.2";"1112.5524";"12014.98";"19839.89";"0";"0"
"E";"2018-10-07";"2018-10-08";"927.8051";"83.39";"0.27";"3137.93";"135.8";"1112.5564";"12015.88";"19837.81";"0";"0"
"E";"2018-10-06";"2018-10-07";"924.792";"83.12";"0.28";"3316.9";"192.5";"1112.5714";"12021.22";"19835.68";"0";"0"
"E";"2018-10-05";"2018-10-06";"921.6447";"82.84";"0.19";"2500.29";"397.6";"1112.5714";"12022";"19833.54";"0";"0"
"E";"2018-10-04";"2018-10-05";"919.5092";"82.65";"0.14";"1823.89";"312.5";"1112.5714";"12013.61";"19831.8";"0";"0"
"E";"2018-10-03";"2018-10-04";"917.9868";"82.52";"0.16";"2130.91";"279.6";"1112.497";"12021.17";"19830.13";"0";"0"
"E";"2018-10-02";"2018-10-03";"916.2476";"82.36";"0.15";"1951.99";"340.9";"1112.497";"12021.89";"19828.42";"0";"0"
"E";"2018-10-01";"2018-10-02";"914.6087";"82.21";"0.13";"2020.04";"384.8";"1112.512";"11951.49";"19685.61";"0";"0"
"E";"2018-09-30";"2018-10-01";"913.1795";"82.13";"0.27";"3254.37";"235";"1111.8841";"12058.97";"19828.99";"0";"0"
"E";"2018-09-29";"2018-09-30";"910.1249";"81.85";"0.27";"3235.29";"278.6";"1111.8841";"12059.26";"19828.22";"0";"0"
"E";"2018-09-28";"2018-09-29";"907.1235";"81.58";"0.24";"3057.49";"474.8";"1111.8841";"12059.48";"19827.62";"0";"0"
"E";"2018-09-27";"2018-09-28";"904.504";"81.35";"0.24";"2990.36";"390.9";"1111.8862";"12037.71";"19826.91";"0";"0"
"E";"2018-09-26";"2018-09-27";"901.8205";"81.11";"0.2";"2503.8";"539.4";"1111.8841";"12037.81";"19827.07";"0";"0"
"E";"2018-09-25";"2018-09-26";"899.6523";"80.91";"0.17";"2488.83";"624.3";"1111.8841";"12015.77";"19827.17";"0";"0"
"E";"2018-09-24";"2018-09-25";"897.7468";"80.74";"0.2";"2693.99";"788.2";"1111.8691";"12037.34";"19827.77";"0";"0"
"E";"2018-09-23";"2018-09-24";"895.4799";"80.54";"0.31";"3874.59";"380.9";"1111.9026";"12038.55";"19826.11";"0";"0"
"E";"2018-09-22";"2018-09-23";"891.9776";"80.22";"0.31";"3841.63";"375.8";"1111.9026";"12039.31";"19823.98";"0";"0"
"E";"2018-09-21";"2018-09-22";"888.5124";"79.91";"0.32";"3778.07";"366.4";"1111.9026";"12017.94";"19822.15";"0";"0"
"E";"2018-09-20";"2018-09-21";"884.9278";"79.59";"0.27";"3537.77";"338.1";"1111.9026";"12018.76";"19819.86";"0";"0"
"E";"2018-09-19";"2018-09-20";"881.8784";"79.31";"0.32";"3702.53";"276.9";"1111.8876";"12019.27";"19817.85";"0";"0"
"E";"2018-09-18";"2018-09-19";"878.2818";"78.99";"0.33";"3824.89";"227.6";"1111.8876";"12020.3";"19815.07";"0";"0"
"E";"2018-09-17";"2018-09-18";"874.6515";"78.66";"0.31";"3673.79";"307";"1111.9026";"12020.33";"19815.75";"0";"0"
"E";"2018-09-16";"2018-09-17";"871.2415";"78.35";"0.43";"4955.05";"158.1";"1111.9273";"12021.67";"19813.51";"0";"0"
"E";"2018-09-15";"2018-09-16";"866.4108";"77.92";"0.41";"4817.1";"212.1";"1111.9273";"12022.7";"19810.81";"0";"0"
"E";"2018-09-14";"2018-09-15";"861.7981";"77.5";"0.41";"3875.83";"361.5";"1111.9273";"12023.36";"19809.08";"0";"0"
"E";"2018-09-13";"2018-09-14";"857.2645";"77.1";"0.16";"3336.82";"550.9";"1111.9123";"12023.45";"19807.97";"0";"0"
"E";"2018-09-12";"2018-09-13";"855.5172";"76.94";"0.26";"3416.6";"599.4";"1111.9273";"12023.91";"19807.23";"0";"0"
"E";"2018-09-11";"2018-09-12";"852.6783";"76.68";"0.29";"3536.53";"362.4";"1111.9273";"12024.45";"19805.8";"0";"0"
"E";"2018-09-10";"2018-09-11";"849.4763";"76.4";"0.33";"3617";"385.1";"1111.9273";"12025.01";"19804.39";"0";"0"
"E";"2018-09-09";"2018-09-10";"845.8112";"76.07";"0.38";"4470.81";"166.8";"1111.8326";"12024.58";"19800.39";"0";"0"
"E";"2018-09-08";"2018-09-09";"841.5638";"75.69";"0.35";"4213.73";"322.1";"1111.8326";"12025.26";"19798.68";"0";"0"
"E";"2018-09-07";"2018-09-08";"837.6517";"75.34";"0.27";"3623.23";"422.9";"1111.8326";"12025.59";"19797.82";"0";"0"
"E";"2018-09-06";"2018-09-07";"834.6181";"75.07";"0.26";"3344.27";"597.5";"1111.8326";"12025.98";"19796.79";"0";"0"
"E";"2018-09-05";"2018-09-06";"831.6963";"74.81";"0.27";"3435.79";"544.2";"1111.7626";"12026.45";"19795.57";"0";"0"
"E";"2018-09-04";"2018-09-05";"828.6813";"74.54";"0.26";"3415.97";"545.4";"1111.7626";"12026.86";"19794.44";"0";"0"
"E";"2018-09-03";"2018-09-04";"825.7969";"74.28";"0.27";"3647.54";"717.1";"1111.7626";"12026.37";"19795.79";"0";"0"
"E";"2018-09-02";"2018-09-03";"822.8319";"74.02";"0.39";"4515.63";"152";"1111.6556";"12026.49";"19791.37";"0";"0"
"E";"2018-09-01";"2018-09-02";"818.4452";"73.62";"0.45";"4313.88";"203.3";"1111.6556";"12027.06";"19789.73";"0";"0"
"E";"2018-08-31";"2018-09-01";"813.4762";"73.2";"0.26";"3768.74";"465.1";"1111.2476";"12037.97";"19788.49";"0";"0"
"E";"2018-08-30";"2018-08-31";"810.6145";"72.95";"0.29";"3870.76";"598.1";"1111.2476";"12038.83";"19787.2";"0";"0"
"E";"2018-08-29";"2018-08-30";"807.3459";"72.65";"0.31";"4052.43";"609.2";"1111.2476";"12039.45";"19785.72";"0";"0"
"E";"2018-08-28";"2018-08-29";"803.9165";"72.34";"0.32";"4159.43";"607.9";"1111.2476";"12040.35";"19783.84";"0";"0"
"E";"2018-08-27";"2018-08-28";"800.3415";"72.02";"0.39";"4570.12";"310.3";"1111.2476";"12014.64";"19781.89";"0";"0"
"E";"2018-08-26";"2018-08-27";"796.0446";"71.63";"0.45";"5144.87";"187.8";"1111.2826";"11990.89";"19780.68";"0";"0"
"E";"2018-08-25";"2018-08-26";"791.0448";"71.18";"0.48";"4962.02";"252.6";"1111.2826";"11991.56";"19778.82";"0";"0"
"E";"2018-08-24";"2018-08-25";"785.7582";"70.71";"0.32";"4539.38";"363.2";"1111.2826";"12019.55";"19776.74";"0";"0"
"E";"2018-08-23";"2018-08-24";"782.1512";"70.38";"0.35";"4236.45";"405.5";"1111.3526";"12020.34";"19774.72";"0";"0"
"E";"2018-08-22";"2018-08-23";"778.2863";"70.03";"0.36";"4296.04";"341.9";"1111.2826";"12021.58";"19772.71";"0";"0"
"E";"2018-08-21";"2018-08-22";"774.2986";"69.68";"0.37";"4511.55";"462.5";"1111.2826";"11997.13";"19770.77";"0";"0"
"E";"2018-08-20";"2018-08-21";"770.2305";"69.31";"0.36";"4498.95";"518.4";"1111.2826";"11989.99";"19770.55";"0";"0"
"E";"2018-08-19";"2018-08-20";"766.2078";"68.95";"0.5";"5670.86";"131.4";"1111.3122";"11989.92";"19769.06";"0";"0"
"E";"2018-08-18";"2018-08-19";"760.6432";"68.45";"0.5";"5712.02";"137";"1111.3032";"11990.56";"19767.03";"0";"0"
"E";"2018-08-17";"2018-08-18";"755.0502";"67.94";"0.47";"5270.46";"200.4";"1111.3032";"12004.23";"19764.92";"0";"0"
"E";"2018-08-16";"2018-08-17";"749.8379";"67.47";"0.44";"5019.83";"132.7";"1111.3032";"12005.15";"19762.85";"0";"0"
"E";"2018-08-15";"2018-08-16";"744.9576";"67.03";"0.47";"5326.74";"104.1";"1111.2988";"12005.75";"19760.61";"0";"0"
"E";"2018-08-14";"2018-08-15";"739.6904";"66.56";"0.42";"4833.8";"201.5";"1111.3138";"12006.55";"19758.74";"0";"0"
"E";"2018-08-13";"2018-08-14";"735.0489";"66.14";"0.4";"4729.28";"266.1";"1111.3138";"11997.66";"19758.31";"0";"0"
"E";"2018-08-12";"2018-08-13";"730.5655";"65.74";"0.49";"5620.33";"141.1";"1111.3343";"12000.28";"19756.75";"0";"0"
"E";"2018-08-11";"2018-08-12";"725.0654";"65.24";"0.51";"5738.11";"119.7";"1111.3343";"12000.85";"19754.67";"0";"0"
"E";"2018-08-10";"2018-08-11";"719.4319";"64.74";"0.45";"5264.59";"229.6";"1111.3343";"12006.09";"19752.72";"0";"0"
"E";"2018-08-09";"2018-08-10";"714.386";"64.28";"0.4";"4642.04";"229.2";"1111.3343";"11980.93";"19712.32";"0";"0"
"E";"2018-08-08";"2018-08-09";"709.898";"63.88";"0.38";"4403.1";"251.6";"1111.3343";"12006.43";"19710.35";"0";"0"
"E";"2018-08-07";"2018-08-08";"705.6341";"63.49";"0.42";"4116.28";"248.7";"1111.3343";"12007.08";"19708.34";"0";"0"
"E";"2018-08-06";"2018-08-07";"700.996";"63.06";"0.36";"4237.4";"250.9";"1111.6317";"12010.16";"19699.45";"0";"0"
"E";"2018-08-05";"2018-08-06";"696.9636";"62.7";"0.48";"5478.26";"208.4";"1111.6682";"12012.31";"19698.29";"0";"0"
"E";"2018-08-04";"2018-08-05";"691.6155";"62.21";"0.47";"5416.44";"241.7";"1111.6682";"12013.84";"19696.37";"0";"0"
"E";"2018-08-03";"2018-08-04";"686.3614";"61.74";"0.38";"4636.96";"507.1";"1111.6832";"12059.42";"19694.68";"0";"0"
"E";"2018-08-02";"2018-08-03";"682.1765";"61.36";"0.36";"4377.48";"398.8";"1111.6832";"11855.89";"19693.32";"0";"0"
"E";"2018-08-01";"2018-08-02";"678.1389";"61.17";"0.39";"4700.5";"314";"1108.6713";"11851.94";"19692.58";"0";"0"
"E";"2018-07-31";"2018-08-01";"673.797";"60.61";"0.42";"4848.01";"343.4";"1111.6832";"12064.6";"19691.39";"0";"0"
"E";"2018-07-30";"2018-07-31";"669.1226";"60.19";"0.4";"4815.77";"371.2";"1111.6832";"12061";"19691";"0";"0"
"E";"2018-07-29";"2018-07-30";"664.6528";"59.79";"0.46";"5321.03";"241.4";"1111.7094";"12061.75";"19729.1";"0";"0"
"E";"2018-07-28";"2018-07-29";"659.5552";"59.33";"0.44";"5039.52";"325.1";"1111.7094";"12062.09";"19728.06";"0";"0"
"E";"2018-07-27";"2018-07-28";"654.6628";"58.89";"0.34";"4136.73";"415.3";"1111.7244";"12010.21";"19727.01";"0";"0"
"E";"2018-07-26";"2018-07-27";"650.9302";"58.55";"0.31";"3848.92";"430.3";"1111.7094";"12001.5";"19725.61";"0";"0"
"E";"2018-07-25";"2018-07-26";"647.4303";"58.24";"0.31";"3878.04";"433.8";"1111.7244";"12011";"19724.86";"0";"0"
"E";"2018-07-24";"2018-07-25";"644.0064";"57.93";"0.3";"3867.45";"540.2";"1111.7244";"12011.09";"19724.51";"0";"0"
"E";"2018-07-23";"2018-07-24";"640.7143";"57.63";"0.34";"4077.1";"346.3";"1111.7244";"11989.97";"19724.8";"0";"0"
"E";"2018-07-22";"2018-07-23";"636.9888";"57.3";"0.44";"5088.33";"183.5";"1111.6688";"11990.02";"19722.84";"0";"0"
"E";"2018-07-21";"2018-07-22";"632.094";"56.86";"0.43";"4910.28";"155.9";"1111.6688";"11990.27";"19722.1";"0";"0"
"E";"2018-07-20";"2018-07-21";"627.3405";"56.43";"0.32";"3923.76";"375.3";"1111.6538";"11991.23";"19721.75";"0";"0"
"E";"2018-07-19";"2018-07-20";"623.8288";"56.12";"0.29";"3890.86";"648.1";"1111.6538";"11991.47";"19721.34";"0";"0"
"E";"2018-07-18";"2018-07-19";"620.6394";"55.84";"0.34";"3734.31";"570.2";"1111.3879";"11990.77";"19721.19";"0";"0"
"E";"2018-07-17";"2018-07-18";"616.872";"55.55";"0.25";"3686.6";"419.5";"1110.4879";"11984.11";"19720.27";"0";"0"
"E";"2018-07-16";"2018-07-17";"614.0931";"55.26";"0.38";"4512.34";"307.6";"1111.3729";"11976.58";"19719.54";"0";"0"
"E";"2018-07-15";"2018-07-16";"609.8493";"54.87";"0.5";"5650.45";"114.5";"1111.3997";"11968.78";"19717.7";"0";"0"
"E";"2018-07-14";"2018-07-15";"604.3047";"54.37";"0.49";"5593.03";"119.1";"1111.4147";"11957.22";"19717.08";"0";"0"
"E";"2018-07-13";"2018-07-14";"598.8156";"53.88";"0.35";"4172.49";"343.3";"1111.4147";"11957.68";"19715.77";"0";"0"
"E";"2018-07-12";"2018-07-13";"594.9615";"53.53";"0.32";"4003.91";"375.5";"1111.4147";"11957.99";"19714.88";"0";"0"
"E";"2018-07-11";"2018-07-12";"591.3626";"53.21";"0.34";"3938.84";"211.1";"1111.4147";"11958.41";"19713.71";"0";"0"
"E";"2018-07-10";"2018-07-11";"587.619";"52.87";"0.25";"3865.13";"214.7";"1111.3928";"11959.19";"19712.64";"0";"0"
"E";"2018-07-09";"2018-07-10";"584.8402";"52.77";"0.37";"4306.04";"198";"1108.2382";"11959.37";"19712.05";"0";"0"
"E";"2018-07-08";"2018-07-09";"580.7143";"52.25";"0.51";"5918.42";"206.7";"1111.3722";"11960.14";"19709.93";"0";"0"
"E";"2018-07-07";"2018-07-08";"575.0141";"51.74";"0.52";"5866.29";"191.4";"1111.3722";"11960.74";"19708.25";"0";"0"
"E";"2018-07-06";"2018-07-07";"569.2544";"51.22";"0.41";"4810.17";"240.7";"1111.3722";"11961.14";"19706.6";"0";"0"
"E";"2018-07-05";"2018-07-06";"564.6557";"50.81";"0.38";"4486.39";"309.9";"1111.3722";"11961.7";"19705.1";"0";"0"
"E";"2018-07-04";"2018-07-05";"560.4609";"50.43";"0.42";"4194.78";"322";"1111.3722";"11930.79";"19703.46";"0";"0"
"E";"2018-07-03";"2018-07-04";"555.7677";"50.01";"0.38";"4340.71";"275.3";"1111.3722";"11932.38";"19701.81";"0";"0"
"E";"2018-07-02";"2018-07-03";"551.5825";"49.63";"0.4";"4672.73";"356.3";"1111.3722";"11932.6";"19701.14";"0";"0"
"E";"2018-07-01";"2018-07-02";"547.0899";"49.23";"0.49";"5696.04";"245.7";"1111.3845";"11933.49";"19699.41";"0";"0"
"E";"2018-06-30";"2018-07-01";"541.5951";"48.73";"0.45";"5497.11";"220";"1111.3845";"11958.37";"19697.83";"0";"0"
"E";"2018-06-29";"2018-06-30";"536.6419";"48.29";"0.39";"4790.72";"425";"1111.3845";"11958.73";"19696.74";"0";"0"
"E";"2018-06-28";"2018-06-29";"532.269";"47.89";"0.35";"4438.28";"504.3";"1111.3845";"11959.29";"19695.13";"0";"0"
"E";"2018-06-27";"2018-06-28";"528.3268";"47.54";"0.32";"4232.63";"346.5";"1111.3845";"11959.54";"19694.27";"0";"0"
"E";"2018-06-26";"2018-06-27";"524.7637";"47.22";"0.35";"4146.61";"224.9";"1111.3845";"11961.29";"19693.49";"0";"0"
"E";"2018-06-25";"2018-06-26";"520.8588";"46.87";"1.04";"4233.69";"244.4";"1111.3845";"11961.63";"19692.48";"0";"0"
"E";"2018-06-24";"2018-06-25";"509.3102";"45.83";"0.45";"5233.64";"145.6";"1111.3989";"11962.35";"19691.2";"0";"0"
"E";"2018-06-23";"2018-06-24";"504.281";"45.37";"0.45";"5224.83";"143.1";"1111.3989";"11963.01";"19689.31";"0";"0"
"E";"2018-06-22";"2018-06-23";"499.2257";"44.98";"-0.33";"4085.78";"145.9";"1109.9424";"11963.46";"19688.1";"0";"0"
"E";"2018-06-21";"2018-06-22";"502.8536";"45.24";"0.33";"3873.4";"245.2";"1111.421";"11964.17";"19687.49";"0";"0"
"E";"2018-06-20";"2018-06-21";"499.2337";"44.92";"0.32";"3883.33";"251.6";"1111.421";"11964.28";"19686.93";"0";"0"
"E";"2018-06-19";"2018-06-20";"495.6683";"44.6";"0.34";"4075.24";"312.4";"1111.421";"11966.46";"19686.22";"0";"0"
"E";"2018-06-18";"2018-06-19";"491.8959";"44.26";"0.37";"4302.3";"203.7";"1111.421";"11966.8";"19685.34";"0";"0"
"E";"2018-06-17";"2018-06-18";"487.8051";"43.89";"0.47";"5347.39";"95";"1111.3963";"11966.92";"19683.44";"0";"0"
"E";"2018-06-16";"2018-06-17";"482.5484";"43.42";"0.47";"5314.74";"86.9";"1111.3963";"11967.38";"19681.97";"0";"0"
"E";"2018-06-15";"2018-06-16";"477.3287";"42.95";"0.34";"4542.59";"236.7";"1111.3963";"11967.71";"19681.13";"0";"0"
"E";"2018-06-14";"2018-06-15";"473.5663";"42.61";"0.43";"4722.1";"223.6";"1111.3963";"11967.82";"19680.94";"0";"0"
"E";"2018-06-13";"2018-06-14";"468.8353";"42.18";"0.4";"4510.81";"250";"1111.3963";"11967.85";"19680.83";"0";"0"
"E";"2018-06-12";"2018-06-13";"464.3346";"41.78";"0.34";"4272.97";"469.3";"1111.3963";"11968.11";"19680.09";"0";"0"
"E";"2018-06-11";"2018-06-12";"460.5375";"41.44";"0.37";"4320.47";"177.4";"1111.3963";"11968.53";"19678.83";"0";"0"
"E";"2018-06-10";"2018-06-11";"456.3884";"41.07";"0.48";"5441.94";"90.4";"1111.3799";"11985.25";"19676.44";"0";"0"
"E";"2018-06-09";"2018-06-10";"451.0754";"40.59";"0.45";"5199.64";"119.8";"1111.3799";"11985.81";"19674.8";"0";"0"
"E";"2018-06-08";"2018-06-09";"446.0239";"40.13";"0.35";"4257.01";"356.4";"1111.3799";"11985.89";"19674.59";"0";"0"
"E";"2018-06-07";"2018-06-08";"442.1562";"39.78";"0.33";"4082.96";"290.5";"1111.3799";"11964.91";"19674.27";"0";"0"
"E";"2018-06-06";"2018-06-07";"438.5073";"39.46";"0.32";"4055.82";"278.7";"1111.3799";"11964.15";"19674.14";"0";"0"
"E";"2018-06-05";"2018-06-06";"434.9778";"39.14";"0.29";"3895.14";"408.5";"1111.3799";"11954.33";"19674.42";"0";"0"
"E";"2018-06-04";"2018-06-05";"431.7929";"38.85";"0.36";"4327.47";"285.6";"1111.3799";"11909.47";"19673.01";"0";"0"
"E";"2018-06-03";"2018-06-04";"427.7383";"38.49";"0.46";"5231.24";"131";"1111.3799";"11910.11";"19671.19";"0";"0"
"E";"2018-06-02";"2018-06-03";"422.6492";"38.03";"0.46";"5262.06";"181";"1111.3799";"11910.69";"19669.56";"0";"0"
"E";"2018-06-01";"2018-06-02";"417.5607";"37.57";"0.33";"4359.5";"725";"1111.3799";"11910.77";"19669.09";"0";"0"
"E";"2018-05-31";"2018-06-01";"413.9237";"37.26";"0.33";"4324.66";"581.3";"1110.8962";"11481.02";"19678.16";"0";"0"
"E";"2018-05-30";"2018-05-31";"410.2297";"36.93";"0.35";"4476.73";"551.6";"1110.8962";"11481.02";"19240.13";"0";"0"
"E";"2018-05-29";"2018-05-30";"406.3131";"36.58";"0.37";"4893.35";"292";"1110.8962";"11409.22";"19120.52";"0";"0"
"E";"2018-05-28";"2018-05-29";"402.1836";"36.31";"0.44";"5174.03";"317.5";"1107.693";"11370.22";"19120.52";"0";"0"
"E";"2018-05-27";"2018-05-28";"397.3522";"35.87";"0.53";"5891.22";"96.9";"1107.7023";"11800.32";"19556.66";"0";"0"
"E";"2018-05-26";"2018-05-27";"391.4948";"35.34";"0.52";"5862.2";"90.1";"1107.7023";"11871.64";"19696.91";"0";"0"
"E";"2018-05-25";"2018-05-26";"385.7654";"34.83";"0.42";"4956.61";"367.1";"1107.7023";"11871.98";"19695.79";"0";"0"
"E";"2018-05-24";"2018-05-25";"381.1611";"34.41";"0.32";"4297.93";"745.1";"1107.7023";"11871.11";"19695.15";"0";"0"
"E";"2018-05-23";"2018-05-24";"377.6238";"33.99";"0.39";"4520.12";"192.1";"1110.8569";"11872.86";"19693.02";"0";"0"
"E";"2018-05-22";"2018-05-23";"373.2576";"33.6";"0.41";"4726.31";"178.4";"1110.7266";"11872.44";"19691.37";"0";"0"
"E";"2018-05-21";"2018-05-22";"368.7021";"33.29";"0.47";"5196.64";"162.2";"1107.572";"11887.34";"19702.46";"0";"0"
"E";"2018-05-20";"2018-05-21";"363.4795";"32.82";"0.48";"5423.89";"118.6";"1107.5615";"11888.03";"19699.93";"0";"0"
"E";"2018-05-19";"2018-05-20";"358.1855";"32.34";"0.44";"5119.79";"235.8";"1107.5615";"11888.64";"19698.17";"0";"0"
"E";"2018-05-18";"2018-05-19";"353.3329";"31.9";"0.34";"4218.47";"416.9";"1107.5615";"11889.34";"19696.08";"0";"0"
"E";"2018-05-17";"2018-05-18";"349.5304";"31.56";"0.37";"4560.38";"409";"1107.5615";"11889.97";"19694.39";"0";"0"
"E";"2018-05-16";"2018-05-17";"345.4162";"31.19";"0.38";"4555.16";"354.9";"1107.5615";"11890.76";"19670.19";"0";"0"
"E";"2018-05-15";"2018-05-16";"341.2404";"30.81";"0.38";"4588.22";"382.1";"1107.5615";"11891.32";"19668.6";"0";"0"
"E";"2018-05-14";"2018-05-15";"337.0173";"30.43";"0.48";"4616.6";"407.4";"1107.5615";"11891.53";"19668.07";"0";"0"
"E";"2018-05-13";"2018-05-14";"331.7397";"29.95";"0.38";"5471";"163.9";"1107.5469";"11892.06";"19665.83";"0";"0"
"E";"2018-05-12";"2018-05-13";"327.5231";"29.57";"0.48";"5546.64";"204.8";"1107.5469";"11892.82";"19663.54";"0";"0"
"E";"2018-05-11";"2018-05-12";"322.2012";"29.09";"0.45";"5180.92";"227.9";"1107.5469";"11893.45";"19661.77";"0";"0"
"E";"2018-05-10";"2018-05-11";"317.2643";"28.65";"0.43";"4982.12";"158.7";"1107.5469";"11894.09";"19659.93";"0";"0"
"E";"2018-05-09";"2018-05-10";"312.4832";"28.21";"0.4";"4706.74";"291.7";"1107.5469";"11894.87";"19657.78";"0";"0"
"E";"2018-05-08";"2018-05-09";"308.0716";"27.82";"0.42";"4849.38";"286.5";"1107.5469";"11895.63";"19655.61";"0";"0"
"E";"2018-05-07";"2018-05-08";"303.4569";"27.4";"0.43";"4534.54";"224";"1107.5469";"11896.26";"19653.83";"0";"0"
"E";"2018-05-06";"2018-05-07";"298.7438";"26.97";"0.39";"5071.47";"285.2";"1107.5573";"11897.23";"19651.74";"0";"0"
"E";"2018-05-05";"2018-05-06";"294.4499";"26.59";"0.39";"4720.61";"327.5";"1107.5573";"11897.58";"19650.66";"0";"0"
"E";"2018-05-04";"2018-05-05";"290.1408";"26.2";"0.3";"3528.99";"563.7";"1107.5573";"11897.71";"19650.05";"0";"0"
"E";"2018-05-03";"2018-05-04";"286.7778";"26.01";"0.18";"3095.97";"733";"1102.606";"11881.52";"19673.83";"0";"0"
"E";"2018-05-02";"2018-05-03";"284.827";"25.72";"0.21";"3043.08";"747.5";"1107.5573";"11881.67";"19673.16";"0";"0"
"E";"2018-05-01";"2018-05-02";"282.5232";"25.51";"0.46";"4049.38";"347.9";"1107.5573";"11881.64";"19672.98";"0";"0"
"E";"2018-04-30";"2018-05-01";"277.4803";"25.07";"0.29";"4059.64";"721.2";"1106.7551";"11882.05";"19671.69";"0";"0"
"E";"2018-04-29";"2018-04-30";"274.3242";"24.79";"0.41";"4788.83";"206.9";"1106.7719";"11882.66";"19670.74";"0";"0"
"E";"2018-04-28";"2018-04-29";"269.7372";"24.37";"0.4";"4666.84";"214.6";"1106.7719";"11882.81";"19670.16";"0";"0"
"E";"2018-04-27";"2018-04-28";"265.3166";"23.97";"0.31";"3801.07";"363.2";"1106.7719";"11882.95";"19669.71";"0";"0"
"E";"2018-04-26";"2018-04-27";"261.8487";"23.66";"0.34";"3860.99";"152.4";"1106.7719";"11883.35";"19668.49";"0";"0"
"E";"2018-04-25";"2018-04-26";"258.1222";"23.33";"0.33";"3836.95";"170.7";"1106.3719";"11883.94";"19671.95";"0";"0"
"E";"2018-04-24";"2018-04-25";"254.4641";"22.99";"0.31";"3504.33";"178.5";"1106.7719";"11890.99";"19670.61";"0";"0"
"E";"2018-04-23";"2018-04-24";"251.086";"22.69";"0.39";"4410.43";"133.1";"1106.7674";"11933.69";"19668.59";"0";"0"
"E";"2018-04-22";"2018-04-23";"246.7543";"22.3";"0.54";"5891.18";"147.4";"1106.5952";"11933.9";"19665.33";"0";"0"
"E";"2018-04-21";"2018-04-22";"240.8151";"21.76";"0.48";"5466.68";"172.5";"1106.5952";"11934.65";"19663.22";"0";"0"
"E";"2018-04-20";"2018-04-21";"235.4948";"21.28";"0.39";"4549.84";"194.6";"1106.5952";"11935.15";"19661.79";"0";"0"
"E";"2018-04-19";"2018-04-20";"231.2127";"20.89";"0.38";"4360.76";"190.6";"1106.5952";"11887.26";"19659.81";"0";"0"
"E";"2018-04-18";"2018-04-19";"227.0464";"20.52";"0.36";"4216.15";"165.2";"1106.5952";"11887.91";"19658.03";"0";"0"
"E";"2018-04-17";"2018-04-18";"223.0305";"20.15";"0.28";"3321.41";"234.1";"1106.5952";"11888.52";"19656.36";"0";"0"
"E";"2018-04-16";"2018-04-17";"219.9465";"19.88";"0.21";"2611.04";"324.1";"1106.5952";"11888.97";"19655.22";"0";"0"
"E";"2018-04-15";"2018-04-16";"217.6407";"19.67";"0.37";"3419.07";"140.9";"1106.6581";"11890.25";"19655.36";"0";"0"
"E";"2018-04-14";"2018-04-15";"213.5172";"19.29";"0.26";"3152.79";"217.9";"1106.6581";"11889.45";"19655.27";"0";"0"
"E";"2018-04-13";"2018-04-14";"210.5921";"19.03";"0.12";"1905.96";"562";"1106.6581";"11889.75";"19654.64";"0";"0"
"E";"2018-04-12";"2018-04-13";"209.2408";"18.91";"0.06";"1601.49";"986.4";"1106.6581";"11861.9";"19640.85";"0";"0"
"E";"2018-04-11";"2018-04-12";"208.5781";"18.84";"0.08";"1614.33";"650.1";"1106.8841";"11862.22";"19683.85";"0";"0"
"E";"2018-04-10";"2018-04-11";"207.6639";"18.75";"0.11";"1865.56";"633";"1107.3164";"11862.54";"19697.92";"0";"0"
"E";"2018-04-09";"2018-04-10";"206.441";"18.64";"0.17";"2310.4";"501.8";"1107.3164";"11862.96";"19696.9";"0";"0"
"E";"2018-04-08";"2018-04-09";"204.6061";"19.33";"0.29";"3380.66";"260.7";"1058.4238";"11863.47";"19695.66";"0";"0"
"E";"2018-04-07";"2018-04-08";"201.4919";"19.04";"0.24";"2928.89";"381.5";"1058.4238";"11863.94";"19694.44";"0";"0"
"E";"2018-04-06";"2018-04-07";"198.9686";"18.8";"0.1";"1733.17";"652.8";"1058.4238";"11863.98";"19694.41";"0";"0"
"E";"2018-04-05";"2018-04-06";"197.9032";"18.7";"0.01";"1183.53";"1085.2";"1058.4238";"11864.2";"19693.88";"0";"0"
"E";"2018-04-04";"2018-04-05";"197.8295";"18.69";"0.08";"1341.53";"504";"1058.4238";"11864.14";"19694.1";"0";"0"
"E";"2018-04-03";"2018-04-04";"196.9509";"18.52";"0.04";"1146.91";"662.2";"1063.5473";"11926.85";"19601.51";"0";"0"
"E";"2018-04-02";"2018-04-03";"196.4874";"18.47";"0.02";"1253.77";"982.7";"1063.5473";"11966.52";"19957.82";"0";"0"
"E";"2018-04-01";"2018-04-02";"196.2353";"18.45";"0.17";"1514.09";"1317.2";"1063.5619";"11966.84";"19959.55";"0";"0"
"E";"2018-03-31";"2018-04-01";"194.3865";"18.3";"-0.2";"1545.82";"1575.8";"1062.218";"11933.91";"20066.42";"0";"0"
"E";"2018-03-30";"2018-03-31";"196.4985";"17.67";"-0.07";"1163.26";"1878.9";"1111.8243";"11930.54";"20015.27";"0";"0"
"E";"2018-03-29";"2018-03-30";"197.2969";"17.75";"-0.17";"600.73";"2443.9";"1111.8243";"11929.98";"19925.24";"0";"0"
"E";"2018-03-28";"2018-03-29";"199.1958";"17.92";"-0.22";"485.72";"2889.1";"1111.8243";"11929.39";"19926.31";"0";"0"
"E";"2018-03-27";"2018-03-28";"201.6012";"18.13";"-0.26";"391.38";"3250";"1112.1504";"11928.7";"19927.6";"0";"0"
"E";"2018-03-26";"2018-03-27";"204.4381";"18.38";"-0.22";"453.51";"3002.7";"1112.1504";"11928.27";"19920.94";"0";"0"
"E";"2018-03-25";"2018-03-26";"206.9098";"18.6";"-0.07";"1186.18";"1932.6";"1112.1464";"11927.72";"19973.89";"0";"0"
"E";"2018-03-24";"2018-03-25";"207.635";"18.68";"-0.17";"686.81";"2567.3";"1111.2842";"11747.52";"19658.32";"0";"0"
"E";"2018-03-23";"2018-03-24";"209.5543";"18.84";"-0.36";"231.87";"4183";"1112.1464";"11926.43";"19924.07";"0";"0"
"E";"2018-03-22";"2018-03-23";"213.5105";"19.2";"-0.45";"186.9";"5108.9";"1112.1464";"11925.66";"19925.37";"0";"0"
"E";"2018-03-21";"2018-03-22";"218.5289";"19.65";"-0.5";"274.84";"5764.7";"1112.1464";"11924.91";"19926.67";"0";"0"
"E";"2018-03-20";"2018-03-21";"224.0518";"20.15";"-0.53";"178.03";"6060.2";"1112.1464";"11924.16";"19924.05";"0";"0"
"E";"2018-03-19";"2018-03-20";"229.9736";"20.68";"-0.58";"225.49";"6548.6";"1112.1464";"11923.54";"19925.04";"0";"0"
"E";"2018-03-18";"2018-03-19";"236.4543";"21.26";"-0.45";"274.93";"5276.6";"1112.1608";"11923.17";"19926.34";"0";"0"
"E";"2018-03-17";"2018-03-18";"241.4531";"21.71";"-0.35";"355.63";"4216.3";"1112.1608";"11922.66";"19927.26";"0";"0"
"E";"2018-03-16";"2018-03-17";"245.3305";"22.06";"-0.23";"1429.17";"3836.3";"1112.1608";"11922.21";"19928.12";"0";"0"
"E";"2018-03-15";"2018-03-16";"247.8603";"22.29";"-0.24";"1113.05";"3817";"1112.1608";"11921.69";"19947.99";"0";"0"
"E";"2018-03-14";"2018-03-15";"250.574";"22.53";"-0.21";"1468.91";"3860.1";"1112.1608";"11921.4";"19991.95";"0";"0"
"E";"2018-03-13";"2018-03-14";"252.8698";"22.74";"-0.22";"1238.97";"3730.8";"1112.1608";"11920.8";"20043.29";"0";"0"
"E";"2018-03-12";"2018-03-13";"255.3034";"22.96";"-0.21";"789.26";"3096.9";"1112.1502";"11920.19";"20081.97";"0";"0"
"E";"2018-03-11";"2018-03-12";"257.5963";"23.16";"-0.06";"1345.26";"2043.9";"1112.1544";"11919.94";"20108.51";"0";"0"
"E";"2018-03-10";"2018-03-11";"258.28";"23.22";"-0.13";"1181.14";"2604.3";"1112.1544";"11919.64";"20104.59";"0";"0"
"E";"2018-03-09";"2018-03-10";"259.7027";"23.35";"-0.33";"204.25";"4206";"1112.1544";"11918.97";"20000.93";"0";"0"
"E";"2018-03-08";"2018-03-09";"263.3672";"23.69";"-0.07";"237.81";"5049.5";"1111.8283";"11918.27";"20002.18";"0";"0"
"E";"2018-03-07";"2018-03-08";"264.1775";"23.75";"-0.89";"243.31";"5630.1";"1112.1544";"11917.62";"19999.39";"0";"0"
"E";"2018-03-06";"2018-03-07";"274.1019";"24.65";"-0.52";"274.1";"6019.1";"1112.1544";"11916.98";"20000.61";"0";"0"
"E";"2018-03-05";"2018-03-06";"279.8476";"25.16";"-0.56";"554.89";"6370.2";"1112.1544";"11916.44";"19997.68";"0";"0"
"E";"2018-03-04";"2018-03-05";"286.0764";"25.72";"-0.52";"642.2";"6384.4";"1112.1584";"11915.95";"19998.84";"0";"0"
"E";"2018-03-03";"2018-03-04";"291.9126";"26.25";"-0.76";"276.63";"8016.7";"1112.1584";"11915.36";"20000.07";"0";"0"
"E";"2018-03-02";"2018-03-03";"300.3929";"27.01";"-0.91";"153.11";"10272.6";"1112.1583";"11914.69";"20012.97";"0";"0"
"E";"2018-03-01";"2018-03-02";"310.5274";"27.92";"-0.95";"131.29";"11351.8";"1112.1583";"11914.07";"20022.51";"0";"0"
"E";"2018-02-28";"2018-03-01";"321.0553";"28.89";"-1.08";"121.57";"11926";"1111.2399";"11913.18";"20044.63";"0";"0"
"E";"2018-02-27";"2018-02-28";"333.0935";"29.97";"-1.02";"77.39";"11402.1";"1111.2399";"11912.52";"20029.07";"0";"0"
"E";"2018-02-26";"2018-02-27";"344.4628";"30.99";"-1";"114.94";"11085.3";"1111.6399";"11911.88";"20038.59";"0";"0"
"E";"2018-02-25";"2018-02-26";"355.5499";"31.98";"-0.73";"332.89";"8459.6";"1111.6397";"11911.22";"20033.74";"0";"0"
"E";"2018-02-24";"2018-02-25";"363.6875";"32.72";"-0.68";"453";"7810.5";"1111.6397";"11910.62";"20034.82";"0";"0"
"E";"2018-02-23";"2018-02-24";"371.1982";"33.39";"-0.77";"199.52";"8841.7";"1111.6397";"11910.09";"20015.91";"0";"0"
"E";"2018-02-22";"2018-02-23";"379.7098";"34.16";"-0.78";"214.31";"8803.5";"1111.6397";"11910.01";"19967.82";"0";"0"
"E";"2018-02-21";"2018-02-22";"388.3731";"34.94";"-0.74";"332.77";"8478.4";"1111.6397";"11909.53";"19968.48";"0";"0"
"E";"2018-02-20";"2018-02-21";"396.6217";"35.68";"-0.69";"414.63";"7957.8";"1111.6397";"11908.94";"19979.96";"0";"0"
"E";"2018-02-19";"2018-02-20";"404.2635";"36.37";"-0.69";"217";"7890.2";"1111.6397";"11908.2";"20083.47";"0";"0"
"E";"2018-02-18";"2018-02-19";"411.9415";"37.06";"-0.48";"469.57";"5730.7";"1111.6334";"11907.49";"20210.8";"0";"0"
"E";"2018-02-17";"2018-02-18";"417.3035";"37.54";"-0.48";"559.43";"5772.5";"1111.6334";"11906.84";"20212.63";"0";"0"
"E";"2018-02-16";"2018-02-17";"422.6248";"38.02";"-0.6";"182.4";"6666.9";"1111.6334";"11906.03";"20163.01";"0";"0"
"E";"2018-02-15";"2018-02-16";"429.2517";"38.61";"-0.64";"359.03";"7314.2";"1111.6334";"11905.7";"20164.02";"0";"0"
"E";"2018-02-14";"2018-02-15";"436.3416";"39.25";"-0.65";"142.79";"7715.2";"1111.6334";"11904.76";"20218.52";"0";"0"
"E";"2018-02-13";"2018-02-14";"443.5174";"39.92";"-0.73";"130.49";"8162.1";"1111.115";"11903.84";"20221.12";"0";"0"
"E";"2018-02-12";"2018-02-13";"451.6639";"40.65";"-0.71";"78.52";"7914";"1111.115";"11902.91";"20223.72";"0";"0"
"E";"2018-02-11";"2018-02-12";"459.5986";"41.36";"-0.48";"391.93";"5625.5";"1111.1112";"11902.13";"20225.75";"0";"0"
"E";"2018-02-10";"2018-02-11";"464.8997";"41.84";"-0.54";"306.73";"6181.8";"1111.1112";"11901.21";"20248.38";"0";"0"
"E";"2018-02-09";"2018-02-10";"470.8828";"42.38";"-0.78";"122.1";"8699.3";"1111.1112";"11900.1";"20251.41";"0";"0"
"E";"2018-02-08";"2018-02-09";"479.5833";"43.16";"-0.86";"124.9";"9505.2";"1111.1112";"11899.49";"20253.17";"0";"0"
"E";"2018-02-07";"2018-02-08";"489.1158";"44.02";"-0.89";"124.51";"9853.4";"1111.1112";"11898.65";"20255.56";"0";"0"
"E";"2018-02-06";"2018-02-07";"499.0088";"44.91";"-0.88";"105.52";"9855.6";"1111.1112";"11898";"20129.62";"0";"0"
"E";"2018-02-05";"2018-02-06";"508.8324";"45.79";"-0.82";"101.76";"9071.6";"1111.1112";"11897.15";"20253.76";"0";"0"
"E";"2018-02-04";"2018-02-05";"517.9092";"46.61";"-0.56";"220.54";"6299.5";"1111.1212";"11896.46";"20265.65";"0";"0"
"E";"2018-02-03";"2018-02-04";"524.0944";"47.17";"-0.52";"285.31";"5918.9";"1111.1212";"11895.45";"20268.45";"0";"0"
"E";"2018-02-02";"2018-02-03";"529.821";"47.68";"-0.59";"180.86";"6601.5";"1111.1212";"11894.56";"20270.99";"0";"0"
"E";"2018-02-01";"2018-02-02";"536.3535";"48.27";"-0.56";"264.16";"6410.8";"1111.1212";"11894.21";"20272.07";"0";"0"
"E";"2018-01-31";"2018-02-01";"542.573";"48.83";"-0.53";"291.36";"5928.3";"1111.1212";"11889.32";"20286.03";"0";"0"
"E";"2018-01-30";"2018-01-31";"548.4517";"49.36";"-0.53";"140.71";"6033.2";"1111.1312";"11888.8";"20287.42";"0";"0"
"E";"2018-01-29";"2018-01-30";"554.3123";"49.89";"-0.44";"322.34";"5144.8";"1111.1312";"11888.53";"20288.12";"0";"0"
"E";"2018-01-28";"2018-01-29";"559.1959";"50.33";"-0.28";"895.34";"3926.1";"1111.1312";"11888.44";"20288.37";"0";"0"
"E";"2018-01-27";"2018-01-28";"562.2917";"50.61";"-0.39";"544.44";"4711.2";"1111.1312";"11888.08";"20289.34";"0";"0"
"E";"2018-01-26";"2018-01-27";"566.6135";"50.99";"-0.57";"175.02";"6458.2";"1111.1312";"11887.4";"20169.14";"0";"0"
"E";"2018-01-25";"2018-01-26";"572.9328";"51.56";"-0.56";"135.68";"6241.5";"1111.1312";"11886.89";"20170.19";"0";"0"
"E";"2018-01-24";"2018-01-25";"579.1484";"52.12";"-0.45";"279.07";"5158.5";"1111.1312";"11900.99";"20171.05";"0";"0"
"E";"2018-01-23";"2018-01-24";"584.0951";"52.57";"-0.52";"290.98";"5943.4";"1111.1312";"11900.64";"20171.76";"0";"0"
"E";"2018-01-22";"2018-01-23";"589.8757";"53.09";"-0.62";"154.82";"6925.3";"1111.1312";"11900.14";"20172.79";"0";"0"
"E";"2018-01-21";"2018-01-22";"596.7547";"53.71";"-0.5";"211.43";"5644.8";"1111.1193";"11898.34";"20173.36";"0";"0"
"E";"2018-01-20";"2018-01-21";"602.3201";"54.21";"-0.57";"207.89";"6389";"1111.1193";"11897.68";"20174.74";"0";"0"
"E";"2018-01-19";"2018-01-20";"608.6527";"54.78";"-0.69";"149.32";"7727.6";"1111.1193";"11896.94";"20242.43";"0";"0"
"E";"2018-01-18";"2018-01-19";"616.3092";"55.47";"-0.68";"160.52";"7563.9";"1111.1193";"11896.09";"20261.15";"0";"0"
"E";"2018-01-17";"2018-01-18";"623.8418";"56.15";"-0.69";"141.44";"7694.4";"1111.1193";"11895.28";"20232.34";"0";"0"
"E";"2018-01-16";"2018-01-17";"631.5073";"56.84";"-0.63";"187.98";"7096.8";"1111.1193";"11894.52";"20200.74";"0";"0"
"E";"2018-01-15";"2018-01-16";"638.4936";"57.46";"-0.65";"255.91";"7424.6";"1111.1193";"11893.87";"20221";"0";"0"
"E";"2018-01-14";"2018-01-15";"645.7453";"58.12";"-0.48";"456.01";"6026.7";"1111.1235";"11893.42";"20310.88";"0";"0"
"E";"2018-01-13";"2018-01-14";"651.0986";"58.6";"-0.48";"443.47";"5663";"1111.1235";"11893.1";"20311.66";"0";"0"
"E";"2018-01-12";"2018-01-13";"656.4078";"59.08";"-0.57";"198.05";"6407.9";"1111.1235";"11892.52";"20313.16";"0";"0"
"E";"2018-01-11";"2018-01-12";"662.7247";"59.64";"-0.58";"211.19";"6502.4";"1111.1485";"11891.99";"20314.76";"0";"0"
"E";"2018-01-10";"2018-01-11";"669.1143";"60.22";"-0.56";"330.67";"6416.5";"1111.1485";"11891.34";"20335.59";"0";"0"
"E";"2018-01-09";"2018-01-10";"675.2935";"60.77";"-0.59";"275.61";"6634.2";"1111.1485";"11890.74";"20337.33";"0";"0"
"E";"2018-01-08";"2018-01-09";"681.851";"61.36";"-0.61";"208.26";"6922.1";"1111.1485";"11890.11";"20339.13";"0";"0"
"E";"2018-01-07";"2018-01-08";"688.5884";"61.97";"-0.39";"221.89";"4494.4";"1111.1488";"11889.72";"20340.35";"0";"0"
"E";"2018-01-06";"2018-01-07";"692.9358";"62.36";"-0.28";"377.64";"3507";"1111.1488";"11889.32";"20341.4";"0";"0"
"E";"2018-01-05";"2018-01-06";"696.0891";"62.65";"-0.34";"416.29";"4216.5";"1111.1488";"11888.95";"20342.37";"0";"0"
"E";"2018-01-04";"2018-01-05";"699.9114";"62.99";"-0.34";"490.8";"4245";"1111.1488";"11888.65";"20343.08";"0";"0"
"E";"2018-01-03";"2018-01-04";"703.6732";"63.33";"-0.37";"476.78";"4503.1";"1111.1488";"11888.44";"20343.61";"0";"0"
"E";"2018-01-02";"2018-01-03";"707.7534";"63.7";"-0.32";"488.21";"4083.4";"1111.1488";"11888.11";"20344.4";"0";"0"
"E";"2018-01-01";"2018-01-02";"711.3594";"64.02";"0";"1108.75";"3128.8";"1111.1488";"11888.28";"20344.03";"0";"0"
"E";"2017-12-31";"2018-01-01";"713.39";"64.2";"-0.1";"1447.02";"2522.7";"1111.147";"11888.41";"20347.69";"0";"0"
"E";"2017-12-30";"2017-12-31";"714.4513";"64.3";"-0.21";"1033.64";"3343";"1111.147";"11885.8";"20347.72";"0";"0"
"E";"2017-12-29";"2017-12-30";"716.7991";"64.51";"-0.44";"368.49";"5155.6";"1111.147";"11885.27";"20349.22";"0";"0"
"E";"2017-12-28";"2017-12-29";"721.6367";"64.95";"-0.47";"139.76";"5371.3";"1111.147";"11884.72";"20350.83";"0";"0"
"E";"2017-12-27";"2017-12-28";"726.9118";"65.42";"-0.36";"328.07";"4653.2";"1111.147";"11884.31";"20351.79";"0";"0"
"E";"2017-12-26";"2017-12-27";"730.882";"65.78";"-0.26";"690.52";"3625.5";"1111.147";"11884.69";"20350.69";"0";"0"
"E";"2017-12-25";"2017-12-26";"733.8214";"66.04";"-0.18";"1175.05";"3121.8";"1111.1221";"11884.54";"20350.91";"0";"0"
"E";"2017-12-24";"2017-12-25";"735.7798";"66.22";"-0.15";"1210.73";"2907.8";"1111.1161";"11884.49";"20350.72";"0";"0"
"E";"2017-12-23";"2017-12-24";"737.4748";"66.37";"-0.23";"1081.36";"3552.2";"1111.1161";"11884.14";"20351.44";"0";"0"
"E";"2017-12-22";"2017-12-23";"740.004";"66.6";"-0.49";"616.91";"5281.2";"1111.1161";"11884";"20351.76";"0";"0"
"E";"2017-12-21";"2017-12-22";"745.4801";"67.1";"-0.57";"332.71";"6489.2";"1111.0711";"11883.63";"20305.59";"0";"0"
"E";"2017-12-20";"2017-12-21";"751.7873";"67.66";"-0.68";"187.35";"7483.6";"1111.0711";"11882.95";"20354.58";"0";"0"
"E";"2017-12-19";"2017-12-20";"759.3402";"68.34";"-0.74";"149.98";"8484.8";"1111.0711";"11882.18";"20309.33";"0";"0"
"E";"2017-12-18";"2017-12-19";"767.5066";"69.08";"-0.71";"113.12";"7974.8";"1111.0711";"11881.45";"20358.74";"0";"0"
"E";"2017-12-17";"2017-12-18";"775.4254";"69.79";"-0.5";"255.88";"5741.1";"1111.0694";"11880.72";"20360.6";"0";"0"
"E";"2017-12-16";"2017-12-17";"780.9379";"70.29";"-0.52";"285.11";"6062.9";"1111.0694";"11879.94";"20362.69";"0";"0"
"E";"2017-12-15";"2017-12-16";"786.7687";"70.88";"-0.53";"285.57";"7079.4";"1109.9894";"11879.12";"20364.8";"0";"0"
"E";"2017-12-14";"2017-12-15";"792.6073";"71.41";"-0.63";"230.1";"7109.9";"1109.9894";"11878.39";"20366.81";"0";"0"
"E";"2017-12-13";"2017-12-14";"799.6089";"72.04";"-0.75";"129.88";"8359.2";"1109.9894";"11877.88";"20368.25";"0";"0"
"E";"2017-12-12";"2017-12-13";"807.9801";"72.79";"-0.83";"129.72";"9187.3";"1109.9894";"11877.12";"20370.35";"0";"0"
"E";"2017-12-11";"2017-12-12";"817.1718";"73.62";"-0.71";"111.29";"7909.9";"1109.9894";"11885.98";"20372.44";"0";"0"
"E";"2017-12-10";"2017-12-11";"825.0002";"74.32";"-0.58";"121.14";"6479.7";"1109.9981";"11885.43";"20374.45";"0";"0"
"E";"2017-12-09";"2017-12-10";"831.4708";"74.91";"-0.57";"98.56";"6321";"1109.9981";"11884.73";"20376.31";"0";"0"
"E";"2017-12-08";"2017-12-09";"837.7548";"75.47";"-0.55";"105.37";"6260";"1109.9981";"11884.08";"20378.22";"0";"0"
"E";"2017-12-07";"2017-12-08";"843.9129";"76.03";"-0.59";"289.15";"6695.2";"1109.9981";"11883.56";"20379.46";"0";"0"
"E";"2017-12-06";"2017-12-07";"850.4984";"76.62";"-0.53";"434.86";"6355.1";"1109.9981";"11883.33";"20379.85";"0";"0"
"E";"2017-12-05";"2017-12-06";"856.3372";"77.15";"-0.55";"394.56";"6496.7";"1109.9981";"11882.64";"20381.86";"0";"0"
"E";"2017-12-04";"2017-12-05";"862.4696";"77.7";"-0.6";"236.14";"6813.1";"1109.9981";"11929.14";"20383.49";"0";"0"
"E";"2017-12-03";"2017-12-04";"869.1189";"78.3";"-0.5";"407.79";"5905.2";"1109.9967";"11928.48";"20385.36";"0";"0"
"E";"2017-12-02";"2017-12-03";"874.6745";"78.8";"-0.56";"175.72";"6341.7";"1109.9967";"11927.69";"20387.66";"0";"0"
"E";"2017-12-01";"2017-12-02";"880.9321";"79.36";"-0.63";"63.53";"7591.1";"1109.9967";"11926.87";"20390.01";"0";"0"
"E";"2017-11-30";"2017-12-01";"887.8887";"80.01";"-0.7";"137.05";"7290.2";"1109.7647";"11856.43";"20333.63";"0";"0"
"E";"2017-11-29";"2017-11-30";"895.6184";"80.9";"-0.62";"72.31";"7117.1";"1107.1175";"11855.64";"20319.9";"0";"0"
"E";"2017-11-28";"2017-11-29";"902.5144";"81.52";"-0.55";"95.66";"5858.6";"1107.1175";"11855.63";"20320.12";"0";"0"
"E";"2017-11-27";"2017-11-28";"908.6045";"82.07";"-0.52";"190.68";"5521.4";"1107.1175";"11854.88";"20322.26";"0";"0"
"E";"2017-11-26";"2017-11-27";"914.3597";"82.59";"-0.27";"247.8";"3328.9";"1107.1148";"11854.06";"20324.23";"0";"0"
"E";"2017-11-25";"2017-11-26";"917.4012";"82.86";"-0.25";"257.66";"2984.4";"1107.1148";"11853.31";"20326.12";"0";"0"
"E";"2017-11-24";"2017-11-25";"920.1266";"83.11";"-0.33";"188.87";"3829.7";"1107.1148";"11852.2";"20329.19";"0";"0"
"E";"2017-11-23";"2017-11-24";"923.7937";"83.48";"-0.28";"218.98";"3288.2";"1106.6016";"11804.51";"20319.77";"0";"0"
"E";"2017-11-22";"2017-11-23";"926.8636";"83.76";"-0.25";"395.07";"3205.5";"1106.6016";"11804.06";"20320.84";"0";"0"
"E";"2017-11-21";"2017-11-22";"929.6759";"84.01";"-0.34";"322.26";"4046.9";"1106.6016";"11803.52";"20322.48";"0";"0"
"E";"2017-11-20";"2017-11-21";"933.4703";"84.35";"-0.38";"166.43";"4847.9";"1106.6016";"11802.79";"20324.61";"0";"0"
"E";"2017-11-19";"2017-11-20";"937.7145";"84.74";"-0.28";"230.1";"3298.5";"1106.6187";"11802.34";"20326.99";"0";"0"
"E";"2017-11-18";"2017-11-19";"940.8336";"85.02";"-0.26";"326.49";"3197.4";"1106.6187";"11801.69";"20328.95";"0";"0"
"E";"2017-11-17";"2017-11-18";"943.7521";"85.28";"-0.35";"236.11";"3961.8";"1106.6187";"11800.68";"20331.74";"0";"0"
"E";"2017-11-16";"2017-11-17";"947.6684";"85.64";"-0.32";"314.95";"3793.6";"1106.6187";"11799.54";"20334.62";"0";"0"
"E";"2017-11-15";"2017-11-16";"951.2157";"85.97";"-0.38";"329.39";"4449.3";"1106.3947";"11808.7";"20322.01";"0";"0"
"E";"2017-11-14";"2017-11-15";"955.4021";"86.35";"-0.46";"202.34";"4664.1";"1106.3947";"11807.35";"20312.3";"0";"0"
"E";"2017-11-13";"2017-11-14";"960.4534";"86.81";"-0.31";"210.9";"4094";"1106.3947";"11806.58";"20314.61";"0";"0"
"E";"2017-11-12";"2017-11-13";"963.8781";"87.12";"-0.15";"455.71";"2094.9";"1106.4105";"11821.81";"20299.9";"0";"0"
"E";"2017-11-11";"2017-11-12";"965.5463";"87.27";"-0.14";"566.84";"2033.9";"1106.4105";"11821.9";"20299.86";"0";"0"
"E";"2017-11-10";"2017-11-11";"967.0579";"87.4";"-0.24";"387.31";"2454.1";"1106.4105";"11821.44";"20301.03";"0";"0"
"E";"2017-11-09";"2017-11-10";"969.7291";"87.65";"-0.2";"443.33";"3137.9";"1106.4105";"11824.07";"20294.32";"0";"0"
"E";"2017-11-08";"2017-11-09";"971.9246";"87.84";"-0.31";"311.45";"3722.5";"1106.4105";"11822.99";"20297.39";"0";"0"
"E";"2017-11-07";"2017-11-08";"975.3523";"88.15";"-0.28";"357.85";"3418.4";"1106.4105";"11822.45";"20298.98";"0";"0"
"E";"2017-11-06";"2017-11-07";"978.415";"88.43";"-0.23";"282.54";"2764.5";"1106.4105";"11821.97";"20300.21";"0";"0"
"E";"2017-11-05";"2017-11-06";"980.9251";"88.66";"-0.01";"765.39";"862.4";"1106.3967";"11822.16";"20296.98";"0";"0"
"E";"2017-11-04";"2017-11-05";"980.9812";"88.66";"0.01";"1020";"942.1";"1106.3967";"11822.55";"20295.85";"0";"0"
"E";"2017-11-03";"2017-11-04";"980.8168";"88.65";"-0.06";"649.46";"1391.8";"1106.3967";"11822.07";"20297.16";"0";"0"
"E";"2017-11-02";"2017-11-03";"981.5192";"88.71";"-0.12";"551.56";"1459.1";"1106.3967";"11822.12";"20297.26";"0";"0"
"E";"2017-11-01";"2017-11-02";"982.8258";"88.83";"-0.04";"601.12";"1059.3";"1106.3967";"11822.36";"20296.4";"0";"0"
"E";"2017-10-31";"2017-11-01";"983.2162";"88.87";"-0.08";"541.55";"1366.4";"1106.3481";"11726.68";"20092.86";"0";"0"
"E";"2017-10-30";"2017-10-31";"984.1042";"88.95";"-0.07";"718.28";"1398.6";"1106.3481";"11643.8";"20092.77";"0";"0"
"E";"2017-10-29";"2017-10-30";"984.8299";"89.02";"0.14";"2028.3";"423.9";"1106.2912";"11643.1";"20091.39";"0";"0"
"E";"2017-10-28";"2017-10-29";"983.2757";"88.81";"0.16";"2070.74";"337.8";"1107.1534";"11808.24";"20367.3";"0";"0"
"E";"2017-10-27";"2017-10-28";"981.5339";"88.72";"0.07";"1328.94";"387.8";"1106.2912";"11643.11";"20091.39";"0";"0"
"E";"2017-10-26";"2017-10-27";"980.7288";"88.65";"0.06";"1224.16";"451";"1106.2912";"11643.11";"20091.39";"0";"0"
"E";"2017-10-25";"2017-10-26";"980.0554";"88.59";"0.13";"1673.48";"163.3";"1106.2912";"11643.11";"20091.39";"0";"0"
"E";"2017-10-24";"2017-10-25";"978.6236";"88.46";"0.09";"1422.27";"391.5";"1106.2912";"11643.12";"20091.39";"0";"0"
"E";"2017-10-23";"2017-10-24";"977.6476";"88.37";"0.06";"1377.26";"613.9";"1106.2912";"11643.12";"20091.39";"0";"0"
"E";"2017-10-22";"2017-10-23";"976.9975";"88.31";"0.22";"2585.42";"149.1";"1106.3753";"11492.23";"19445.19";"0";"0"
"E";"2017-10-21";"2017-10-22";"974.5346";"88.08";"0.25";"2826.75";"120.5";"1106.3753";"11492.23";"19445.19";"0";"0"
"E";"2017-10-20";"2017-10-21";"971.8159";"87.84";"0.16";"2167.04";"339.9";"1106.3753";"11492.23";"19445.19";"0";"0"
"E";"2017-10-19";"2017-10-20";"970.0474";"87.68";"0.16";"1987.16";"239.3";"1106.3753";"11666.03";"19445.19";"0";"0"
"E";"2017-10-18";"2017-10-19";"968.2687";"87.52";"0.13";"1935.78";"510.8";"1106.3753";"11666.03";"19445.19";"0";"0"
"E";"2017-10-17";"2017-10-18";"966.8416";"87.39";"0.18";"2368.37";"375.7";"1106.3753";"11666.03";"19445.19";"0";"0"
"E";"2017-10-16";"2017-10-17";"964.8468";"87.19";"0.22";"2717.31";"254.2";"1106.5869";"11758.22";"19525.99";"0";"0"
"E";"2017-10-15";"2017-10-16";"962.4592";"86.97";"0.34";"3888.73";"75.8";"1106.6126";"11758.59";"19526.55";"0";"0"
"E";"2017-10-14";"2017-10-15";"958.6485";"86.63";"0.34";"3829.97";"113.4";"1106.6126";"11758.58";"19526.55";"0";"0"
"E";"2017-10-13";"2017-10-14";"954.8993";"86.29";"0.18";"2505.99";"536.7";"1106.6126";"11758.56";"19526.55";"0";"0"
"E";"2017-10-12";"2017-10-13";"952.9296";"86.11";"0.15";"2306.15";"641.9";"1106.6126";"11748.54";"19526.55";"0";"0"
"E";"2017-10-11";"2017-10-12";"951.2666";"86";"0.06";"1429.74";"843.8";"1106.1566";"11764.66";"19526.55";"0";"0"
"E";"2017-10-10";"2017-10-11";"950.6351";"85.94";"0.02";"1131.37";"882.1";"1106.1566";"11764.68";"19526.55";"0";"0"
"E";"2017-10-09";"2017-10-10";"950.4078";"85.92";"0.06";"1329.45";"678.9";"1106.1566";"11778.9";"19526.55";"0";"0"
"E";"2017-10-08";"2017-10-09";"949.7769";"85.85";"0.2";"2359.54";"169.2";"1106.3701";"11781.87";"19531.15";"0";"0"
"E";"2017-10-07";"2017-10-08";"947.5956";"85.65";"0.2";"2398.69";"208.6";"1106.3701";"11781.78";"19531.15";"0";"0"
"E";"2017-10-06";"2017-10-07";"945.417";"85.45";"0.12";"1884.1";"485.5";"1106.3701";"11781.81";"19531.15";"0";"0"
"E";"2017-10-05";"2017-10-06";"944.0854";"85.33";"0.29";"2115.65";"450";"1106.3701";"11781.85";"19531.15";"0";"0"
"E";"2017-10-04";"2017-10-05";"940.8465";"85.04";"0.14";"2250.92";"609.3";"1106.3701";"11781.88";"19531.15";"0";"0"
"E";"2017-10-03";"2017-10-04";"939.3369";"84.9";"0.2";"2789.74";"453.2";"1106.3701";"11781.88";"19531.15";"0";"0"
"E";"2017-10-02";"2017-10-03";"937.133";"84.7";"0.32";"3198.23";"210.6";"1106.3701";"11781.88";"19531.15";"0";"0"
"E";"2017-10-01";"2017-10-02";"933.6274";"84.4";"0.31";"3947.06";"206";"1106.193";"11779.44";"19527.33";"0";"0"
"E";"2017-09-30";"2017-10-01";"930.1918";"84.09";"0.3";"3827.91";"225.9";"1106.1379";"11777.26";"19523.7";"0";"0"
"E";"2017-09-29";"2017-09-30";"926.8729";"83.79";"0.26";"3074.82";"235.6";"1106.1379";"12079.8";"20123.19";"0";"0"
"E";"2017-09-28";"2017-09-29";"924.0092";"83.53";"0.22";"2641.94";"236.7";"1106.1379";"12148.75";"20122.07";"0";"0"
"E";"2017-09-27";"2017-09-28";"921.5902";"83.32";"0.16";"2294.85";"445.6";"1106.1379";"12149.49";"20120.01";"0";"0"
"E";"2017-09-26";"2017-09-27";"919.7977";"83.15";"0.2";"2608.56";"392.3";"1106.1379";"12149.82";"20118.99";"0";"0"
"E";"2017-09-25";"2017-09-26";"917.5733";"82.94";"0.16";"2387.9";"614.2";"1106.2801";"12134.25";"20117.29";"0";"0"
"E";"2017-09-24";"2017-09-25";"915.8175";"82.79";"0.35";"3800.21";"56.9";"1106.1897";"12133.7";"20113.34";"0";"0"
"E";"2017-09-23";"2017-09-24";"911.9712";"82.44";"0.32";"3677.03";"83.6";"1106.1897";"12134.39";"20111.36";"0";"0"
"E";"2017-09-22";"2017-09-23";"908.4023";"82.12";"0.19";"2543.93";"433.5";"1106.1897";"12134.82";"20110.14";"0";"0"
"E";"2017-09-21";"2017-09-22";"906.2534";"81.94";"-0.85";"2037.21";"1052.6";"1106.0475";"12134.65";"20110.48";"0";"0"
"E";"2017-09-20";"2017-09-21";"915.6677";"82.78";"0.09";"2021.25";"1011.1";"1106.1897";"12134.79";"20110.02";"0";"0"
"E";"2017-09-19";"2017-09-20";"914.7151";"82.69";"0.07";"2001.86";"1204.5";"1106.1897";"12134.09";"20111.68";"0";"0"
"E";"2017-09-18";"2017-09-19";"913.9704";"82.62";"0.06";"2029.61";"1400.5";"1106.1897";"12134.05";"20111.7";"0";"0"
"E";"2017-09-17";"2017-09-18";"913.3595";"82.57";"0.22";"3072.34";"709.2";"1106.1739";"12134.18";"20110.26";"0";"0"
"E";"2017-09-16";"2017-09-17";"910.9798";"82.35";"0.22";"3103.53";"658.1";"1106.1739";"12134.6";"20109.05";"0";"0"
"E";"2017-09-15";"2017-09-16";"908.5182";"82.13";"0.11";"2524.93";"1242";"1106.1739";"12134.64";"20108.73";"0";"0"
"E";"2017-09-14";"2017-09-15";"907.2917";"82.03";"0.17";"2649.7";"798.4";"1106.0807";"12134.55";"20108.88";"0";"0"
"E";"2017-09-13";"2017-09-14";"905.4605";"82";"0.19";"3097.37";"953.2";"1104.2161";"12134.96";"20107.66";"0";"0"
"E";"2017-09-12";"2017-09-13";"903.3181";"81.81";"0.22";"3328.73";"957";"1104.2161";"12135.02";"20107.36";"0";"0"
"E";"2017-09-11";"2017-09-12";"900.9274";"81.59";"0.25";"3451.49";"653.8";"1104.2161";"12135.54";"20105.81";"0";"0"
"E";"2017-09-10";"2017-09-11";"898.1352";"81.33";"0.43";"4844.98";"64";"1104.2622";"12136.73";"20104.77";"0";"0"
"E";"2017-09-09";"2017-09-10";"893.3399";"80.9";"0.4";"4469.9";"88.9";"1104.2622";"12137.39";"20102.89";"0";"0"
"E";"2017-09-08";"2017-09-09";"888.922";"80.5";"0.34";"3908.97";"189.8";"1104.2622";"12137.86";"20101.48";"0";"0"
"E";"2017-09-07";"2017-09-08";"885.1854";"79.35";"0.34";"3900.84";"267.4";"1115.61";"12138.44";"20136.23";"0";"0"
"E";"2017-09-06";"2017-09-07";"881.437";"79.01";"0.34";"3938.75";"163.4";"1115.61";"12139.03";"20134.6";"0";"0"
"E";"2017-09-05";"2017-09-06";"877.6304";"78.67";"0.31";"3952.77";"267.1";"1115.61";"12139.37";"20133.59";"0";"0"
"E";"2017-09-04";"2017-09-05";"874.1317";"78.3";"0.34";"4009.13";"175.7";"1116.437";"12139.97";"20131.85";"0";"0"
"E";"2017-09-03";"2017-09-04";"870.3198";"77.95";"0.46";"5046.41";"84.7";"1116.4838";"12141.2";"20131.04";"0";"0"
"E";"2017-09-02";"2017-09-03";"865.2143";"77.49";"0.43";"4921.4";"43.9";"1116.4838";"12141.82";"20129.34";"0";"0"
"E";"2017-09-01";"2017-09-02";"860.442";"77.07";"0.3";"4244.23";"178.7";"1116.4838";"12151.61";"20127.05";"0";"0"
"E";"2017-08-31";"2017-09-01";"857.038";"76.73";"0.35";"4291.69";"371.1";"1116.9228";"12151.63";"20126.82";"0";"0"
"E";"2017-08-30";"2017-08-31";"853.1485";"76.38";"0.38";"4477.58";"226.7";"1116.9228";"12151.78";"20126.23";"0";"0"
"E";"2017-08-29";"2017-08-30";"848.9326";"76.01";"0.4";"4617";"175.1";"1116.9228";"12151.72";"20126.29";"0";"0"
"E";"2017-08-28";"2017-08-29";"844.4959";"75.61";"0.42";"4703.4";"134.5";"1116.9228";"12151.89";"20125.62";"0";"0"
"E";"2017-08-27";"2017-08-28";"839.8093";"75.19";"0.5";"5753.13";"43.9";"1116.915";"12152.17";"20124.35";"0";"0"
"E";"2017-08-26";"2017-08-27";"834.1921";"74.69";"0.5";"5614.38";"49.4";"1116.915";"12152.51";"20123.32";"0";"0"
"E";"2017-08-25";"2017-08-26";"828.5521";"74.18";"0.42";"4768.29";"85.6";"1116.915";"12152.81";"20122.51";"0";"0"
"E";"2017-08-24";"2017-08-25";"823.8904";"73.76";"0.38";"4392.74";"115.7";"1116.915";"12153.01";"20122.16";"0";"0"
"E";"2017-08-23";"2017-08-24";"819.6173";"73.38";"0.39";"4587.48";"112.5";"1116.915";"12153.08";"20121.93";"0";"0"
"E";"2017-08-22";"2017-08-23";"815.2138";"72.99";"0.39";"4564.82";"157";"1116.915";"12152.78";"20122.76";"0";"0"
"E";"2017-08-21";"2017-08-22";"810.8473";"72.6";"0.37";"4577.59";"425.1";"1116.915";"12153.04";"20122.05";"0";"0"
"E";"2017-08-20";"2017-08-21";"806.7266";"72.23";"0.47";"5448.65";"137.8";"1116.834";"12152.36";"20119.05";"0";"0"
"E";"2017-08-19";"2017-08-20";"801.4563";"71.76";"0.49";"5519.78";"123.9";"1116.834";"12152.94";"20117.38";"0";"0"
"E";"2017-08-18";"2017-08-19";"795.9897";"71.27";"0.48";"5421.65";"111.3";"1116.834";"12153.11";"20116.71";"0";"0"
"E";"2017-08-17";"2017-08-18";"790.6694";"70.8";"0.47";"5423.61";"147.9";"1116.834";"12153.53";"20115.64";"0";"0"
"E";"2017-08-16";"2017-08-17";"785.4093";"70.31";"0.51";"5349.22";"68.5";"1117.0763";"12154.1";"20113.83";"0";"0"
"E";"2017-08-15";"2017-08-16";"779.6974";"69.81";"0.45";"5590.94";"62.6";"1116.834";"12154.91";"20111.66";"0";"0"
"E";"2017-08-14";"2017-08-15";"774.6901";"69.36";"0.63";"5568.78";"86.5";"1116.834";"12155.75";"20109.49";"0";"0"
"E";"2017-08-13";"2017-08-14";"767.623";"68.73";"0.38";"6056.2";"48.6";"1116.8346";"12156.58";"20107.31";"0";"0"
"E";"2017-08-12";"2017-08-13";"763.3244";"68.35";"0.53";"5988.51";"55.8";"1116.8346";"12157.36";"20105.15";"0";"0"
"E";"2017-08-11";"2017-08-12";"757.4041";"67.82";"0.44";"5206.16";"222.7";"1116.8346";"12157.96";"20103.58";"0";"0"
"E";"2017-08-10";"2017-08-11";"752.4415";"67.37";"0.39";"4639.36";"274.4";"1116.8346";"12158.06";"20103.16";"0";"0"
"E";"2017-08-09";"2017-08-10";"748.1091";"66.98";"0.37";"4675.63";"494.4";"1116.8346";"12158.67";"20101.72";"0";"0"
"E";"2017-08-08";"2017-08-09";"743.9534";"66.61";"0.36";"4531.74";"469.6";"1116.8346";"12159.04";"20100.71";"0";"0"
"E";"2017-08-07";"2017-08-08";"739.8911";"66.25";"0.44";"5173.78";"263";"1116.8346";"12159.86";"20098.67";"0";"0"
"E";"2017-08-06";"2017-08-07";"734.9724";"65.81";"0.51";"5689.88";"91.1";"1116.7983";"12160.15";"20095.87";"0";"0"
"E";"2017-08-05";"2017-08-06";"729.3122";"65.3";"0.49";"5619.99";"170.3";"1116.7983";"12160.89";"20093.94";"0";"0"
"E";"2017-08-04";"2017-08-05";"723.7936";"64.81";"0.44";"5152.88";"237.3";"1116.7983";"12161.65";"20091.94";"0";"0"
"E";"2017-08-03";"2017-08-04";"718.893";"64.37";"0.4";"4743.27";"283.8";"1116.7983";"12162.33";"20090.32";"0";"0"
"E";"2017-08-02";"2017-08-03";"714.4268";"63.97";"0.34";"4215.18";"433.4";"1116.7983";"12156.16";"20089.18";"0";"0"
"E";"2017-08-01";"2017-08-02";"710.6181";"63.63";"0.29";"4452.7";"259.5";"1116.7983";"12163.27";"20087.84";"0";"0"
"E";"2017-07-31";"2017-08-01";"707.3726";"63.34";"0.51";"5049.48";"264.6";"1116.7983";"12146.95";"20085.96";"0";"0"
"E";"2017-07-30";"2017-07-31";"701.7007";"62.83";"0.54";"6059.1";"54.5";"1116.8515";"12157.51";"20084.87";"0";"0"
"E";"2017-07-29";"2017-07-30";"695.6972";"62.29";"0.51";"5739.69";"70.3";"1116.8515";"12144.29";"19941.32";"0";"0"
"E";"2017-07-28";"2017-07-29";"690.0404";"61.78";"0.45";"5181.1";"122.8";"1116.8515";"12114.92";"20081.08";"0";"0"
"E";"2017-07-27";"2017-07-28";"684.9955";"61.33";"0.41";"4663.87";"129.7";"1116.8515";"12099.22";"20080.17";"0";"0"
"E";"2017-07-26";"2017-07-27";"680.4695";"60.93";"0.4";"4718.86";"200.7";"1116.8515";"12074.71";"20078.93";"0";"0"
"E";"2017-07-25";"2017-07-26";"675.9804";"60.53";"0.39";"4713.03";"263.5";"1116.8515";"12074.92";"20078.41";"0";"0"
"E";"2017-07-24";"2017-07-25";"671.5697";"60.13";"0.37";"4538.57";"277.6";"1116.8515";"12075.37";"20077.22";"0";"0"
"E";"2017-07-23";"2017-07-24";"667.4321";"59.76";"0.49";"5748.27";"242.8";"1116.8277";"12075.72";"20075.05";"0";"0"
"E";"2017-07-22";"2017-07-23";"661.9168";"59.27";"0.5";"5748.52";"189.3";"1116.8277";"12076.25";"20073.64";"0";"0"
"E";"2017-07-21";"2017-07-22";"656.3535";"58.77";"0.38";"4476";"263.1";"1116.8277";"12076.45";"20072.91";"0";"0"
"E";"2017-07-20";"2017-07-21";"652.1393";"58.39";"0.43";"4256.23";"454.4";"1116.8277";"12076.5";"20072.61";"0";"0"
"E";"2017-07-19";"2017-07-20";"647.2856";"57.96";"0.34";"4280.22";"163.6";"1116.8277";"12076.74";"20071.76";"0";"0"
"E";"2017-07-18";"2017-07-19";"643.4465";"57.61";"0.29";"4437.91";"143.7";"1116.8277";"12077.15";"20070.68";"0";"0"
"E";"2017-07-17";"2017-07-18";"640.1519";"57.32";"0.27";"4623.44";"209.2";"1116.8277";"12077.88";"20068.77";"0";"0"
"E";"2017-07-16";"2017-07-17";"637.1255";"57.05";"0.47";"5582.26";"204.9";"1116.6927";"12044.31";"20063.93";"0";"0"
"E";"2017-07-15";"2017-07-16";"631.8461";"56.58";"0.43";"5155.24";"230.5";"1116.6927";"12044.94";"20062.34";"0";"0"
"E";"2017-07-14";"2017-07-15";"627.0146";"56.15";"0.46";"4209.54";"271.2";"1116.6927";"12045.32";"20061.38";"0";"0"
"E";"2017-07-13";"2017-07-14";"621.9284";"55.69";"0.32";"3900.44";"251.8";"1116.6927";"12045.58";"20060.76";"0";"0"
"E";"2017-07-12";"2017-07-13";"618.3151";"55.37";"0.18";"3806.77";"511.2";"1116.6927";"12046";"20059.68";"0";"0"
"E";"2017-07-11";"2017-07-12";"616.2621";"55.19";"0.3";"3814.32";"444.2";"1116.6927";"12045.99";"20059.82";"0";"0"
"E";"2017-07-10";"2017-07-11";"612.9026";"54.89";"0.35";"4005.7";"219.6";"1116.6927";"12046.61";"20058.22";"0";"0"
"E";"2017-07-09";"2017-07-10";"609.0252";"54.53";"0.55";"5413.75";"107.2";"1116.7941";"12048.63";"20058.47";"0";"0"
"E";"2017-07-08";"2017-07-09";"602.8594";"53.98";"0.48";"5466.66";"108.3";"1116.7941";"12049.29";"20056.53";"0";"0"
"E";"2017-07-07";"2017-07-08";"597.4946";"53.5";"0.25";"4282.42";"237.5";"1116.7941";"12049.79";"20055.3";"0";"0"
"E";"2017-07-06";"2017-07-07";"594.7058";"53.25";"0.33";"3967.81";"306.9";"1116.7941";"12050.36";"20054.31";"0";"0"
"E";"2017-07-05";"2017-07-06";"591.0514";"52.92";"0.4";"4141.7";"342";"1116.7941";"11998.1";"20053.34";"0";"0"
"E";"2017-07-04";"2017-07-05";"586.538";"52.52";"0.28";"4016.84";"267.2";"1116.7941";"11998.22";"20053.07";"0";"0"
"E";"2017-07-03";"2017-07-04";"583.4499";"52.24";"0.52";"4479.01";"221.7";"1116.7941";"11999.79";"20051.52";"0";"0"
"E";"2017-07-02";"2017-07-03";"577.6513";"51.72";"0.47";"5365.31";"108.8";"1116.7855";"12000.34";"20049.7";"0";"0"
"E";"2017-07-01";"2017-07-02";"572.4047";"51.25";"0.44";"5160.41";"150.6";"1116.7855";"12001.02";"20047.91";"0";"0"
"E";"2017-06-30";"2017-07-01";"567.4399";"50.81";"0.33";"4018.77";"375.1";"1116.7855";"12053.18";"20046.03";"0";"0"
"E";"2017-06-29";"2017-06-30";"563.7431";"50.48";"0.38";"3654.61";"636.7";"1116.7855";"12053.7";"20044.55";"0";"0"
"E";"2017-06-28";"2017-06-29";"559.513";"50.1";"0.26";"3240.83";"385.4";"1116.7855";"12053.82";"20044.3";"0";"0"
"E";"2017-06-27";"2017-06-28";"556.6067";"49.84";"0.24";"3124.63";"466.5";"1116.7855";"12054.17";"20043.65";"0";"0"
"E";"2017-06-26";"2017-06-27";"553.8873";"49.6";"0.32";"3277.12";"417.5";"1116.7855";"12054.46";"20043.06";"0";"0"
"E";"2017-06-25";"2017-06-26";"550.2855";"49.27";"0.39";"4598.35";"274.7";"1116.8255";"12055.49";"20042.74";"0";"0"
"E";"2017-06-24";"2017-06-25";"545.9349";"48.88";"0.38";"4625.46";"301.8";"1116.8255";"12056";"20041.54";"0";"0"
"E";"2017-06-23";"2017-06-24";"541.7098";"48.5";"0.24";"3455.78";"751";"1116.8255";"12056.05";"20041.63";"0";"0"
"E";"2017-06-22";"2017-06-23";"539.0078";"48.26";"0.31";"3143.11";"1262.7";"1116.8255";"12055.91";"20042.46";"0";"0"
"E";"2017-06-21";"2017-06-22";"535.5025";"48.02";"0.19";"3350.84";"1288.3";"1115.2055";"12055.38";"20043.59";"0";"0"
"E";"2017-06-20";"2017-06-21";"533.4194";"47.83";"0.19";"3353.39";"1157.8";"1115.2055";"12055.07";"20045.08";"0";"0"
"E";"2017-06-19";"2017-06-20";"531.2459";"47.64";"0.23";"3380.12";"864.8";"1115.2055";"12033.92";"20045.35";"0";"0"
"E";"2017-06-18";"2017-06-19";"528.7052";"47.4";"0.35";"4323.56";"324.7";"1115.3073";"12004.08";"20046.88";"0";"0"
"E";"2017-06-17";"2017-06-18";"524.8271";"47.06";"0.35";"4231.76";"350.9";"1115.3073";"12004.43";"20046.03";"0";"0"
"E";"2017-06-16";"2017-06-17";"520.9159";"46.71";"0.31";"3793.01";"353.9";"1115.3073";"12004.38";"20046.04";"0";"0"
"E";"2017-06-15";"2017-06-16";"517.4776";"46.4";"0.31";"3802.15";"412.3";"1115.3073";"12003.8";"20047.57";"0";"0"
"E";"2017-06-14";"2017-06-15";"514.0679";"46.09";"0.31";"3799.9";"385.9";"1115.3073";"12003.97";"20047.22";"0";"0"
"E";"2017-06-13";"2017-06-14";"510.625";"45.78";"0.34";"4092.35";"345.5";"1115.3073";"12004.5";"20045.85";"0";"0"
"E";"2017-06-12";"2017-06-13";"506.8514";"45.44";"0.39";"4462.97";"257.8";"1115.3073";"12005.26";"20043.63";"0";"0"
"E";"2017-06-11";"2017-06-12";"502.5024";"45.06";"0.51";"5818.11";"171.8";"1115.234";"12005.08";"20039.88";"0";"0"
"E";"2017-06-10";"2017-06-11";"496.7853";"44.55";"0.46";"5370.72";"328.4";"1115.234";"11926.9";"20038.05";"0";"0"
"E";"2017-06-09";"2017-06-10";"491.6787";"44.09";"0.4";"4795.93";"386.2";"1115.234";"11924.41";"20039.28";"0";"0"
"E";"2017-06-08";"2017-06-09";"487.2351";"43.69";"0.33";"4493.7";"442.4";"1115.234";"11843.94";"20037.64";"0";"0"
"E";"2017-06-07";"2017-06-08";"483.5484";"43.36";"0.37";"4548.24";"420.7";"1115.234";"11844.35";"20035.79";"0";"0"
"E";"2017-06-06";"2017-06-07";"479.3851";"42.99";"0.38";"4743.35";"256.5";"1115.234";"12007.38";"20033.17";"0";"0"
"E";"2017-06-05";"2017-06-06";"475.1144";"42.6";"0.47";"5416.39";"213.8";"1115.234";"12008.23";"20030.73";"0";"0"
"E";"2017-06-04";"2017-06-05";"469.8954";"42.14";"0.54";"5993.75";"70.1";"1115.1346";"12007.7";"20026.13";"0";"0"
"E";"2017-06-03";"2017-06-04";"463.8835";"41.6";"0.53";"5920.1";"62.8";"1115.1346";"12008.6";"20023.59";"0";"0"
"E";"2017-06-02";"2017-06-03";"457.9562";"41.07";"0.45";"5155.12";"177";"1115.1346";"12009.32";"20021.54";"0";"0"
"E";"2017-06-01";"2017-06-02";"452.9095";"40.61";"0.41";"4601.96";"169";"1115.1346";"12009.8";"20019.59";"0";"0"
"E";"2017-05-31";"2017-06-01";"448.3218";"40.2";"0.34";"4194.85";"241.6";"1115.1346";"12010.63";"20093.22";"0";"0"
"E";"2017-05-30";"2017-05-31";"444.5249";"39.86";"0.38";"4423.24";"205.1";"1115.1346";"12011.17";"20091.59";"0";"0"
"E";"2017-05-29";"2017-05-30";"440.2639";"39.48";"0.4";"4623.68";"237";"1115.1346";"12012.02";"20089.18";"0";"0"
"E";"2017-05-28";"2017-05-29";"435.8383";"39.08";"0.53";"5892.4";"72.5";"1115.1928";"12013.79";"20087.83";"0";"0"
"E";"2017-05-27";"2017-05-28";"429.9529";"38.55";"0.53";"5872.11";"67.4";"1115.1928";"12014.5";"20085.79";"0";"0"
"E";"2017-05-26";"2017-05-27";"424.0833";"38.03";"0.47";"5241.84";"110.6";"1115.1928";"12015.44";"20083.17";"0";"0"
"E";"2017-05-25";"2017-05-26";"418.8961";"37.56";"0.44";"4974.28";"156.2";"1115.1928";"12016.16";"20081.11";"0";"0"
"E";"2017-05-24";"2017-05-25";"413.9928";"37.12";"0.38";"4423.65";"211.9";"1115.1928";"12016.94";"20078.91";"0";"0"
"E";"2017-05-23";"2017-05-24";"409.7187";"36.74";"0.38";"4423.35";"247";"1115.1928";"12017.82";"20076.45";"0";"0"
"E";"2017-05-22";"2017-05-23";"405.4791";"36.36";"0.38";"4409.39";"188.1";"1115.1928";"12018.66";"20074.11";"0";"0"
"E";"2017-05-21";"2017-05-22";"401.2585";"35.98";"0.45";"5091.77";"65.8";"1115.1785";"12019.19";"20071.71";"0";"0"
"E";"2017-05-20";"2017-05-21";"396.1854";"35.53";"0.41";"4726.25";"171.2";"1115.1785";"12019.82";"20069.81";"0";"0"
"E";"2017-05-19";"2017-05-20";"391.5969";"35.12";"0.33";"3890.46";"225.7";"1115.1785";"12020.42";"20068.06";"0";"0"
"E";"2017-05-18";"2017-05-19";"387.9068";"34.78";"0.32";"3806.69";"249.2";"1115.1785";"12020.87";"20066.74";"0";"0"
"E";"2017-05-17";"2017-05-18";"384.3192";"34.46";"0.32";"3742.05";"172.8";"1115.1785";"12021.27";"20065.58";"0";"0"
"E";"2017-05-16";"2017-05-17";"380.7333";"34.14";"0.29";"3394.18";"163.4";"1115.1785";"12021.38";"20065.28";"0";"0"
"E";"2017-05-15";"2017-05-16";"377.5286";"33.85";"0.28";"3286.74";"265.3";"1115.1785";"12021.69";"20064.4";"0";"0"
"E";"2017-05-14";"2017-05-15";"374.4448";"33.57";"0.35";"4000.54";"124.7";"1115.3226";"12024.08";"20066.36";"0";"0"
"E";"2017-05-13";"2017-05-14";"370.5416";"33.22";"0.33";"3824.07";"222.9";"1115.3226";"12024.65";"20064.81";"0";"0"
"E";"2017-05-12";"2017-05-13";"366.88";"32.89";"0.25";"3140.72";"366.6";"1115.3226";"12025.21";"20063.34";"0";"0"
"E";"2017-05-11";"2017-05-12";"364.0948";"32.64";"0.19";"2605.62";"506.8";"1115.3226";"12025.22";"20063.32";"0";"0"
"E";"2017-05-10";"2017-05-11";"361.9808";"32.46";"0.12";"2156.71";"780.1";"1115.3226";"12024.97";"20063.98";"0";"0"
"E";"2017-05-09";"2017-05-10";"360.5964";"32.33";"0.07";"1987.6";"1055.1";"1115.3226";"12024.98";"20063.8";"0";"0"
"E";"2017-05-08";"2017-05-09";"359.7931";"32.26";"0.14";"2109.09";"487.2";"1115.3226";"12024.99";"20063.42";"0";"0"
"E";"2017-05-07";"2017-05-08";"358.1978";"32.12";"0.29";"3407.17";"133.7";"1115.3009";"12025.22";"20061.76";"0";"0"
"E";"2017-05-06";"2017-05-07";"354.9096";"31.82";"0.26";"3136.27";"254";"1115.3009";"12025.62";"20060.64";"0";"0"
"E";"2017-05-05";"2017-05-06";"352.0058";"31.56";"0.19";"2429.68";"299.3";"1115.3009";"12025.66";"20060.43";"0";"0"
"E";"2017-05-04";"2017-05-05";"349.8517";"31.37";"0.18";"2351.94";"386.8";"1115.3009";"12025.71";"20060.07";"0";"0"
"E";"2017-05-03";"2017-05-04";"347.7895";"31.18";"0.18";"2293.36";"475.5";"1115.3003";"12025.65";"20060.12";"0";"0"
"E";"2017-05-02";"2017-05-03";"345.8207";"31.01";"0.14";"2208.97";"671.9";"1115.3003";"12025.9";"20059.44";"0";"0"
"E";"2017-05-01";"2017-05-02";"344.2967";"30.87";"0.24";"2999.67";"269.4";"1115.3003";"12026.06";"20059.03";"0";"0"
"E";"2017-04-30";"2017-05-01";"341.6677";"30.63";"0.29";"3158.12";"220.3";"1115.3077";"12026.39";"20058.13";"0";"0"
"E";"2017-04-29";"2017-04-30";"338.4192";"30.34";"0.16";"2276.35";"543.8";"1115.3077";"11986.99";"19701.13";"0";"0"
"E";"2017-04-28";"2017-04-29";"336.6639";"30.19";"0.04";"1413.99";"1009.1";"1115.3077";"11986.85";"19701.68";"0";"0"
"E";"2017-04-27";"2017-04-28";"336.2213";"30.15";"0.01";"1288.98";"1231.5";"1115.3077";"11986.75";"19701.98";"0";"0"
"E";"2017-04-26";"2017-04-27";"336.1487";"30.14";"0.49";"1405.68";"1393.6";"1115.3077";"11986.77";"19702.11";"0";"0"
"E";"2017-04-25";"2017-04-26";"330.6951";"29.68";"-0.4";"1858.5";"823.6";"1114.0807";"11987.01";"19701.68";"0";"0"
"E";"2017-04-24";"2017-04-25";"335.1558";"30.05";"0.13";"1836.4";"444.1";"1115.3077";"11987.2";"19701.21";"0";"0"
"E";"2017-04-23";"2017-04-24";"333.7039";"29.92";"0.19";"2372.74";"285.6";"1115.2821";"11987";"19699.87";"0";"0"
"E";"2017-04-22";"2017-04-23";"331.5904";"29.73";"0.18";"2350.81";"347.2";"1115.2821";"11987.55";"19698.92";"0";"0"
"E";"2017-04-21";"2017-04-22";"329.5396";"29.55";"0.03";"1356.85";"1008.5";"1115.2821";"11987.91";"19698.07";"0";"0"
"E";"2017-04-20";"2017-04-21";"329.1776";"29.52";"-0.07";"947.68";"1791.8";"1115.2821";"11988.1";"19697.72";"0";"0"
"E";"2017-04-19";"2017-04-20";"329.9752";"29.59";"-0.08";"939.16";"1858.5";"1115.2631";"11988.28";"19697.25";"0";"0"
"E";"2017-04-18";"2017-04-19";"330.9066";"29.67";"0.08";"1503.83";"1164.2";"1115.2631";"11988.62";"19696.51";"0";"0"
"E";"2017-04-17";"2017-04-18";"329.9891";"29.62";"0.21";"2746.22";"399.2";"1114.0361";"11989.25";"19694.8";"0";"0"
"E";"2017-04-16";"2017-04-17";"327.6434";"29.41";"0.23";"3015.04";"261";"1114.0555";"11990.28";"19693.12";"0";"0"
"E";"2017-04-15";"2017-04-16";"325.0496";"29.18";"0.27";"3262.25";"193.8";"1114.0555";"11990.95";"19691.35";"0";"0"
"E";"2017-04-14";"2017-04-15";"322.0513";"28.91";"0.2";"2767.81";"355.7";"1114.0555";"11991.49";"19689.9";"0";"0"
"E";"2017-04-13";"2017-04-14";"319.783";"28.67";"0.16";"2321.13";"562.3";"1115.2825";"11991.87";"19688.8";"0";"0"
"E";"2017-04-12";"2017-04-13";"318.0493";"28.52";"0.17";"2269.77";"385.3";"1115.2825";"11992.21";"19687.77";"0";"0"
"E";"2017-04-11";"2017-04-12";"316.1886";"28.35";"0.18";"2361.86";"343.8";"1115.2825";"11992.63";"19686.55";"0";"0"
"E";"2017-04-10";"2017-04-11";"314.1864";"28.17";"0.2";"2600.1";"344.5";"1115.2825";"11993.28";"19684.68";"0";"0"
"E";"2017-04-09";"2017-04-10";"311.9642";"27.97";"0.31";"3648.27";"190.7";"1115.2956";"11994.13";"19682.96";"0";"0"
"E";"2017-04-08";"2017-04-09";"308.5052";"27.66";"0.21";"2751.03";"421.7";"1115.2956";"11994.39";"19682.1";"0";"0"
"E";"2017-04-07";"2017-04-08";"306.1816";"27.45";"0.1";"1676.28";"565.3";"1115.2956";"11994.48";"19681.66";"0";"0"
"E";"2017-04-06";"2017-04-07";"305.0827";"27.35";"0.08";"1530.44";"573.3";"1115.2956";"11994.66";"19681.27";"0";"0"
"E";"2017-04-05";"2017-04-06";"304.1587";"27.29";"0.13";"1979.95";"521.6";"1114.66";"11991.27";"19674.38";"0";"0"
"E";"2017-04-04";"2017-04-05";"302.7218";"27.16";"0.17";"2218.61";"334.1";"1114.66";"11991.91";"19672.5";"0";"0"
"E";"2017-04-03";"2017-04-04";"300.8482";"26.99";"0.17";"2313.61";"390.9";"1114.66";"11992.42";"19671.15";"0";"0"
"E";"2017-04-02";"2017-04-03";"298.9423";"26.82";"0.47";"3113.98";"204.2";"1114.5578";"11859.93";"20023.78";"0";"0"
"E";"2017-04-01";"2017-04-02";"293.6777";"26.5";"0.3";"3318.55";"126.4";"1108.3618";"11884.23";"19698.32";"0";"0"
"E";"2017-03-31";"2017-04-01";"290.375";"26.06";"-0.14";"2384.2";"1093.3";"1114.0569";"12096.24";"20003.27";"0";"0"
"E";"2017-03-30";"2017-03-31";"291.8903";"26.1";"0.09";"1941.93";"921.2";"1118.25";"12114.13";"20048.61";"0";"0"
"E";"2017-03-29";"2017-03-30";"290.8742";"26.01";"0.02";"1240.57";"967";"1118.25";"12114.18";"20048.38";"0";"0"
"E";"2017-03-28";"2017-03-29";"290.6202";"25.99";"-0.04";"962.72";"1479.2";"1118.25";"12114.2";"20048.23";"0";"0"
"E";"2017-03-27";"2017-03-28";"291.0554";"26.03";"-0.09";"807.72";"1648.8";"1118.25";"12128.11";"20047.91";"0";"0"
"E";"2017-03-26";"2017-03-27";"292.091";"26.12";"0.05";"1525.03";"890.3";"1118.2424";"12128.17";"20047.24";"0";"0"
"E";"2017-03-25";"2017-03-26";"291.4803";"26.08";"0.04";"1408.1";"944.5";"1117.529";"11943.89";"19771.57";"0";"0"
"E";"2017-03-24";"2017-03-25";"291.0255";"26.03";"-0.07";"779.62";"1511.7";"1118.2424";"12128.69";"20045.75";"0";"0"
"E";"2017-03-23";"2017-03-24";"291.7582";"26.09";"-0.1";"671.86";"1719.8";"1118.2424";"12128.86";"20045.21";"0";"0"
"E";"2017-03-22";"2017-03-23";"292.8258";"26.19";"-0.14";"589.32";"2091.7";"1118.2424";"12128.99";"20044.91";"0";"0"
"E";"2017-03-21";"2017-03-22";"294.3435";"26.32";"-0.04";"830.09";"1849.2";"1118.2424";"12129.21";"20044.3";"0";"0"
"E";"2017-03-20";"2017-03-21";"294.7579";"26.36";"-0.11";"903.89";"1443.1";"1118.2321";"12128.89";"20043.7";"0";"0"
"E";"2017-03-19";"2017-03-20";"295.935";"26.46";"0.06";"1749.02";"1121.5";"1118.2649";"12129.56";"20044.69";"0";"0"
"E";"2017-03-18";"2017-03-19";"295.2727";"26.4";"0.02";"1499.17";"1266.3";"1118.2649";"12129.63";"20044.51";"0";"0"
"E";"2017-03-17";"2017-03-18";"295.0296";"26.39";"-0.08";"706.75";"1614";"1118.1599";"12120.81";"20044.03";"0";"0"
"E";"2017-03-16";"2017-03-17";"295.9549";"26.47";"-0.08";"768.84";"1693.9";"1118.1599";"12120.81";"20044.06";"0";"0"
"E";"2017-03-15";"2017-03-16";"296.9013";"26.55";"-0.14";"659.68";"2180.3";"1118.1597";"12124.58";"20060.31";"0";"0"
"E";"2017-03-14";"2017-03-15";"298.4409";"26.69";"-0.18";"432.16";"2417.6";"1118.1597";"12124.55";"20060.51";"0";"0"
"E";"2017-03-13";"2017-03-14";"300.4407";"26.87";"-0.26";"477.54";"2824";"1118.1597";"12124.61";"20060.57";"0";"0"
"E";"2017-03-12";"2017-03-13";"303.3379";"27.13";"-0.04";"1241.51";"1579.2";"1118.1672";"12120.88";"20044.3";"0";"0"
"E";"2017-03-11";"2017-03-12";"303.7839";"27.17";"-0.04";"1140.41";"1585";"1118.1672";"12121.03";"20043.92";"0";"0"
"E";"2017-03-10";"2017-03-11";"304.255";"27.21";"-0.14";"586.97";"2217.4";"1118.1672";"12121.14";"19653.98";"0";"0"
"E";"2017-03-09";"2017-03-10";"305.8052";"27.35";"-0.17";"469.46";"2515.5";"1118.1672";"12121.16";"19653.98";"0";"0"
"E";"2017-03-08";"2017-03-09";"307.7062";"27.52";"-0.25";"406.06";"3286.8";"1118.1672";"12121.02";"19653.98";"0";"0"
"E";"2017-03-07";"2017-03-08";"310.4579";"27.76";"-0.33";"176.29";"3879";"1118.1672";"12120.61";"19968.91";"0";"0"
"E";"2017-03-06";"2017-03-07";"314.1558";"28.1";"-0.27";"277.58";"3328.4";"1118.1672";"12120.46";"20045.4";"0";"0"
"E";"2017-03-05";"2017-03-06";"317.2042";"28.37";"-0.1";"667.01";"1738.6";"1118.1573";"12120.4";"20045.04";"0";"0"
"E";"2017-03-04";"2017-03-05";"318.315";"28.47";"-0.09";"813.98";"1739";"1118.1573";"12120.56";"19849.18";"0";"0"
"E";"2017-03-03";"2017-03-04";"319.285";"28.55";"-0.25";"468";"3246.8";"1118.1572";"12125.04";"19669.73";"0";"0"
"E";"2017-03-02";"2017-03-03";"322.1112";"28.81";"-0.3";"390.82";"3649.9";"1118.1572";"12124.82";"19809.24";"0";"0"
"E";"2017-03-01";"2017-03-02";"325.4247";"29.1";"-0.33";"310.76";"3949";"1118.1572";"12124.31";"20080.2";"0";"0"
"E";"2017-02-28";"2017-03-01";"329.0927";"29.43";"-0.36";"306.34";"4232";"1118.1572";"12124.07";"20080.94";"0";"0"
"E";"2017-02-27";"2017-02-28";"333.0788";"29.79";"-0.27";"526.75";"3600";"1118.1572";"12123.77";"20081.77";"0";"0"
"E";"2017-02-26";"2017-02-27";"336.1513";"30.06";"-0.19";"692.6";"2762.1";"1118.1513";"12123.49";"20082.22";"0";"0"
"E";"2017-02-25";"2017-02-26";"338.2343";"30.25";"-0.28";"439.38";"3577.7";"1118.1513";"12123.22";"20082.98";"0";"0"
"E";"2017-02-24";"2017-02-25";"341.3823";"30.53";"-0.39";"366.15";"4665.9";"1118.1513";"12122.74";"20084.27";"0";"0"
"E";"2017-02-23";"2017-02-24";"345.7027";"30.92";"-0.3";"420.05";"3795.7";"1118.1513";"12122.41";"20085.25";"0";"0"
"E";"2017-02-22";"2017-02-23";"349.0822";"31.22";"-0.26";"632.41";"3558.8";"1118.1513";"12122.23";"20085.64";"0";"0"
"E";"2017-02-21";"2017-02-22";"352.0054";"31.48";"-0.27";"646.82";"3719.9";"1118.1513";"12121.99";"20086.22";"0";"0"
"E";"2017-02-20";"2017-02-21";"355.0428";"31.75";"-0.42";"610.56";"4237.9";"1118.1513";"12121.58";"20087.33";"0";"0"
"E";"2017-02-19";"2017-02-20";"359.766";"32.18";"-0.26";"766.53";"3666.7";"1118.1491";"12121.35";"20087.85";"0";"0"
"E";"2017-02-18";"2017-02-19";"362.6808";"32.44";"-0.25";"759.17";"3592.8";"1118.1491";"12121.09";"20088.49";"0";"0"
"E";"2017-02-17";"2017-02-18";"365.5203";"32.69";"-0.4";"391.29";"4848.5";"1118.1491";"12120.6";"20089.8";"0";"0"
"E";"2017-02-16";"2017-02-17";"369.9922";"33.09";"-0.43";"209.5";"5023.1";"1118.1491";"12120.04";"20091.48";"0";"0"
"E";"2017-02-15";"2017-02-16";"374.8312";"33.52";"-0.44";"284.72";"5650.1";"1118.1491";"12119.58";"20092.92";"0";"0"
"E";"2017-02-14";"2017-02-15";"379.714";"33.96";"-0.56";"299.98";"6534.5";"1118.1491";"12119.13";"20094.44";"0";"0"
"E";"2017-02-13";"2017-02-14";"385.9986";"34.52";"-0.54";"302.24";"6873.4";"1118.1491";"12118.55";"20096.24";"0";"0"
"E";"2017-02-12";"2017-02-13";"391.9903";"35.06";"-0.4";"426.71";"5304.1";"1118.151";"12112.75";"20081.46";"0";"0"
"E";"2017-02-11";"2017-02-12";"396.4687";"35.46";"-0.54";"310.23";"6328.3";"1118.151";"12112.26";"20033.91";"0";"0"
"E";"2017-02-10";"2017-02-11";"402.5625";"36";"-0.73";"219.84";"8493.9";"1118.151";"12111.46";"20084.96";"0";"0"
"E";"2017-02-09";"2017-02-10";"410.7083";"36.73";"-0.72";"214.95";"8322";"1118.151";"12110.67";"20087.06";"0";"0"
"E";"2017-02-08";"2017-02-09";"418.7052";"37.45";"-0.61";"236.47";"7167.1";"1118.151";"12109.88";"20089.11";"0";"0"
"E";"2017-02-07";"2017-02-08";"425.5175";"38.06";"-0.55";"374.31";"6472.4";"1118.151";"12109.17";"20091.07";"0";"0"
"E";"2017-02-06";"2017-02-07";"431.6398";"38.6";"-0.52";"470.3";"6238.7";"1118.151";"12108.56";"20092.76";"0";"0"
"E";"2017-02-05";"2017-02-06";"437.3985";"39.12";"-0.3";"984.35";"4321.6";"1118.1433";"12108.05";"19830.12";"0";"0"
"E";"2017-02-04";"2017-02-05";"440.7863";"39.42";"-0.29";"1171.92";"4250.1";"1118.1433";"12107.45";"20095.41";"0";"0"
"E";"2017-02-03";"2017-02-04";"444.0168";"39.71";"-0.37";"1029.81";"5161.4";"1118.1432";"12113.45";"20112.28";"0";"0"
"E";"2017-02-02";"2017-02-03";"448.1729";"40.08";"-0.43";"900.07";"5817.3";"1118.1432";"12112.99";"20113.9";"0";"0"
"E";"2017-02-01";"2017-02-02";"453.0172";"40.52";"-0.45";"604.54";"6835.6";"1118.1432";"12112.5";"20123.91";"0";"0"
"E";"2017-01-31";"2017-02-01";"458.0962";"40.99";"-0.63";"357.42";"7316.3";"1117.6778";"12111.89";"20125.9";"0";"0"
"E";"2017-01-30";"2017-01-31";"465.1106";"41.61";"-0.6";"311.5";"7059.4";"1117.6778";"12111.35";"20127.61";"0";"0"
"E";"2017-01-29";"2017-01-30";"471.8188";"42.21";"-0.52";"557.07";"6399.9";"1117.6825";"12110.97";"20129.14";"0";"0"
"E";"2017-01-28";"2017-01-29";"477.6734";"42.74";"-0.55";"516.52";"6617.4";"1117.6825";"12110.46";"20130.78";"0";"0"
"E";"2017-01-27";"2017-01-28";"483.7682";"43.28";"-0.77";"231.58";"8849.9";"1117.6825";"12109.82";"20132.98";"0";"0"
"E";"2017-01-26";"2017-01-27";"492.4263";"44.06";"-0.85";"186.51";"9618.5";"1117.6825";"12109.22";"20135.15";"0";"0"
"E";"2017-01-25";"2017-01-26";"501.9412";"44.91";"-0.86";"217.43";"9703.6";"1117.6825";"12108.63";"20137.32";"0";"0"
"E";"2017-01-24";"2017-01-25";"511.5243";"45.77";"-0.85";"198.38";"9700.2";"1117.6825";"12108.03";"20139.55";"0";"0"
"E";"2017-01-23";"2017-01-24";"521.0573";"46.62";"-0.88";"171.34";"9923.2";"1117.6825";"12107.43";"20141.79";"0";"0"
"E";"2017-01-22";"2017-01-23";"530.9036";"47.5";"-0.71";"226";"7978.6";"1117.6847";"12106.88";"20143.99";"0";"0"
"E";"2017-01-21";"2017-01-22";"538.8462";"48.2";"-0.68";"225.52";"8131.7";"1117.9886";"12106.29";"20146.16";"0";"0"
"E";"2017-01-20";"2017-01-21";"546.4829";"48.88";"-0.86";"211.84";"9748.5";"1117.9886";"12105.67";"20148.4";"0";"0"
"E";"2017-01-19";"2017-01-20";"556.0703";"49.74";"-0.92";"116.82";"10284.7";"1117.9886";"12105.09";"20150.55";"0";"0"
"E";"2017-01-18";"2017-01-19";"566.3216";"50.66";"-0.92";"158";"10377.9";"1117.9886";"12104.5";"20152.78";"0";"0"
"E";"2017-01-17";"2017-01-18";"576.6193";"51.58";"-0.91";"169.03";"10258.1";"1117.9886";"12103.94";"20154.95";"0";"0"
"E";"2017-01-16";"2017-01-17";"586.795";"52.49";"-0.82";"129";"9248.9";"1117.9886";"12103.37";"20157.15";"0";"0"
"E";"2017-01-15";"2017-01-16";"595.9212";"53.3";"-0.58";"486.47";"6868.4";"1118.0066";"12086.32";"20132.99";"0";"0"
"E";"2017-01-14";"2017-01-15";"602.4587";"53.89";"-0.58";"301.99";"6752.1";"1118.0066";"12085.76";"20134.81";"0";"0"
"E";"2017-01-13";"2017-01-14";"608.9287";"54.47";"-0.73";"225.03";"8128.3";"1118.0066";"12084.98";"20137.21";"0";"0"
"E";"2017-01-12";"2017-01-13";"617.1458";"55.2";"-0.7";"428.87";"7770.4";"1118.0067";"12074.18";"20123.37";"0";"0"
"E";"2017-01-11";"2017-01-12";"624.9438";"55.9";"-0.72";"445.05";"8492.5";"1118.0067";"12073.44";"20125.34";"0";"0"
"E";"2017-01-10";"2017-01-11";"632.9713";"56.62";"-0.75";"310.98";"8890";"1118.0067";"12072.82";"20127.1";"0";"0"
"E";"2017-01-09";"2017-01-10";"641.3126";"57.36";"-0.76";"391.28";"8993.4";"1118.0067";"12072.11";"20129.03";"0";"0"
"E";"2017-01-08";"2017-01-09";"649.771";"58.12";"-0.66";"577.48";"8108.8";"1118.0091";"12071.38";"20131.16";"0";"0"
"E";"2017-01-07";"2017-01-08";"657.1186";"58.78";"-0.67";"360.95";"8937.8";"1118.0091";"12070.61";"20133.26";"0";"0"
"E";"2017-01-06";"2017-01-07";"664.5927";"59.44";"-0.87";"163.52";"9855.4";"1118.0091";"12069.77";"20135.58";"0";"0"
"E";"2017-01-05";"2017-01-06";"674.2732";"60.31";"-0.83";"207.03";"9408.5";"1118.0091";"12068.9";"20137.96";"0";"0"
"E";"2017-01-04";"2017-01-05";"683.5769";"61.14";"-0.72";"137.44";"7845.9";"1118.0091";"12068.15";"20140.02";"0";"0"
"E";"2017-01-03";"2017-01-04";"691.6218";"61.86";"-0.71";"219.03";"8101.8";"1117.9908";"12078.73";"20158.06";"0";"0"
"E";"2017-01-02";"2017-01-03";"699.6153";"62.58";"-0.56";"282.56";"7375.7";"1117.9908";"12078.53";"20158.99";"0";"0"
"E";"2017-01-01";"2017-01-02";"705.9119";"63.14";"0";"688.54";"6283.7";"1117.9952";"11727.78";"19738.8";"0";"0"
"E";"2016-12-31";"2017-01-01";"709.7955";"63.46";"-0.47";"662.44";"6360.1";"1118.4343";"12002.33";"20088.06";"0";"0"
"E";"2016-12-30";"2016-12-31";"715.0768";"63.94";"-0.57";"545.95";"6849.7";"1118.4343";"12077.14";"20180.89";"0";"0"
"E";"2016-12-29";"2016-12-30";"721.4115";"64.5";"-0.56";"176.9";"6370.2";"1118.4343";"12076.46";"20183";"0";"0"
"E";"2016-12-28";"2016-12-29";"727.655";"65.06";"-0.5";"230.72";"5757.3";"1118.4343";"12075.67";"20185.11";"0";"0"
"E";"2016-12-27";"2016-12-28";"733.2551";"65.56";"-0.43";"338.12";"5101";"1118.4343";"12074.96";"20187.17";"0";"0"
"E";"2016-12-26";"2016-12-27";"738.0656";"65.99";"-0.22";"833.71";"3254.4";"1118.4343";"12074.52";"20188.43";"0";"0"
"E";"2016-12-25";"2016-12-26";"740.5248";"66.21";"-0.13";"1255.32";"2667.9";"1118.4367";"12074.34";"20189.01";"0";"0"
"E";"2016-12-24";"2016-12-25";"741.9235";"66.34";"-0.25";"871.15";"3659.8";"1118.4367";"12073.77";"20190.55";"0";"0"
"E";"2016-12-23";"2016-12-24";"744.7328";"66.59";"-0.48";"311.78";"5624.3";"1118.4367";"12073.02";"20192.58";"0";"0"
"E";"2016-12-22";"2016-12-23";"750.1083";"67.07";"-0.58";"177.31";"6586";"1118.4367";"12072.28";"20194.83";"0";"0"
"E";"2016-12-21";"2016-12-22";"756.6014";"67.65";"-0.64";"183.74";"7260.6";"1118.4367";"12071.39";"20197.45";"0";"0"
"E";"2016-12-20";"2016-12-21";"763.7579";"68.29";"-0.73";"108.63";"8173.7";"1118.4367";"12070.42";"20200.35";"0";"0"
"E";"2016-12-19";"2016-12-20";"771.8894";"69.02";"-0.68";"118.83";"7610.7";"1118.4367";"12069.53";"20202.97";"0";"0"
"E";"2016-12-18";"2016-12-19";"779.4415";"69.69";"-0.5";"253.1";"5770.3";"1118.4231";"12068.45";"20205.24";"0";"0"
"E";"2016-12-17";"2016-12-18";"785.004";"70.19";"-0.52";"253.15";"5989.5";"1118.4231";"12067.48";"20208.1";"0";"0"
"E";"2016-12-16";"2016-12-17";"790.8037";"70.71";"-0.62";"140.71";"7006.1";"1118.4231";"12066.74";"20210.37";"0";"0"
"E";"2016-12-15";"2016-12-16";"797.7123";"71.32";"-0.61";"112.76";"6838.7";"1118.4231";"12066.28";"20211.91";"0";"0"
"E";"2016-12-14";"2016-12-15";"804.5109";"71.93";"-0.58";"155.55";"6559.4";"1118.4231";"12066.34";"19685.48";"0";"0"
"E";"2016-12-13";"2016-12-14";"810.9873";"72.51";"-0.57";"265.16";"6628.8";"1118.4231";"12066.42";"19685.48";"0";"0"
"E";"2016-12-12";"2016-12-13";"817.4132";"73.09";"-0.57";"143.63";"6329.6";"1118.4231";"12066.48";"19685.48";"0";"0"
"E";"2016-12-11";"2016-12-12";"823.7441";"73.65";"-0.33";"506.39";"4193.9";"1118.4534";"12066.91";"19686.16";"0";"0"
"E";"2016-12-10";"2016-12-11";"827.4867";"73.98";"-0.35";"613.51";"4440";"1118.4534";"12066.88";"19897.98";"0";"0"
"E";"2016-12-09";"2016-12-10";"831.3842";"74.33";"-0.47";"342.25";"5561.6";"1118.4534";"12066.67";"19831.07";"0";"0"
"E";"2016-12-08";"2016-12-09";"836.6802";"74.81";"-0.53";"348.21";"6204.2";"1118.4534";"12066.08";"20215.12";"0";"0"
"E";"2016-12-07";"2016-12-08";"842.5888";"75.34";"-0.64";"216.46";"7349.8";"1118.4534";"12065.18";"20217.93";"0";"0"
"E";"2016-12-06";"2016-12-07";"849.7994";"75.98";"-0.74";"201.79";"8278.3";"1118.4534";"12064.28";"20220.76";"0";"0"
"E";"2016-12-05";"2016-12-06";"858.0548";"76.72";"-0.74";"156.21";"8382.3";"1118.4534";"12063.39";"20223.53";"0";"0"
"E";"2016-12-04";"2016-12-05";"866.3323";"77.46";"-0.55";"228.27";"6268";"1118.3972";"12061.74";"20224.98";"0";"0"
"E";"2016-12-03";"2016-12-04";"872.4322";"78.01";"-0.5";"326.56";"5869.2";"1118.3972";"12060.9";"20227.46";"0";"0"
"E";"2016-12-02";"2016-12-03";"878.0654";"78.51";"-0.58";"180.47";"6606.7";"1118.3972";"12060.14";"20229.55";"0";"0"
"E";"2016-12-01";"2016-12-02";"884.565";"79.09";"-0.57";"219.57";"7043";"1118.3972";"12059.21";"20232.11";"0";"0"
"E";"2016-11-30";"2016-12-01";"890.9916";"79.7";"-0.72";"239.7";"8151.2";"1117.9772";"12058.36";"20239.83";"0";"0"
"E";"2016-11-29";"2016-11-30";"899.0934";"80.42";"-0.72";"191.75";"8127.6";"1117.9772";"11986.91";"19934.24";"0";"0"
"E";"2016-11-28";"2016-11-29";"907.1047";"81.14";"-0.55";"160.02";"6246.4";"1117.9772";"11986.35";"19886.17";"0";"0"
"E";"2016-11-27";"2016-11-28";"913.2708";"81.69";"-0.27";"392.55";"3475.9";"1117.9917";"11986.01";"19906.91";"0";"0"
"E";"2016-11-26";"2016-11-27";"916.3128";"81.96";"-0.3";"346.78";"3613.4";"1117.9917";"12056.04";"20264.53";"0";"0"
"E";"2016-11-25";"2016-11-26";"919.654";"82.26";"-0.39";"190";"4491.8";"1117.9917";"12055.05";"20267.33";"0";"0"
"E";"2016-11-24";"2016-11-25";"923.9634";"82.64";"-0.31";"190.24";"3637";"1117.9917";"12054.21";"20269.62";"0";"0"
"E";"2016-11-23";"2016-11-24";"927.4222";"82.95";"-0.29";"169.6";"3365.7";"1117.9917";"12053.56";"20271.37";"0";"0"
"E";"2016-11-22";"2016-11-23";"930.6776";"83.25";"-0.23";"317.81";"2861.3";"1117.9917";"12053.22";"20272.3";"0";"0"
"E";"2016-11-21";"2016-11-22";"933.2489";"83.48";"-0.21";"486.42";"2871.2";"1117.9917";"12077.74";"20270.62";"0";"0"
"E";"2016-11-20";"2016-11-21";"935.6351";"83.69";"-0.17";"475.73";"2283.5";"1117.9923";"12077.3";"20271.91";"0";"0"
"E";"2016-11-19";"2016-11-20";"937.4978";"83.86";"-0.22";"277.96";"2710.9";"1117.9923";"12076.75";"20273.41";"0";"0"
"E";"2016-11-18";"2016-11-19";"939.9866";"84.08";"-0.32";"198.94";"3607.8";"1117.9923";"12076.04";"20275.31";"0";"0"
"E";"2016-11-17";"2016-11-18";"943.5208";"84.39";"-0.31";"372.83";"3884.1";"1117.9923";"12050.44";"20279.94";"0";"0"
"E";"2016-11-16";"2016-11-17";"947.0361";"84.71";"-0.33";"465.61";"4081.5";"1117.9923";"12049.99";"20281.28";"0";"0"
"E";"2016-11-15";"2016-11-16";"950.7648";"85.04";"-0.42";"421.49";"5080";"1117.9923";"12049.35";"20283.34";"0";"0"
"E";"2016-11-14";"2016-11-15";"955.498";"85.47";"-0.46";"441.81";"5664.4";"1117.9923";"12048.7";"20285.58";"0";"0"
"E";"2016-11-13";"2016-11-14";"960.6458";"85.93";"-0.33";"413.83";"4018.2";"1117.9804";"12073.13";"20153.35";"0";"0"
"E";"2016-11-12";"2016-11-13";"964.3459";"86.26";"-0.37";"314.64";"4034.7";"1117.9804";"12072.67";"20023.7";"0";"0"
"E";"2016-11-11";"2016-11-12";"968.4886";"86.63";"-0.38";"206.78";"4860.5";"1117.9804";"12072.17";"20024.64";"0";"0"
"E";"2016-11-10";"2016-11-11";"972.7042";"87.01";"-0.46";"296.04";"5245.5";"1117.9804";"12071.8";"19966.96";"0";"0"
"E";"2016-11-09";"2016-11-10";"977.8002";"87.46";"-0.5";"194.98";"5781.2";"1117.9804";"12071.1";"19956.52";"0";"0"
"E";"2016-11-08";"2016-11-09";"983.3784";"87.96";"-0.49";"176.72";"5632.1";"1117.9804";"12069.97";"20264.84";"0";"0"
"E";"2016-11-07";"2016-11-08";"988.8313";"88.45";"-0.41";"174.72";"4729.5";"1117.9804";"12043.99";"20297.48";"0";"0"
"E";"2016-11-06";"2016-11-07";"993.4216";"88.86";"-0.17";"351.47";"2240.6";"1117.962";"12043.2";"20298.68";"0";"0"
"E";"2016-11-05";"2016-11-06";"995.3164";"89.03";"-0.16";"386.61";"2214.6";"1117.962";"12042.68";"20300.19";"0";"0"
"E";"2016-11-04";"2016-11-05";"997.1363";"89.19";"-0.27";"316.68";"3291";"1117.962";"12041.88";"20302.46";"0";"0"
"E";"2016-11-03";"2016-11-04";"1000.1273";"89.46";"-0.31";"229.92";"3646.6";"1117.962";"12040.97";"20280.16";"0";"0"
"E";"2016-11-02";"2016-11-03";"1003.5473";"89.77";"-0.18";"291.05";"2242.8";"1117.962";"12040.67";"20281.24";"0";"0"
"E";"2016-11-01";"2016-11-02";"1005.5388";"89.94";"-0.07";"519.61";"1367.9";"1117.9527";"12055.53";"19949.79";"0";"0"
"E";"2016-10-31";"2016-11-01";"1006.3263";"90.21";"-0.11";"996.43";"1082.5";"1115.5134";"12055.35";"19958.43";"0";"0"
"E";"2016-10-30";"2016-10-31";"1007.5996";"90.13";"0.07";"1463.04";"714.1";"1117.9985";"12066.04";"19975.38";"0";"0"
"E";"2016-10-29";"2016-10-30";"1006.8642";"90";"0.08";"1613.2";"737.1";"1118.712";"12239.81";"20582.28";"0";"0"
"E";"2016-10-28";"2016-10-29";"1005.9931";"89.98";"-0.04";"808.93";"1196.1";"1117.9985";"12065.65";"20308.53";"0";"0"
"E";"2016-10-27";"2016-10-28";"1006.3861";"90.02";"-0.06";"813.63";"1511.5";"1117.9985";"12065.06";"20310.33";"0";"0"
"E";"2016-10-26";"2016-10-27";"1007.07";"90.08";"-0.06";"866.3";"1497.5";"1117.9985";"12064.48";"20312.14";"0";"0"
"E";"2016-10-25";"2016-10-26";"1007.7372";"90.14";"-0.08";"598.1";"1513.4";"1117.9985";"12063.79";"20314.09";"0";"0"
"E";"2016-10-24";"2016-10-25";"1008.6699";"90.22";"-0.1";"603.55";"1703.6";"1117.9985";"12063.18";"20315.85";"0";"0"
"E";"2016-10-23";"2016-10-24";"1009.7674";"90.33";"0";"1085.71";"1062";"1117.897";"12061.26";"20315.2";"0";"0"
"E";"2016-10-22";"2016-10-23";"1009.7702";"90.33";"-0.02";"912.85";"1119.8";"1117.897";"12060.73";"20316.75";"0";"0"
"E";"2016-10-21";"2016-10-22";"1010.0114";"90.35";"-0.09";"704.12";"1703.9";"1117.897";"12059.79";"20319.35";"0";"0"
"E";"2016-10-20";"2016-10-21";"1011.0053";"90.44";"-0.1";"661.57";"1739.8";"1117.897";"12058.84";"20321.95";"0";"0"
"E";"2016-10-19";"2016-10-20";"1012.1177";"90.54";"-0.06";"872.05";"1573.7";"1117.897";"12057.98";"20324.3";"0";"0"
"E";"2016-10-18";"2016-10-19";"1012.8399";"90.6";"-0.01";"1019.86";"1140.8";"1117.897";"12057.62";"20325.19";"0";"0"
"E";"2016-10-17";"2016-10-18";"1012.9866";"90.62";"0.03";"1125.12";"793.6";"1117.897";"12057.52";"20325.46";"0";"0"
"E";"2016-10-16";"2016-10-17";"1012.6588";"90.58";"0.16";"2176.75";"388";"1117.953";"12058.35";"20326.39";"0";"0"
"E";"2016-10-15";"2016-10-16";"1010.8325";"90.42";"0.1";"1640.1";"538.8";"1117.953";"12058.33";"20326.47";"0";"0"
"E";"2016-10-14";"2016-10-15";"1009.7145";"90.33";"-0.05";"729.7";"1204.6";"1117.863";"12058.16";"20326.97";"0";"0"
"E";"2016-10-13";"2016-10-14";"1010.221";"90.37";"-0.07";"606.1";"1317.6";"1117.863";"11698.23";"19702.72";"0";"0"
"E";"2016-10-12";"2016-10-13";"1010.9797";"90.44";"-0.1";"583.64";"1677.8";"1117.863";"11698.23";"19702.72";"0";"0"
"E";"2016-10-11";"2016-10-12";"1012.1144";"90.54";"-0.1";"688.54";"1738.7";"1117.863";"12057.29";"20329.39";"0";"0"
"E";"2016-10-10";"2016-10-11";"1013.1958";"90.64";"-0.02";"885.48";"1132.9";"1117.863";"12057.02";"20330.12";"0";"0"
"E";"2016-10-09";"2016-10-10";"1013.3834";"90.65";"0.08";"1464.13";"567.6";"1117.8969";"12057.49";"20332.09";"0";"0"
"E";"2016-10-08";"2016-10-09";"1012.4632";"90.57";"0.08";"1567.94";"639.9";"1117.8969";"12057.32";"20332.55";"0";"0"
"E";"2016-10-07";"2016-10-08";"1011.5209";"90.48";"-0.01";"1073.83";"1188.4";"1117.8969";"12057.05";"20333.2";"0";"0"
"E";"2016-10-06";"2016-10-07";"1011.611";"90.49";"0.02";"1298.14";"1034.6";"1117.8969";"12056.81";"20083.13";"0";"0"
"E";"2016-10-05";"2016-10-06";"1011.3351";"90.47";"0.12";"1361.58";"733";"1117.8965";"12056.69";"20083.41";"0";"0"
"E";"2016-10-04";"2016-10-05";"1010.0202";"90.35";"0.12";"1841.55";"531.3";"1117.8965";"12056.93";"20082.78";"0";"0"
"E";"2016-10-03";"2016-10-04";"1008.6681";"90.23";"0.13";"1895.36";"484";"1117.8965";"12236.07";"20082.26";"0";"0"
"E";"2016-10-02";"2016-10-03";"1007.2121";"90.1";"0.19";"2493.71";"367";"1117.8254";"12235.31";"20080.17";"0";"0"
"E";"2016-10-01";"2016-10-02";"1005.0492";"89.91";"0.42";"2595.85";"367.4";"1117.8254";"12235.85";"20078.65";"0";"0"
"E";"2016-09-30";"2016-10-01";"1000.3714";"89.81";"0.14";"2347.42";"358.1";"1113.8136";"12119.7";"19915.19";"0";"0"
"E";"2016-09-29";"2016-09-30";"998.8401";"89.68";"0.16";"2201.05";"481.3";"1113.8136";"12120.15";"19913.96";"0";"0"
"E";"2016-09-28";"2016-09-29";"997.1103";"89.52";"0.2";"2455.63";"317.7";"1113.8136";"12120.6";"19912.68";"0";"0"
"E";"2016-09-27";"2016-09-28";"994.8594";"89.32";"0.16";"2176.54";"421.5";"1113.8136";"12135.19";"19911.5";"0";"0"
"E";"2016-09-26";"2016-09-27";"993.1001";"89.16";"0.14";"2095.52";"518.4";"1113.8136";"12135.77";"19909.92";"0";"0"
"E";"2016-09-25";"2016-09-26";"991.5045";"89.02";"0.29";"3404.04";"212.8";"1113.8525";"12136.95";"19908.95";"0";"0"
"E";"2016-09-24";"2016-09-25";"988.2743";"88.73";"0.29";"3472.18";"275";"1113.8525";"12137.39";"19907.72";"0";"0"
"E";"2016-09-23";"2016-09-24";"985.0557";"88.44";"0.21";"2656.96";"352.4";"1113.8525";"12137.88";"19906.37";"0";"0"
"E";"2016-09-22";"2016-09-23";"982.7276";"88.23";"-0.09";"2177.18";"506.1";"1113.8525";"12138.26";"19905.34";"0";"0"
"E";"2016-09-21";"2016-09-22";"983.7371";"87.44";"0.21";"2700.41";"454.1";"1125.0897";"12138.74";"19884.02";"0";"0"
"E";"2016-09-20";"2016-09-21";"981.4004";"87.23";"0.16";"2374.43";"521.2";"1125.0897";"12139.17";"19882.81";"0";"0"
"E";"2016-09-19";"2016-09-20";"979.5685";"87.07";"0.16";"2379.97";"407.8";"1125.0897";"12139.66";"19881.42";"0";"0"
"E";"2016-09-18";"2016-09-19";"977.7199";"86.9";"0.27";"3237.35";"167.5";"1125.0617";"12139.89";"19879.26";"0";"0"
"E";"2016-09-17";"2016-09-18";"974.6493";"86.63";"0.25";"3101.97";"232.2";"1125.0617";"12140.24";"19878.26";"0";"0"
"E";"2016-09-16";"2016-09-17";"971.8035";"86.38";"0.18";"2605.77";"499.1";"1125.0173";"12140.3";"19878.13";"0";"0"
"E";"2016-09-15";"2016-09-16";"969.7234";"86.2";"0.18";"2477.8";"433.5";"1125.0173";"12140.29";"19878.16";"0";"0"
"E";"2016-09-14";"2016-09-15";"967.7168";"86.02";"0.17";"2452.32";"456";"1125.0173";"12140.38";"19877.91";"0";"0"
"E";"2016-09-13";"2016-09-14";"965.75";"85.84";"0.19";"2564.2";"402.8";"1125.0173";"12140.43";"19877.81";"0";"0"
"E";"2016-09-12";"2016-09-13";"963.6345";"85.66";"0.23";"2847.04";"356";"1125.0173";"12140.52";"19877.63";"0";"0"
"E";"2016-09-11";"2016-09-12";"961.0709";"85.43";"0.29";"3455.96";"159.4";"1124.9393";"12140.95";"19877.76";"0";"0"
"E";"2016-09-10";"2016-09-11";"957.8077";"85.14";"0.26";"3140.26";"154.6";"1124.9393";"12141.12";"19877.34";"0";"0"
"E";"2016-09-09";"2016-09-10";"954.8397";"84.88";"0.2";"2739.15";"431";"1124.9393";"12141.04";"19877.73";"0";"0"
"E";"2016-09-08";"2016-09-09";"952.6385";"84.68";"0.22";"2823.16";"534.5";"1124.9393";"12140.63";"19878.97";"0";"0"
"E";"2016-09-07";"2016-09-08";"950.2131";"84.44";"0.12";"2538.46";"689.8";"1125.2963";"12140.09";"19880.56";"0";"0"
"E";"2016-09-06";"2016-09-07";"948.8384";"84.32";"0.2";"2546.98";"741.5";"1125.2963";"12139.7";"19881.73";"0";"0"
"E";"2016-09-05";"2016-09-06";"946.5719";"84.14";"0.19";"2576.28";"510.5";"1124.9393";"12139.65";"19881.97";"0";"0"
"E";"2016-09-04";"2016-09-05";"944.4145";"83.92";"0.32";"3818.56";"182.1";"1125.4039";"12141.08";"19884.08";"0";"0"
"E";"2016-09-03";"2016-09-04";"940.7713";"83.59";"0.29";"3453.33";"205.1";"1125.4039";"12141.12";"19884.01";"0";"0"
"E";"2016-09-02";"2016-09-03";"937.4837";"83.3";"0.19";"2927.6";"691.4";"1125.4039";"12140.86";"19884.71";"0";"0"
"E";"2016-09-01";"2016-09-02";"935.362";"83.11";"0.1";"2739.95";"554.9";"1125.4039";"12141.05";"19884.22";"0";"0"
"E";"2016-08-31";"2016-09-01";"934.1849";"83.02";"0.17";"2766.18";"620.3";"1125.299";"12139.84";"19882.37";"0";"0"
"E";"2016-08-30";"2016-08-31";"932.256";"82.85";"0.22";"2991.49";"431.9";"1125.299";"12140.02";"19881.69";"0";"0"
"E";"2016-08-29";"2016-08-30";"929.7776";"82.62";"0.22";"3078.86";"499.4";"1125.299";"12140.19";"19880.96";"0";"0"
"E";"2016-08-28";"2016-08-29";"927.2845";"82.4";"0.34";"3960.23";"149.8";"1125.2802";"12139.93";"19880.41";"0";"0"
"E";"2016-08-27";"2016-08-28";"923.5061";"82.07";"0.28";"3530.02";"284";"1125.2802";"12139.8";"19880.46";"0";"0"
"E";"2016-08-26";"2016-08-27";"920.3041";"81.78";"0.26";"3315.08";"290.9";"1125.2802";"12139.07";"19882.11";"0";"0"
"E";"2016-08-25";"2016-08-26";"917.348";"81.52";"0.21";"3013.1";"665.8";"1125.2802";"12138.35";"19883.72";"0";"0"
"E";"2016-08-24";"2016-08-25";"915.0183";"81.31";"0.24";"3226.65";"579.4";"1125.2802";"12137.8";"19884.87";"0";"0"
"E";"2016-08-23";"2016-08-24";"912.3618";"81.08";"0.25";"3287.97";"722.8";"1125.2802";"12137.81";"19884.61";"0";"0"
"E";"2016-08-22";"2016-08-23";"909.5998";"80.83";"0.27";"3437.11";"286.6";"1125.2802";"12137.88";"19884.11";"0";"0"
"E";"2016-08-21";"2016-08-22";"906.5416";"80.56";"0.37";"4400.59";"123.4";"1125.2957";"12138.55";"19882.97";"0";"0"
"E";"2016-08-20";"2016-08-21";"902.4012";"80.19";"0.41";"4716";"152.9";"1125.2957";"12138.99";"19881.58";"0";"0"
"E";"2016-08-19";"2016-08-20";"897.7935";"79.78";"0.38";"4425.02";"219.1";"1125.2957";"12138.71";"19882.06";"0";"0"
"E";"2016-08-18";"2016-08-19";"893.5544";"79.41";"0.29";"3813.4";"543.9";"1125.2957";"12138.14";"19883.29";"0";"0"
"E";"2016-08-17";"2016-08-18";"890.2787";"79.12";"0.28";"3863.13";"751.5";"1125.2957";"12137.49";"19884.72";"0";"0"
"E";"2016-08-16";"2016-08-17";"887.1735";"78.84";"0.28";"3870.81";"730.5";"1125.2957";"12136.93";"19885.89";"0";"0"
"E";"2016-08-15";"2016-08-16";"883.9872";"78.56";"0.34";"4044.6";"240.8";"1125.2957";"12136.43";"19886.95";"0";"0"
"E";"2016-08-14";"2016-08-15";"880.2026";"78.22";"0.39";"4383.48";"222.9";"1125.2853";"12135.82";"19887.71";"0";"0"
"E";"2016-08-13";"2016-08-14";"875.8323";"77.83";"0.4";"4770.93";"264.4";"1125.2853";"12135.34";"19888.71";"0";"0"
"E";"2016-08-12";"2016-08-13";"871.2972";"77.43";"0.35";"4372.96";"411";"1125.2853";"12134.83";"19889.76";"0";"0"
"E";"2016-08-11";"2016-08-12";"867.3484";"77.08";"0.3";"3971.46";"552.2";"1125.2853";"12134.26";"19891.01";"0";"0"
"E";"2016-08-10";"2016-08-11";"863.9244";"76.77";"0.29";"3939.76";"643.7";"1125.2853";"12133.69";"19892.29";"0";"0"
"E";"2016-08-09";"2016-08-10";"860.6274";"76.48";"0.3";"3958.89";"659.2";"1125.2853";"12133.79";"19891.73";"0";"0"
"E";"2016-08-08";"2016-08-09";"857.2967";"76.18";"0.4";"4625.78";"137.8";"1125.2853";"12134.39";"19889.9";"0";"0"
"E";"2016-08-07";"2016-08-08";"852.7664";"75.79";"0.47";"5448.73";"44.6";"1125.1818";"12133.67";"19885.84";"0";"0"
"E";"2016-08-06";"2016-08-07";"847.43";"75.31";"0.45";"5001.38";"61.3";"1125.1818";"12134.3";"19883.94";"0";"0"
"E";"2016-08-05";"2016-08-06";"842.3549";"74.86";"0.37";"4452.35";"320.7";"1125.1818";"12134.74";"19882.5";"0";"0"
"E";"2016-08-04";"2016-08-05";"838.1648";"74.49";"0.38";"4519.4";"281";"1125.1818";"12135.23";"19880.95";"0";"0"
"E";"2016-08-03";"2016-08-04";"833.9084";"74.11";"0.39";"4556.54";"173.8";"1125.1818";"12135.69";"19879.46";"0";"0"
"E";"2016-08-02";"2016-08-03";"829.4648";"73.72";"0.36";"4238.22";"246";"1125.1818";"12136.08";"19878.15";"0";"0"
"E";"2016-08-01";"2016-08-02";"825.4621";"73.36";"0.38";"4341.98";"219.4";"1125.1818";"12136.44";"19876.9";"0";"0"
"E";"2016-07-31";"2016-08-01";"821.1947";"73.06";"0.48";"5402.45";"162.3";"1124.0588";"12136.46";"19874.7";"0";"0"
"E";"2016-07-30";"2016-07-31";"815.7526";"72.57";"0.44";"5126.18";"160.3";"1124.0588";"12136.87";"19873.36";"0";"0"
"E";"2016-07-29";"2016-07-30";"810.7638";"72.13";"0.39";"4574.52";"196.2";"1124.0588";"12137.26";"19872.06";"0";"0"
"E";"2016-07-28";"2016-07-29";"806.3454";"71.74";"0.35";"4199.36";"256.5";"1124.0588";"12137.63";"19870.79";"0";"0"
"E";"2016-07-27";"2016-07-28";"802.3901";"71.38";"0.35";"4053.97";"209.4";"1124.0588";"12137.97";"19869.63";"0";"0"
"E";"2016-07-26";"2016-07-27";"798.4682";"71.03";"0.36";"4179.01";"196.7";"1124.0588";"12138.48";"19868.01";"0";"0"
"E";"2016-07-25";"2016-07-26";"794.4008";"70.67";"0.38";"4467.59";"134.3";"1124.0588";"12139.29";"19865.62";"0";"0"
"E";"2016-07-24";"2016-07-25";"790.0778";"70.29";"0.49";"5664.79";"82.4";"1124.022";"12139.67";"19862.42";"0";"0"
"E";"2016-07-23";"2016-07-24";"784.5611";"69.8";"0.51";"5454.87";"75.1";"1124.022";"12140.26";"19860.6";"0";"0"
"E";"2016-07-22";"2016-07-23";"778.8681";"69.29";"0.41";"4705.49";"66.7";"1124.022";"12140.79";"19858.92";"0";"0"
"E";"2016-07-21";"2016-07-22";"774.2153";"68.88";"0.38";"4583.79";"202.9";"1124.022";"12141.49";"19856.83";"0";"0"
"E";"2016-07-20";"2016-07-21";"769.9901";"68.5";"0.4";"4411.32";"79.5";"1124.022";"12142.21";"19854.68";"0";"0"
"E";"2016-07-19";"2016-07-20";"765.5075";"68.1";"0.42";"4568.16";"134.1";"1124.022";"12142.92";"19852.58";"0";"0"
"E";"2016-07-18";"2016-07-19";"760.802";"67.69";"0.41";"4726.15";"120.9";"1124.022";"12143.71";"19850.27";"0";"0"
"E";"2016-07-17";"2016-07-18";"756.1549";"67.27";"0.51";"5669.14";"20.8";"1124.1027";"12145.62";"19849.46";"0";"0"
"E";"2016-07-16";"2016-07-17";"750.3848";"66.75";"0.49";"5567.88";"24.1";"1124.1027";"12146.41";"19847.16";"0";"0"
"E";"2016-07-15";"2016-07-16";"744.8558";"66.26";"0.45";"4935.94";"55.5";"1124.1027";"12146.96";"19845.49";"0";"0"
"E";"2016-07-14";"2016-07-15";"739.8153";"65.81";"0.4";"4567.4";"81.6";"1124.1027";"12147.31";"19844.36";"0";"0"
"E";"2016-07-13";"2016-07-14";"735.3021";"65.41";"0.38";"4387.77";"196.3";"1124.1027";"12147.68";"19843.16";"0";"0"
"E";"2016-07-12";"2016-07-13";"731.0184";"65.03";"0.36";"4351.34";"279.3";"1124.1027";"12148.13";"19841.15";"0";"0"
"E";"2016-07-11";"2016-07-12";"726.9435";"64.67";"0.33";"4818.2";"64.6";"1124.1027";"12148.85";"19839";"0";"0"
"E";"2016-07-10";"2016-07-11";"723.2823";"64.34";"0.51";"5732.09";"22.4";"1124.1238";"12149.83";"19837.19";"0";"0"
"E";"2016-07-09";"2016-07-10";"717.5053";"63.83";"0.52";"5763.02";"33.7";"1124.1238";"12150.32";"19835.65";"0";"0"
"E";"2016-07-08";"2016-07-09";"711.6807";"63.31";"0.42";"4733.32";"116.8";"1124.1238";"12150.8";"19834.14";"0";"0"
"E";"2016-07-07";"2016-07-08";"706.963";"62.89";"0.36";"4284.68";"257.9";"1124.1238";"12151.14";"19833.02";"0";"0"
"E";"2016-07-06";"2016-07-07";"702.902";"62.53";"0.37";"4250.19";"222.5";"1124.1238";"12151.53";"19831.88";"0";"0"
"E";"2016-07-05";"2016-07-06";"698.7929";"62.16";"0.4";"4599.04";"110";"1124.1238";"12152.1";"19830.15";"0";"0"
"E";"2016-07-04";"2016-07-05";"694.324";"61.77";"0.35";"4541.79";"166";"1124.1238";"12088.77";"19828.75";"0";"0"
"E";"2016-07-03";"2016-07-04";"690.38";"61.42";"0.55";"5678.87";"46.1";"1124.1022";"12142.97";"19826.58";"0";"0"
"E";"2016-07-02";"2016-07-03";"684.2001";"60.87";"0.5";"5622.49";"61.1";"1124.1022";"12143.44";"19825.09";"0";"0"
"E";"2016-07-01";"2016-07-02";"678.5855";"60.37";"0.39";"4646.36";"211.1";"1124.1022";"12144.06";"19823.25";"0";"0"
"E";"2016-06-30";"2016-07-01";"674.1502";"60.03";"0.34";"4246.8";"372.6";"1123.0116";"12124.2";"19806.81";"0";"0"
"E";"2016-06-29";"2016-06-30";"670.2825";"59.69";"0.36";"4252.76";"259.2";"1123.0116";"12124.61";"19805.5";"0";"0"
"E";"2016-06-28";"2016-06-29";"666.1938";"59.32";"0.37";"4195.8";"153.2";"1123.0116";"12125.21";"19803.67";"0";"0"
"E";"2016-06-27";"2016-06-28";"662.0339";"58.95";"0.42";"4648.6";"112.4";"1123.0116";"12125.96";"19801.46";"0";"0"
"E";"2016-06-26";"2016-06-27";"657.3682";"58.53";"0.49";"5564.58";"50.5";"1123.108";"12128.08";"19799.37";"0";"0"
"E";"2016-06-25";"2016-06-26";"651.8649";"58.04";"0.5";"5562.21";"32.7";"1123.108";"12128.92";"19796.93";"0";"0"
"E";"2016-06-24";"2016-06-25";"646.2667";"57.54";"0.42";"4788.53";"67.8";"1123.108";"12129.59";"19794.9";"0";"0"
"E";"2016-06-23";"2016-06-24";"641.5299";"57.12";"0.4";"4411.55";"59.6";"1123.108";"12130.31";"19792.78";"0";"0"
"E";"2016-06-22";"2016-06-23";"637.0389";"56.72";"0.41";"4527.14";"71.8";"1123.108";"12131.06";"19790.54";"0";"0"
"E";"2016-06-21";"2016-06-22";"632.4838";"56.32";"0.4";"4456.38";"63";"1123.108";"12131.83";"19788.29";"0";"0"
"E";"2016-06-20";"2016-06-21";"627.999";"55.92";"0.43";"4709.88";"75";"1123.108";"12132.64";"19785.95";"0";"0"
"E";"2016-06-19";"2016-06-20";"623.1341";"55.49";"0.45";"5177.04";"27.6";"1123.026";"12132.34";"19783.61";"0";"0"
"E";"2016-06-18";"2016-06-19";"618.0354";"55.03";"0.51";"5515.72";"49.3";"1123.026";"12132.82";"19782.13";"0";"0"
"E";"2016-06-17";"2016-06-18";"612.3268";"54.52";"0.39";"4449.72";"79.1";"1123.026";"12133.18";"19781.01";"0";"0"
"E";"2016-06-16";"2016-06-17";"607.9286";"54.13";"0.34";"3955.43";"114";"1123.026";"12133.54";"19779.85";"0";"0"
"E";"2016-06-15";"2016-06-16";"604.0776";"53.79";"0.36";"4136.64";"52";"1123.026";"12133.86";"19778.83";"0";"0"
"E";"2016-06-14";"2016-06-15";"600.0096";"53.43";"0.33";"3803.83";"90.3";"1123.026";"12134.36";"19777.43";"0";"0"
"E";"2016-06-13";"2016-06-14";"596.2655";"53.09";"0.36";"3993.87";"64";"1123.026";"12134.72";"19776.27";"0";"0"
"E";"2016-06-12";"2016-06-13";"592.1867";"52.73";"0.42";"4607.53";"20.9";"1123.0217";"12134.9";"19775.27";"0";"0"
"E";"2016-06-11";"2016-06-12";"587.4218";"52.31";"0.41";"4615.54";"36.1";"1123.0217";"12135.07";"19774.57";"0";"0"
"E";"2016-06-10";"2016-06-11";"582.8013";"51.9";"0.33";"3962.17";"306.2";"1123.0217";"12134.88";"19774.82";"0";"0"
"E";"2016-06-09";"2016-06-10";"579.0865";"51.57";"0.12";"3758.95";"351.5";"1123.0217";"12134.93";"19774.45";"0";"0"
"E";"2016-06-08";"2016-06-09";"577.7019";"51.44";"0.48";"3541.65";"232.8";"1123.1329";"12134.77";"19774.66";"0";"0"
"E";"2016-06-07";"2016-06-08";"572.3325";"50.96";"0.29";"3370.54";"148.6";"1123.0217";"11845.88";"19627.09";"0";"0"
"E";"2016-06-06";"2016-06-07";"569.0646";"50.67";"0.29";"3450.17";"245.8";"1123.0217";"11955.78";"19774.27";"0";"0"
"E";"2016-06-05";"2016-06-06";"565.8026";"50.38";"0.38";"4196.55";"45.8";"1123.023";"11955.89";"19773.78";"0";"0"
"E";"2016-06-04";"2016-06-05";"561.5896";"50.01";"0.36";"3987.88";"75.7";"1123.023";"11955.94";"19773.44";"0";"0"
"E";"2016-06-03";"2016-06-04";"557.6004";"49.65";"0.27";"3355.41";"367.5";"1123.023";"11955.7";"19773.91";"0";"0"
"E";"2016-06-02";"2016-06-03";"554.6";"49.38";"0.22";"3293.62";"648.6";"1123.023";"11955.55";"19774.15";"0";"0"
"E";"2016-06-01";"2016-06-02";"552.1333";"49.16";"0.59";"2764.34";"643.6";"1123.023";"11955.54";"19773.93";"0";"0"
"E";"2016-05-31";"2016-06-01";"545.4728";"48.58";"0.41";"3085.48";"981.5";"1122.8587";"11955.29";"19883.22";"0";"0"
"E";"2016-05-30";"2016-05-31";"540.8848";"48.1";"-0.31";"3620.7";"452.4";"1124.5521";"11987.05";"19958.09";"0";"0"
"E";"2016-05-29";"2016-05-30";"544.3948";"48.41";"0.38";"4370.02";"108.1";"1124.5498";"11987.38";"19956.93";"0";"0"
"E";"2016-05-28";"2016-05-29";"540.0868";"48.03";"0.37";"4240.75";"133.2";"1124.5498";"11987.7";"19955.94";"0";"0"
"E";"2016-05-27";"2016-05-28";"535.9302";"47.66";"0.36";"4330.79";"407.8";"1124.5498";"11988.3";"19954.21";"0";"0"
"E";"2016-05-26";"2016-05-27";"531.9371";"47.3";"0.36";"4422.84";"389.6";"1124.5498";"11989.03";"19952.2";"0";"0"
"E";"2016-05-25";"2016-05-26";"527.8443";"46.94";"0.31";"3960.9";"475.4";"1124.5498";"11989.56";"19950.74";"0";"0"
"E";"2016-05-24";"2016-05-25";"524.3117";"46.62";"0.3";"3850.43";"472.2";"1124.5498";"11990.09";"19949.29";"0";"0"
"E";"2016-05-23";"2016-05-24";"520.9039";"46.32";"0.34";"4159.31";"311.6";"1124.5498";"11990.79";"19947.27";"0";"0"
"E";"2016-05-22";"2016-05-23";"517.035";"45.97";"0.46";"5175.08";"109";"1124.6575";"11992.97";"19945.38";"0";"0"
"E";"2016-05-21";"2016-05-22";"511.8772";"45.51";"0.44";"5050.54";"97.1";"1124.6575";"11993.46";"19943.88";"0";"0"
"E";"2016-05-20";"2016-05-21";"506.8727";"45.07";"0.36";"4148.1";"138.5";"1124.6575";"11993.84";"19942.76";"0";"0"
"E";"2016-05-19";"2016-05-20";"502.8251";"44.71";"0.31";"3618.49";"192.7";"1124.6575";"11994.13";"19941.89";"0";"0"
"E";"2016-05-18";"2016-05-19";"499.3437";"44.4";"0.29";"3558.89";"270.2";"1124.6575";"11994.39";"19941.14";"0";"0"
"E";"2016-05-17";"2016-05-18";"496.044";"44.11";"0.26";"3225.91";"261.3";"1124.6575";"11992.89";"19940.38";"0";"0"
"E";"2016-05-16";"2016-05-17";"493.1048";"43.84";"0.31";"3530.16";"179.7";"1124.6575";"11993.17";"19939.56";"0";"0"
"E";"2016-05-15";"2016-05-16";"489.6143";"43.53";"0.35";"4142";"93.1";"1124.7424";"11994.6";"19938.71";"0";"0"
"E";"2016-05-14";"2016-05-15";"485.6445";"43.18";"0.4";"4458.56";"157";"1124.7424";"11995.02";"19937.52";"0";"0"
"E";"2016-05-13";"2016-05-14";"481.1163";"42.78";"0.38";"4314.19";"152.4";"1124.7424";"11995.26";"19936.81";"0";"0"
"E";"2016-05-12";"2016-05-13";"476.8794";"42.4";"0.37";"4256.97";"117.2";"1124.7424";"11931.55";"19935.09";"0";"0"
"E";"2016-05-11";"2016-05-12";"472.6936";"42.04";"0.37";"4277.43";"135.4";"1124.3557";"11962.22";"19885.56";"0";"0"
"E";"2016-05-10";"2016-05-11";"468.5278";"41.67";"0.38";"4317.5";"108.9";"1124.3557";"11963.01";"19883.38";"0";"0"
"E";"2016-05-09";"2016-05-10";"464.2287";"41.29";"0.39";"4456.09";"95.3";"1124.3557";"11963.78";"19881.24";"0";"0"
"E";"2016-05-08";"2016-05-09";"459.7948";"40.89";"0.44";"5038.31";"85.9";"1124.3703";"11964.77";"19878.99";"0";"0"
"E";"2016-05-07";"2016-05-08";"454.794";"40.45";"0.46";"5038.04";"77";"1124.3703";"11965.52";"19876.9";"0";"0"
"E";"2016-05-06";"2016-05-07";"449.6704";"39.99";"0.38";"4437.28";"161.8";"1124.3703";"11966.01";"19875.51";"0";"0"
"E";"2016-05-05";"2016-05-06";"445.4335";"39.62";"0.37";"4052.85";"161.4";"1124.3884";"11966.39";"19874.4";"0";"0"
"E";"2016-05-04";"2016-05-05";"441.2937";"39.25";"0.26";"3286.9";"175.5";"1124.3884";"11966.63";"19873.69";"0";"0"
"E";"2016-05-03";"2016-05-04";"438.3253";"38.98";"0.24";"2842.42";"308.7";"1124.3884";"11967.6";"19882.61";"0";"0"
"E";"2016-05-02";"2016-05-03";"435.6602";"38.75";"0.18";"2335.08";"319.4";"1124.3839";"11967.63";"19882.52";"0";"0"
"E";"2016-05-01";"2016-05-02";"433.5989";"38.56";"0.2";"2854.8";"268.4";"1124.3664";"11967.95";"19881.19";"0";"0"
"E";"2016-04-30";"2016-05-01";"431.3707";"38.37";"0.04";"1914.15";"325.9";"1124.3258";"11960.49";"19874.4";"0";"0"
"E";"2016-04-29";"2016-04-30";"430.942";"38.25";"-0.01";"969.18";"1003.1";"1126.6703";"11920.64";"19521.32";"0";"0"
"E";"2016-04-28";"2016-04-29";"431.0171";"38.26";"-0.07";"734.15";"1517.8";"1126.6703";"11920.28";"19522.49";"0";"0"
"E";"2016-04-27";"2016-04-28";"431.7696";"38.32";"-0.08";"718";"1628.9";"1126.6703";"11919.76";"19524.09";"0";"0"
"E";"2016-04-26";"2016-04-27";"432.662";"38.4";"-0.07";"824.52";"1741.9";"1126.6703";"11919.27";"19525.47";"0";"0"
"E";"2016-04-25";"2016-04-26";"433.4981";"38.75";"0.03";"1476.65";"1158.6";"1118.7471";"11919.37";"19525.3";"0";"0"
"E";"2016-04-24";"2016-04-25";"433.1346";"38.72";"0.16";"2360.86";"553.7";"1118.6545";"11918.66";"19524.74";"0";"0"
"E";"2016-04-23";"2016-04-24";"431.3369";"38.56";"0.2";"2571.33";"335.8";"1118.6545";"11919.09";"19523.68";"0";"0"
"E";"2016-04-22";"2016-04-23";"429.127";"38.36";"0.18";"2309.46";"402.9";"1118.6545";"11919.27";"19523.27";"0";"0"
"E";"2016-04-21";"2016-04-22";"427.1348";"38.18";"0.17";"2080.49";"308.8";"1118.6545";"11919.26";"19523.34";"0";"0"
"E";"2016-04-20";"2016-04-21";"425.2212";"38.01";"0.16";"2338.72";"493";"1118.6545";"11919.19";"19523.59";"0";"0"
"E";"2016-04-19";"2016-04-20";"423.4452";"37.85";"0.14";"2072.29";"569.9";"1118.6545";"11918.87";"19524.52";"0";"0"
"E";"2016-04-18";"2016-04-19";"421.9048";"37.72";"0.1";"1817.62";"793.2";"1118.6545";"11918.98";"19524.33";"0";"0"
"E";"2016-04-17";"2016-04-18";"420.8072";"37.62";"0.18";"2358.56";"307.4";"1118.5446";"11917.62";"19524.11";"0";"0"
"E";"2016-04-16";"2016-04-17";"418.762";"37.44";"0.2";"2649.63";"441.6";"1118.5446";"11917.56";"19524.28";"0";"0"
"E";"2016-04-15";"2016-04-16";"416.5295";"37.24";"0.14";"2187.24";"480";"1118.5446";"11769.7";"19273.14";"0";"0"
"E";"2016-04-14";"2016-04-15";"414.9853";"37.1";"0.11";"1906.65";"667.8";"1118.5446";"11917.71";"19523.92";"0";"0"
"E";"2016-04-13";"2016-04-14";"413.7197";"36.99";"0.12";"1974.48";"543.6";"1118.5446";"11917.59";"19524.25";"0";"0"
"E";"2016-04-12";"2016-04-13";"412.4066";"36.87";"0.14";"2097.73";"364.7";"1118.5446";"11918.06";"19522.97";"0";"0"
"E";"2016-04-11";"2016-04-12";"410.8118";"36.73";"0.15";"2249.42";"599.7";"1118.5446";"11935.28";"19556.56";"0";"0"
"E";"2016-04-10";"2016-04-11";"409.154";"36.58";"0.21";"2562.94";"273.2";"1118.5956";"11936.77";"19554.46";"0";"0"
"E";"2016-04-09";"2016-04-10";"406.836";"36.37";"0.14";"2180.03";"575.6";"1118.5956";"11937.02";"19553.85";"0";"0"
"E";"2016-04-08";"2016-04-09";"405.2365";"36.23";"0.05";"1483.73";"846.4";"1118.5956";"11936.86";"19554.41";"0";"0"
"E";"2016-04-07";"2016-04-08";"404.6569";"36.18";"0.39";"1651.12";"616.6";"1118.5956";"11937.25";"19553.4";"0";"0"
"C";"2016-04-06";"2016-04-07";"400.2986";"35.95";"1.85";"1532.89";"319.5";"1113.3605";"11519.46";"19325.77";"0";"0"
"C";"2016-04-05";"2016-04-06";"379.6558";"35.32";"-0.1";"1447.85";"244.1";"1074.9036";"10525.63";"18309.26";"0";"0"
"C";"2016-04-04";"2016-04-05";"380.7566";"35.39";"0.15";"1666.65";"322.1";"1075.9369";"10625.71";"18491.68";"0";"0"
"C";"2016-04-03";"2016-04-04";"379.1614";"35.24";"0.21";"2646.95";"332.6";"1075.9369";"10626.36";"18587.56";"0";"0"
"C";"2016-04-02";"2016-04-03";"376.8538";"35.02";"0.14";"2078.46";"549.7";"1076.0459";"10627.71";"18589.31";"0";"0"
"C";"2016-04-01";"2016-04-02";"375.3802";"34.89";"0.23";"1167.34";"965.3";"1076.0458";"10627.03";"18591.36";"0";"0"
"C";"2016-03-31";"2016-04-01";"372.8915";"35.2";"-0.03";"685.37";"1807.8";"1059.3096";"10203.05";"18111.69";"0";"0"
"C";"2016-03-30";"2016-03-31";"373.2089";"35.46";"-0.1";"670.94";"1717";"1052.3688";"10179.66";"18095.92";"0";"0"
"C";"2016-03-29";"2016-03-30";"374.2323";"35.56";"-0.11";"434.92";"1633.2";"1052.2541";"10178.21";"18094.38";"0";"0"
"C";"2016-03-28";"2016-03-29";"375.4261";"35.68";"-0.04";"751.8";"1184.2";"1052.2468";"10177.91";"18094.89";"0";"0"
"C";"2016-03-27";"2016-03-28";"375.8386";"35.72";"0";"902.16";"943.8";"1052.2003";"10177.45";"18093.92";"0";"0"
"C";"2016-03-26";"2016-03-27";"375.87";"35.74";"-0.03";"888.36";"1233.1";"1051.5802";"10149.86";"18064.8";"0";"0"
"C";"2016-03-25";"2016-03-26";"376.218";"35.75";"-0.13";"643.49";"1947.5";"1052.2712";"10177.54";"18097.27";"0";"0"
"C";"2016-03-24";"2016-03-25";"377.567";"35.88";"-0.2";"280.35";"2377.6";"1052.3732";"10178.12";"18100.8";"0";"0"
"C";"2016-03-23";"2016-03-24";"379.7046";"36.08";"-0.23";"251.31";"2638.8";"1052.3694";"10177.65";"18102.07";"0";"0"
"C";"2016-03-22";"2016-03-23";"382.1479";"36.31";"-0.22";"326.57";"2647.9";"1052.371";"10137.34";"18064.22";"0";"0"
"C";"2016-03-21";"2016-03-22";"384.5092";"36.54";"-0.27";"243.51";"3016.1";"1052.372";"10176.35";"18098.66";"0";"0"
"C";"2016-03-20";"2016-03-21";"387.3176";"36.8";"-0.15";"399.49";"1935.4";"1052.3742";"10175.79";"18100.46";"0";"0"
"C";"2016-03-19";"2016-03-20";"388.8619";"36.95";"-0.17";"388.93";"2134.6";"1052.373";"10175.13";"18102.16";"0";"0"
"C";"2016-03-18";"2016-03-19";"390.6276";"37.12";"-0.29";"246.72";"3246.2";"1052.3712";"10174.23";"18111.99";"0";"0"
"C";"2016-03-17";"2016-03-18";"393.7031";"37.41";"-0.35";"189.94";"3824.9";"1052.372";"10173.43";"18106.88";"0";"0"
"C";"2016-03-16";"2016-03-17";"397.3565";"37.76";"-0.41";"98.49";"4328.6";"1052.3723";"10172.66";"18116.57";"0";"0"
"C";"2016-03-15";"2016-03-16";"401.6247";"38.16";"-0.39";"160.56";"4146.2";"1052.3738";"10171.81";"18119.12";"0";"0"
"C";"2016-03-14";"2016-03-15";"405.7409";"38.56";"-0.35";"153.43";"3745.7";"1052.3684";"10171.01";"18121.21";"0";"0"
"C";"2016-03-13";"2016-03-14";"409.3961";"38.9";"-0.24";"244.89";"2746.6";"1052.3681";"10170.41";"18123.01";"0";"0"
"C";"2016-03-12";"2016-03-13";"411.8917";"39.14";"-0.24";"387.57";"2914.5";"1052.3685";"10169.75";"18124.96";"0";"0"
"C";"2016-03-11";"2016-03-12";"414.4054";"39.38";"-0.39";"143.29";"4161";"1052.3691";"10168.86";"18127.57";"0";"0"
"C";"2016-03-10";"2016-03-11";"418.4794";"39.77";"-0.41";"106.33";"4381.2";"1052.3681";"10121.01";"18130.02";"0";"0"
"C";"2016-03-09";"2016-03-10";"422.834";"40.18";"-0.44";"115.64";"4553.3";"1052.37";"10120.28";"18124.89";"0";"0"
"C";"2016-03-08";"2016-03-09";"427.4956";"40.62";"-0.47";"105.99";"4903";"1052.3684";"10119.47";"18127.23";"0";"0"
"C";"2016-03-07";"2016-03-08";"432.4649";"41.09";"-0.48";"120.39";"4950";"1052.3703";"10118.69";"18129.66";"0";"0"
"C";"2016-03-06";"2016-03-07";"437.5491";"41.58";"-0.32";"180.34";"3417.7";"1052.3698";"10164.92";"18131.9";"0";"0"
"C";"2016-03-05";"2016-03-06";"440.9573";"41.9";"-0.33";"307.56";"3564.1";"1052.3693";"10164.11";"18134.21";"0";"0"
"C";"2016-03-04";"2016-03-05";"444.4444";"42.23";"-0.44";"127.95";"4508.2";"1052.3693";"10163.18";"18136.86";"0";"0"
"C";"2016-03-03";"2016-03-04";"449.1048";"42.68";"-0.44";"144.25";"4578.6";"1052.3707";"10162.36";"18146.77";"0";"0"
"C";"2016-03-02";"2016-03-03";"453.7146";"43.11";"-0.36";"181.26";"3723.2";"1052.3716";"10161.56";"18166.62";"0";"0"
"C";"2016-03-01";"2016-03-02";"457.503";"43.47";"-0.45";"74.63";"4750.7";"1052.3699";"10101.13";"18109.48";"0";"0"
"C";"2016-02-29";"2016-03-01";"462.2769";"43.94";"-0.43";"65.08";"4599.9";"1052.1377";"10160.17";"18180.24";"0";"0"
"C";"2016-02-28";"2016-02-29";"466.8509";"44.37";"-0.3";"203.13";"3340.3";"1052.1373";"10159.65";"18181.88";"0";"0"
"C";"2016-02-27";"2016-02-28";"470.0273";"44.67";"-0.32";"235.52";"3546.9";"1052.1392";"10159.31";"18183.25";"0";"0"
"C";"2016-02-26";"2016-02-27";"473.419";"45";"-0.45";"146.73";"4765.6";"1052.1375";"10158.48";"18185.75";"0";"0"
"C";"2016-02-25";"2016-02-26";"478.1171";"45.44";"-0.46";"89.33";"4809.7";"1052.1361";"10110.57";"18188.4";"0";"0"
"C";"2016-02-24";"2016-02-25";"482.9079";"45.9";"-0.38";"105.87";"4023.6";"1052.1349";"10109.67";"18190.96";"0";"0"
"C";"2016-02-23";"2016-02-24";"486.9263";"46.28";"-0.31";"149.13";"3339.1";"1052.1369";"10109";"18192.96";"0";"0"
"C";"2016-02-22";"2016-02-23";"490.1923";"46.59";"-0.25";"379.52";"2977.9";"1052.1405";"10108.54";"18194.4";"0";"0"
"C";"2016-02-21";"2016-02-22";"492.8527";"46.84";"-0.17";"726.91";"2475.8";"1052.1392";"10108.2";"18170.42";"0";"0"
"C";"2016-02-20";"2016-02-21";"494.664";"47.02";"-0.26";"458.11";"3169.1";"1052.1392";"10107.79";"18103.35";"0";"0"
"C";"2016-02-19";"2016-02-20";"497.4426";"47.28";"-0.43";"92.39";"4566.4";"1052.1388";"10107.01";"18086.02";"0";"0"
"C";"2016-02-18";"2016-02-19";"501.9994";"47.71";"-0.52";"62.24";"5455.8";"1052.1392";"10106.2";"18108.06";"0";"0"
"C";"2016-02-17";"2016-02-18";"507.4746";"48.23";"-0.54";"97.94";"5739.9";"1052.1392";"10105.37";"18144.09";"0";"0"
"C";"2016-02-16";"2016-02-17";"513.1848";"48.78";"-0.51";"117.02";"5442.7";"1052.1375";"10104.47";"18206.26";"0";"0"
"C";"2016-02-15";"2016-02-16";"518.5801";"49.29";"-0.45";"53.47";"4650.3";"1052.1389";"10103.81";"18208.36";"0";"0"
"C";"2016-02-14";"2016-02-15";"523.2846";"49.74";"-0.27";"146.53";"2951.7";"1052.1387";"10103.39";"18209.66";"0";"0"
"C";"2016-02-13";"2016-02-14";"526.1739";"50.01";"-0.29";"104";"3104";"1052.1393";"10102.94";"18211.04";"0";"0"
"C";"2016-02-12";"2016-02-13";"529.2635";"50.3";"-0.4";"134.31";"4309.7";"1052.1391";"10102.24";"18213.04";"0";"0"
"C";"2016-02-11";"2016-02-12";"533.4996";"50.71";"-0.43";"171.29";"4608.3";"1052.1385";"10101.51";"18215.11";"0";"0"
"C";"2016-02-10";"2016-02-11";"537.9834";"51.13";"-0.39";"174.45";"4263.3";"1052.1377";"10101.03";"18216.48";"0";"0"
"C";"2016-02-09";"2016-02-10";"542.1195";"51.53";"-0.35";"150.95";"3811.3";"1052.1373";"10100.54";"18217.79";"0";"0"
"C";"2016-02-08";"2016-02-09";"545.8064";"51.88";"-0.33";"91.21";"3449.4";"1052.1371";"10100.29";"18218.45";"0";"0"
"C";"2016-02-07";"2016-02-08";"549.2526";"52.2";"-0.24";"224.11";"2661.3";"1052.1366";"10100.32";"18218.38";"0";"0"
"C";"2016-02-06";"2016-02-07";"551.7449";"52.44";"-0.25";"213.83";"2851.1";"1052.137";"10100.33";"17680.53";"0";"0"
"C";"2016-02-05";"2016-02-06";"554.4105";"52.69";"-0.38";"136.3";"4065.2";"1052.1372";"10100.33";"17680.54";"0";"0"
"C";"2016-02-04";"2016-02-05";"558.3861";"53.07";"-0.43";"104.62";"4639.1";"1052.1351";"10100.11";"18219.04";"0";"0"
"C";"2016-02-03";"2016-02-04";"562.9269";"53.5";"-0.42";"83.18";"4474.7";"1052.1381";"10099.73";"18220.27";"0";"0"
"C";"2016-02-02";"2016-02-03";"567.3748";"53.69";"-0.33";"204.7";"3760.7";"1056.7376";"10329.54";"18549.48";"0";"0"
"C";"2016-02-01";"2016-02-02";"570.8862";"54.02";"-0.3";"265.08";"3526.1";"1056.7368";"10329.48";"18557.69";"0";"0"
"C";"2016-01-31";"2016-02-01";"574.067";"54.32";"-0.25";"262.93";"3144";"1056.7378";"10329.33";"18558.19";"0";"0"
"C";"2016-01-30";"2016-01-31";"576.74";"54.58";"-0.3";"249.75";"3370.7";"1056.7374";"10329.24";"18558.43";"0";"0"
"C";"2016-01-29";"2016-01-30";"579.872";"54.87";"-0.37";"211.73";"4081.3";"1056.7373";"10328.91";"18559.34";"0";"0"
"C";"2016-01-28";"2016-01-29";"583.747";"55.24";"-0.4";"211.22";"4385.5";"1056.7369";"10328.55";"18560.3";"0";"0"
"C";"2016-01-27";"2016-01-28";"587.9296";"55.64";"-0.4";"250.46";"4501.4";"1056.7365";"10328.25";"18561.07";"0";"0"
"C";"2016-01-26";"2016-01-27";"592.1937";"56.04";"-0.41";"222.68";"4532.3";"1056.737";"10328.12";"18561.5";"0";"0"
"C";"2016-01-25";"2016-01-26";"596.4901";"56.45";"-0.46";"189.85";"4967.3";"1056.7393";"10328.02";"18561.98";"0";"0"
"C";"2016-01-24";"2016-01-25";"601.3032";"56.9";"-0.44";"271.88";"4937.5";"1056.7412";"10327.77";"18562.91";"0";"0"
"C";"2016-01-23";"2016-01-24";"605.9615";"57.34";"-0.55";"117.17";"5858.6";"1056.7393";"10327.5";"18563.77";"0";"0"
"C";"2016-01-22";"2016-01-23";"611.7414";"57.89";"-0.75";"116.09";"7969.1";"1056.7382";"10327.05";"18565.33";"0";"0"
"C";"2016-01-21";"2016-01-22";"619.6736";"58.64";"-0.82";"117.1";"8659";"1056.7382";"10326.7";"18566.66";"0";"0"
"C";"2016-01-20";"2016-01-21";"628.3153";"59.46";"-0.82";"105.29";"8755.8";"1056.7379";"10325.95";"18568.94";"0";"0"
"C";"2016-01-19";"2016-01-20";"637.026";"60.28";"-0.85";"63.73";"8977.9";"1056.735";"10325.18";"18571.12";"0";"0"
"C";"2016-01-18";"2016-01-19";"646.0016";"61.13";"-0.85";"70.97";"8957.1";"1056.7354";"10324.42";"18573.46";"0";"0"
"C";"2016-01-17";"2016-01-18";"654.9383";"61.98";"-0.58";"55.31";"6168.8";"1056.7365";"10265.6";"18575.39";"0";"0"
"C";"2016-01-16";"2016-01-17";"661.101";"62.56";"-0.54";"77.62";"5800.5";"1056.737";"10131.92";"18484.38";"0";"0"
"C";"2016-01-15";"2016-01-16";"666.8229";"63.1";"-0.61";"125.19";"6612.4";"1056.7335";"10131.28";"18340.38";"0";"0"
"C";"2016-01-14";"2016-01-15";"673.3167";"63.72";"-0.58";"148.21";"6287.4";"1056.7321";"10130.53";"18342.44";"0";"0"
"C";"2016-01-13";"2016-01-14";"679.4528";"64.3";"-0.48";"119.88";"5174.7";"1056.7284";"10129.78";"18344.45";"0";"0"
"C";"2016-01-12";"2016-01-13";"684.4986";"64.77";"-0.41";"294.02";"4646.9";"1056.7345";"10129.29";"18346.24";"0";"0"
"C";"2016-01-11";"2016-01-12";"688.8635";"65.19";"-0.45";"189.2";"4944.2";"1056.7347";"10128.58";"18348.3";"0";"0"
"C";"2016-01-10";"2016-01-11";"693.6128";"65.64";"-0.32";"273.31";"3685.4";"1056.7336";"10128.31";"18349.14";"0";"0"
"C";"2016-01-09";"2016-01-10";"697.0117";"65.96";"-0.37";"240.8";"4163.9";"1056.7334";"10127.76";"18350.78";"0";"0"
"C";"2016-01-08";"2016-01-09";"700.9214";"66.33";"-0.5";"150.79";"5430.3";"1056.7291";"10127.07";"18352.45";"0";"0"
"C";"2016-01-07";"2016-01-08";"706.1936";"66.83";"-0.54";"172.85";"5884.2";"1056.7207";"10126.22";"18354.31";"0";"0"
"C";"2016-01-06";"2016-01-07";"711.9094";"67.37";"-0.52";"164.69";"5690.8";"1056.7288";"10125.5";"18356.59";"0";"0"
"C";"2016-01-05";"2016-01-06";"717.4433";"67.89";"-0.57";"159.59";"6205.9";"1056.7214";"10124.4";"18359.13";"0";"0"
"C";"2016-01-04";"2016-01-05";"723.4694";"68.46";"-0.57";"126.06";"6058";"1056.7243";"10123.77";"18360.94";"0";"0"
"C";"2016-01-03";"2016-01-04";"729.5001";"69.04";"-0.4";"289.85";"4571.8";"1056.6937";"10123.48";"18360.25";"0";"0"
"C";"2016-01-02";"2016-01-03";"733.7315";"69.44";"-0.36";"347.99";"4097.7";"1056.5999";"10122.25";"18416.34";"0";"0"
"C";"2016-01-01";"2016-01-02";"737.4929";"69.8";"0";"408.92";"3444.2";"1056.5914";"10122.09";"18482.38";"0";"0"